<?xml version="1.0" encoding="UTF-8"?>
<osm version="0.6" generator="openstreetmap-cgimap 2.1.0 (149189 spike-07.openstreetmap.org)" copyright="OpenStreetMap and contributors" attribution="http://www.openstreetmap.org/copyright" license="http://opendatacommons.org/licenses/odbl/1-0/">
 <bounds minlat="-22.8473100" minlon="-43.1186800" maxlat="-22.8276100" maxlon="-43.0973900"/>
 <node id="97337594" visible="true" version="4" changeset="88663750" timestamp="2020-07-29T08:15:35Z" user="ExmouthPlateau" uid="10653073" lat="-22.8409529" lon="-43.0971551"/>
 <node id="97337651" visible="true" version="5" changeset="88661160" timestamp="2020-07-29T07:36:00Z" user="ExmouthPlateau" uid="10653073" lat="-22.8289687" lon="-43.1028172"/>
 <node id="97338058" visible="true" version="6" changeset="124455324" timestamp="2022-08-03T22:30:37Z" user="Fidelis Assis" uid="1675654" lat="-22.8223297" lon="-43.0879152"/>
 <node id="97338983" visible="true" version="4" changeset="85721206" timestamp="2020-05-25T14:24:20Z" user="Osmapas" uid="11034208" lat="-22.8226652" lon="-43.0941285"/>
 <node id="97339206" visible="true" version="34" changeset="88778346" timestamp="2020-07-31T11:03:18Z" user="ExmouthPlateau" uid="10653073" lat="-22.8507907" lon="-43.1004006"/>
 <node id="97340100" visible="true" version="37" changeset="88778346" timestamp="2020-07-31T11:03:18Z" user="ExmouthPlateau" uid="10653073" lat="-22.8546044" lon="-43.1026603"/>
 <node id="97340577" visible="true" version="4" changeset="12763130" timestamp="2012-08-17T14:29:25Z" user="Skippern" uid="31385" lat="-22.8430511" lon="-43.0984315"/>
 <node id="97340978" visible="true" version="6" changeset="124455324" timestamp="2022-08-03T22:30:37Z" user="Fidelis Assis" uid="1675654" lat="-22.8212796" lon="-43.0850267"/>
 <node id="97341313" visible="true" version="4" changeset="87167607" timestamp="2020-06-26T04:35:27Z" user="Wynwood" uid="9625546" lat="-22.8224076" lon="-43.0938050"/>
 <node id="97341402" visible="true" version="5" changeset="88663750" timestamp="2020-07-29T08:15:35Z" user="ExmouthPlateau" uid="10653073" lat="-22.8270367" lon="-43.0957107"/>
 <node id="97341584" visible="true" version="4" changeset="88664209" timestamp="2020-07-29T08:22:45Z" user="ExmouthPlateau" uid="10653073" lat="-22.8343306" lon="-43.1146538"/>
 <node id="97342964" visible="true" version="38" changeset="88778346" timestamp="2020-07-31T11:03:18Z" user="ExmouthPlateau" uid="10653073" lat="-22.8548096" lon="-43.1030117"/>
 <node id="97343033" visible="true" version="6" changeset="88714080" timestamp="2020-07-30T06:46:15Z" user="ExmouthPlateau" uid="10653073" lat="-22.8237450" lon="-43.0907017"/>
 <node id="97343259" visible="true" version="4" changeset="12763130" timestamp="2012-08-17T14:29:34Z" user="Skippern" uid="31385" lat="-22.8435775" lon="-43.1006437"/>
 <node id="97343272" visible="true" version="6" changeset="88661160" timestamp="2020-07-29T07:36:00Z" user="ExmouthPlateau" uid="10653073" lat="-22.8261430" lon="-43.1012052"/>
 <node id="97343749" visible="true" version="5" changeset="88661678" timestamp="2020-07-29T07:43:48Z" user="ExmouthPlateau" uid="10653073" lat="-22.8299093" lon="-43.0973616"/>
 <node id="97343780" visible="true" version="4" changeset="87167607" timestamp="2020-06-26T04:35:27Z" user="Wynwood" uid="9625546" lat="-22.8237463" lon="-43.0965073"/>
 <node id="97345676" visible="true" version="4" changeset="87167607" timestamp="2020-06-26T04:35:27Z" user="Wynwood" uid="9625546" lat="-22.8280490" lon="-43.1021628"/>
 <node id="97346045" visible="true" version="7" changeset="87167607" timestamp="2020-06-26T04:35:27Z" user="Wynwood" uid="9625546" lat="-22.8230256" lon="-43.0952024"/>
 <node id="97346117" visible="true" version="5" changeset="88661678" timestamp="2020-07-29T07:43:48Z" user="ExmouthPlateau" uid="10653073" lat="-22.8307677" lon="-43.0984238"/>
 <node id="97346246" visible="true" version="4" changeset="88664209" timestamp="2020-07-29T08:22:45Z" user="ExmouthPlateau" uid="10653073" lat="-22.8334357" lon="-43.1152090"/>
 <node id="97346718" visible="true" version="5" changeset="41555094" timestamp="2016-08-19T12:22:15Z" user="ThiagoPv" uid="502691" lat="-22.8464920" lon="-43.1080078"/>
 <node id="97347021" visible="true" version="3" changeset="88664209" timestamp="2020-07-29T08:22:45Z" user="ExmouthPlateau" uid="10653073" lat="-22.8312356" lon="-43.1085089"/>
 <node id="97347066" visible="true" version="4" changeset="87167607" timestamp="2020-06-26T04:35:27Z" user="Wynwood" uid="9625546" lat="-22.8258921" lon="-43.0976285"/>
 <node id="97348550" visible="true" version="6" changeset="88663750" timestamp="2020-07-29T08:15:35Z" user="ExmouthPlateau" uid="10653073" lat="-22.8317071" lon="-43.0975279"/>
 <node id="97348642" visible="true" version="4" changeset="12763130" timestamp="2012-08-17T14:29:46Z" user="Skippern" uid="31385" lat="-22.8449860" lon="-43.1023359"/>
 <node id="97348747" visible="true" version="5" changeset="88709408" timestamp="2020-07-30T05:20:12Z" user="ExmouthPlateau" uid="10653073" lat="-22.8255658" lon="-43.0945212"/>
 <node id="97349409" visible="true" version="6" changeset="88663750" timestamp="2020-07-29T08:15:35Z" user="ExmouthPlateau" uid="10653073" lat="-22.8375874" lon="-43.0975628"/>
 <node id="97349495" visible="true" version="7" changeset="87167607" timestamp="2020-06-26T04:35:27Z" user="Wynwood" uid="9625546" lat="-22.8202518" lon="-43.0964470"/>
 <node id="97349673" visible="true" version="5" changeset="87167607" timestamp="2020-06-26T04:35:27Z" user="Wynwood" uid="9625546" lat="-22.8246217" lon="-43.0965452"/>
 <node id="97350869" visible="true" version="32" changeset="10357671" timestamp="2012-01-11T05:23:12Z" user="Geaquinto" uid="481662" lat="-22.8494740" lon="-43.1041357"/>
 <node id="97351329" visible="true" version="5" changeset="88663750" timestamp="2020-07-29T08:15:35Z" user="ExmouthPlateau" uid="10653073" lat="-22.8330216" lon="-43.0968171"/>
 <node id="97351855" visible="true" version="4" changeset="10357671" timestamp="2012-01-11T05:23:10Z" user="Geaquinto" uid="481662" lat="-22.8388394" lon="-43.0978765"/>
 <node id="97352119" visible="true" version="6" changeset="88661160" timestamp="2020-07-29T07:36:00Z" user="ExmouthPlateau" uid="10653073" lat="-22.8228081" lon="-43.0977264"/>
 <node id="97352561" visible="true" version="4" changeset="87167607" timestamp="2020-06-26T04:35:27Z" user="Wynwood" uid="9625546" lat="-22.8295731" lon="-43.1041952"/>
 <node id="97353278" visible="true" version="33" changeset="12763130" timestamp="2012-08-17T14:30:00Z" user="Skippern" uid="31385" lat="-22.8507421" lon="-43.1021215"/>
 <node id="97353837" visible="true" version="5" changeset="88661678" timestamp="2020-07-29T07:43:48Z" user="ExmouthPlateau" uid="10653073" lat="-22.8338250" lon="-43.0958971"/>
 <node id="97354158" visible="true" version="5" changeset="41555094" timestamp="2016-08-19T12:22:15Z" user="ThiagoPv" uid="502691" lat="-22.8479704" lon="-43.1064250"/>
 <node id="97354514" visible="true" version="5" changeset="87167607" timestamp="2020-06-26T04:35:27Z" user="Wynwood" uid="9625546" lat="-22.8219836" lon="-43.0932458"/>
 <node id="97354596" visible="true" version="4" changeset="88664209" timestamp="2020-07-29T08:22:45Z" user="ExmouthPlateau" uid="10653073" lat="-22.8339919" lon="-43.1056604"/>
 <node id="97354936" visible="true" version="4" changeset="87167607" timestamp="2020-06-26T04:35:27Z" user="Wynwood" uid="9625546" lat="-22.8277054" lon="-43.1003335"/>
 <node id="97356145" visible="true" version="34" changeset="88778346" timestamp="2020-07-31T11:03:18Z" user="ExmouthPlateau" uid="10653073" lat="-22.8498465" lon="-43.1004274"/>
 <node id="97356315" visible="true" version="4" changeset="87167607" timestamp="2020-06-26T04:35:27Z" user="Wynwood" uid="9625546" lat="-22.8193593" lon="-43.0950120"/>
 <node id="97356699" visible="true" version="5" changeset="88661678" timestamp="2020-07-29T07:43:48Z" user="ExmouthPlateau" uid="10653073" lat="-22.8358311" lon="-43.0965959"/>
 <node id="97357039" visible="true" version="5" changeset="23909802" timestamp="2014-07-03T22:32:30Z" user="Nighto" uid="12293" lat="-22.8457276" lon="-43.1039695"/>
 <node id="97357080" visible="true" version="6" changeset="88663750" timestamp="2020-07-29T08:15:35Z" user="ExmouthPlateau" uid="10653073" lat="-22.8395847" lon="-43.0961251"/>
 <node id="97357246" visible="true" version="4" changeset="87167607" timestamp="2020-06-26T04:35:27Z" user="Wynwood" uid="9625546" lat="-22.8292233" lon="-43.1014895"/>
 <node id="97357275" visible="true" version="8" changeset="88664209" timestamp="2020-07-29T08:22:45Z" user="ExmouthPlateau" uid="10653073" lat="-22.8401483" lon="-43.1076734"/>
 <node id="97357526" visible="true" version="5" changeset="88663750" timestamp="2020-07-29T08:15:35Z" user="ExmouthPlateau" uid="10653073" lat="-22.8267821" lon="-43.0955404"/>
 <node id="97357606" visible="true" version="4" changeset="70463168" timestamp="2019-05-21T05:03:36Z" user="Sturm br" uid="604619" lat="-22.8346381" lon="-43.1130998"/>
 <node id="97358007" visible="true" version="5" changeset="87167607" timestamp="2020-06-26T04:35:27Z" user="Wynwood" uid="9625546" lat="-22.8225411" lon="-43.0939552"/>
 <node id="97358056" visible="true" version="37" changeset="88778346" timestamp="2020-07-31T11:03:18Z" user="ExmouthPlateau" uid="10653073" lat="-22.8532154" lon="-43.1016693"/>
 <node id="97395885" visible="true" version="5" changeset="88663750" timestamp="2020-07-29T08:15:35Z" user="ExmouthPlateau" uid="10653073" lat="-22.8401977" lon="-43.0964966"/>
 <node id="97396431" visible="true" version="4" changeset="87167607" timestamp="2020-06-26T04:35:27Z" user="Wynwood" uid="9625546" lat="-22.8281183" lon="-43.1023157"/>
 <node id="97396471" visible="true" version="5" changeset="88714080" timestamp="2020-07-30T06:46:15Z" user="ExmouthPlateau" uid="10653073" lat="-22.8222975" lon="-43.0895095"/>
 <node id="97396866" visible="true" version="4" changeset="88661678" timestamp="2020-07-29T07:43:48Z" user="ExmouthPlateau" uid="10653073" lat="-22.8282777" lon="-43.0968641"/>
 <node id="97397125" visible="true" version="5" changeset="87167607" timestamp="2020-06-26T04:35:27Z" user="Wynwood" uid="9625546" lat="-22.8223062" lon="-43.0936441"/>
 <node id="97398258" visible="true" version="3" changeset="87167607" timestamp="2020-06-26T04:35:27Z" user="Wynwood" uid="9625546" lat="-22.8294161" lon="-43.1041288"/>
 <node id="97398410" visible="true" version="9" changeset="124455324" timestamp="2022-08-03T22:30:37Z" user="Fidelis Assis" uid="1675654" lat="-22.8206516" lon="-43.0869816"/>
 <node id="97398619" visible="true" version="9" changeset="88663750" timestamp="2020-07-29T08:15:35Z" user="ExmouthPlateau" uid="10653073" lat="-22.8421443" lon="-43.0972061"/>
 <node id="97398971" visible="true" version="3" changeset="13541166" timestamp="2012-10-18T08:43:23Z" user="Skippern" uid="31385" lat="-22.8231352" lon="-43.0960914"/>
 <node id="97399145" visible="true" version="5" changeset="88661678" timestamp="2020-07-29T07:43:48Z" user="ExmouthPlateau" uid="10653073" lat="-22.8303110" lon="-43.0974367"/>
 <node id="97399523" visible="true" version="3" changeset="41555094" timestamp="2016-08-19T12:22:15Z" user="ThiagoPv" uid="502691" lat="-22.8474058" lon="-43.1083610"/>
 <node id="97400227" visible="true" version="38" changeset="88778346" timestamp="2020-07-31T11:03:18Z" user="ExmouthPlateau" uid="10653073" lat="-22.8547750" lon="-43.1029876"/>
 <node id="97400391" visible="true" version="6" changeset="88709408" timestamp="2020-07-30T05:20:12Z" user="ExmouthPlateau" uid="10653073" lat="-22.8247697" lon="-43.0920482"/>
 <node id="97400499" visible="true" version="5" changeset="87167607" timestamp="2020-06-26T04:35:27Z" user="Wynwood" uid="9625546" lat="-22.8249317" lon="-43.1010175"/>
 <node id="97400550" visible="true" version="4" changeset="12763130" timestamp="2012-08-17T14:30:31Z" user="Skippern" uid="31385" lat="-22.8428394" lon="-43.0993418"/>
 <node id="97400882" visible="true" version="3" changeset="88664209" timestamp="2020-07-29T08:22:45Z" user="ExmouthPlateau" uid="10653073" lat="-22.8320415" lon="-43.1141549"/>
 <node id="97401061" visible="true" version="5" changeset="88661678" timestamp="2020-07-29T07:43:48Z" user="ExmouthPlateau" uid="10653073" lat="-22.8307912" lon="-43.0984204"/>
 <node id="97401256" visible="true" version="5" changeset="87167607" timestamp="2020-06-26T04:35:27Z" user="Wynwood" uid="9625546" lat="-22.8230355" lon="-43.0949825"/>
 <node id="97401304" visible="true" version="4" changeset="12763130" timestamp="2012-08-17T14:30:36Z" user="Skippern" uid="31385" lat="-22.8438396" lon="-43.1008473"/>
 <node id="97402064" visible="true" version="39" changeset="141918621" timestamp="2023-09-29T15:22:36Z" user="Fidelis Assis" uid="1675654" lat="-22.8549588" lon="-43.1027069"/>
 <node id="97402097" visible="true" version="4" changeset="41555094" timestamp="2016-08-19T12:22:15Z" user="ThiagoPv" uid="502691" lat="-22.8468776" lon="-43.1076476"/>
 <node id="97402255" visible="true" version="4" changeset="88709408" timestamp="2020-07-30T05:20:12Z" user="ExmouthPlateau" uid="10653073" lat="-22.8232444" lon="-43.0902444"/>
 <node id="97402644" visible="true" version="4" changeset="87167607" timestamp="2020-06-26T04:35:27Z" user="Wynwood" uid="9625546" lat="-22.8269316" lon="-43.1014654"/>
 <node id="97403109" visible="true" version="5" changeset="88663750" timestamp="2020-07-29T08:15:35Z" user="ExmouthPlateau" uid="10653073" lat="-22.8324314" lon="-43.0967782"/>
 <node id="97403672" visible="true" version="6" changeset="88661160" timestamp="2020-07-29T07:36:00Z" user="ExmouthPlateau" uid="10653073" lat="-22.8207091" lon="-43.0966669"/>
 <node id="97403782" visible="true" version="5" changeset="88663750" timestamp="2020-07-29T08:15:35Z" user="ExmouthPlateau" uid="10653073" lat="-22.8379823" lon="-43.0978974"/>
 <node id="97403816" visible="true" version="3" changeset="88664209" timestamp="2020-07-29T08:22:45Z" user="ExmouthPlateau" uid="10653073" lat="-22.8305483" lon="-43.1109738"/>
 <node id="97403850" visible="true" version="5" changeset="87167607" timestamp="2020-06-26T04:35:27Z" user="Wynwood" uid="9625546" lat="-22.8272654" lon="-43.0997595"/>
 <node id="97404395" visible="true" version="33" changeset="12763130" timestamp="2012-08-17T14:30:49Z" user="Skippern" uid="31385" lat="-22.8487246" lon="-43.1034843"/>
 <node id="97405042" visible="true" version="6" changeset="88663750" timestamp="2020-07-29T08:15:35Z" user="ExmouthPlateau" uid="10653073" lat="-22.8341093" lon="-43.0972463"/>
 <node id="97405653" visible="true" version="5" changeset="87167607" timestamp="2020-06-26T04:35:27Z" user="Wynwood" uid="9625546" lat="-22.8231554" lon="-43.0987550"/>
 <node id="97405758" visible="true" version="3" changeset="70463168" timestamp="2019-05-21T05:03:36Z" user="Sturm br" uid="604619" lat="-22.8334988" lon="-43.1065501"/>
 <node id="97405861" visible="true" version="5" changeset="88661160" timestamp="2020-07-29T07:36:00Z" user="ExmouthPlateau" uid="10653073" lat="-22.8252802" lon="-43.0973536"/>
 <node id="97406742" visible="true" version="33" changeset="12763130" timestamp="2012-08-17T14:30:58Z" user="Skippern" uid="31385" lat="-22.8489753" lon="-43.1038404"/>
 <node id="97407052" visible="true" version="4" changeset="87167607" timestamp="2020-06-26T04:35:27Z" user="Wynwood" uid="9625546" lat="-22.8202443" lon="-43.0937795"/>
 <node id="97407419" visible="true" version="6" changeset="88663750" timestamp="2020-07-29T08:15:35Z" user="ExmouthPlateau" uid="10653073" lat="-22.8358471" lon="-43.0951984"/>
 <node id="97407452" visible="true" version="6" changeset="88663750" timestamp="2020-07-29T08:15:35Z" user="ExmouthPlateau" uid="10653073" lat="-22.8398004" lon="-43.0975185"/>
 <node id="97407531" visible="true" version="5" changeset="41555094" timestamp="2016-08-19T12:22:15Z" user="ThiagoPv" uid="502691" lat="-22.8481916" lon="-43.1056520"/>
 <node id="97408652" visible="true" version="33" changeset="12763130" timestamp="2012-08-17T14:31:07Z" user="Skippern" uid="31385" lat="-22.8509935" lon="-43.1039104"/>
 <node id="97409099" visible="true" version="6" changeset="88661678" timestamp="2020-07-29T07:43:48Z" user="ExmouthPlateau" uid="10653073" lat="-22.8376986" lon="-43.0956115"/>
 <node id="97409438" visible="true" version="4" changeset="12763130" timestamp="2012-08-17T14:31:09Z" user="Skippern" uid="31385" lat="-22.8400687" lon="-43.0962778"/>
 <node id="97409518" visible="true" version="6" changeset="87167607" timestamp="2020-06-26T04:35:27Z" user="Wynwood" uid="9625546" lat="-22.8196015" lon="-43.0960661"/>
 <node id="97409567" visible="true" version="3" changeset="87167607" timestamp="2020-06-26T04:35:27Z" user="Wynwood" uid="9625546" lat="-22.8281158" lon="-43.1007680"/>
 <node id="97409581" visible="true" version="3" changeset="88664209" timestamp="2020-07-29T08:22:45Z" user="ExmouthPlateau" uid="10653073" lat="-22.8371832" lon="-43.1057677"/>
 <node id="97410103" visible="true" version="4" changeset="88661160" timestamp="2020-07-29T07:36:00Z" user="ExmouthPlateau" uid="10653073" lat="-22.8297783" lon="-43.1022982"/>
 <node id="97410204" visible="true" version="33" changeset="12763130" timestamp="2012-08-17T14:31:14Z" user="Skippern" uid="31385" lat="-22.8500233" lon="-43.1010113"/>
 <node id="147436833" visible="true" version="5" changeset="88661678" timestamp="2020-07-29T07:43:48Z" user="ExmouthPlateau" uid="10653073" lat="-22.8363811" lon="-43.0952454"/>
 <node id="148178410" visible="true" version="6" changeset="88664209" timestamp="2020-07-29T08:22:45Z" user="ExmouthPlateau" uid="10653073" lat="-22.8364491" lon="-43.1113788"/>
 <node id="148178412" visible="true" version="6" changeset="88664209" timestamp="2020-07-29T08:22:45Z" user="ExmouthPlateau" uid="10653073" lat="-22.8402459" lon="-43.1090453"/>
 <node id="148178483" visible="true" version="5" changeset="88664209" timestamp="2020-07-29T08:22:45Z" user="ExmouthPlateau" uid="10653073" lat="-22.8319821" lon="-43.1130177"/>
 <node id="148178657" visible="true" version="4" changeset="88664209" timestamp="2020-07-29T08:22:45Z" user="ExmouthPlateau" uid="10653073" lat="-22.8350549" lon="-43.1047779"/>
 <node id="148182940" visible="true" version="4" changeset="41555094" timestamp="2016-08-19T12:22:15Z" user="ThiagoPv" uid="502691" lat="-22.8483605" lon="-43.1059905"/>
 <node id="148182942" visible="true" version="4" changeset="41555094" timestamp="2016-08-19T12:22:15Z" user="ThiagoPv" uid="502691" lat="-22.8479892" lon="-43.1048095"/>
 <node id="148182944" visible="true" version="4" changeset="41555094" timestamp="2016-08-19T12:22:15Z" user="ThiagoPv" uid="502691" lat="-22.8465358" lon="-43.1035551"/>
 <node id="148182945" visible="true" version="3" changeset="23909802" timestamp="2014-07-03T22:32:30Z" user="Nighto" uid="12293" lat="-22.8461876" lon="-43.1057257"/>
 <node id="148183588" visible="true" version="3" changeset="41555094" timestamp="2016-08-19T12:22:15Z" user="ThiagoPv" uid="502691" lat="-22.8470976" lon="-43.1084408"/>
 <node id="162960253" visible="true" version="24" changeset="90169337" timestamp="2020-08-31T06:09:55Z" user="EigerMt" uid="10653264" lat="-22.8518430" lon="-43.1004039"/>
 <node id="164191462" visible="true" version="23" changeset="90169337" timestamp="2020-08-31T06:09:55Z" user="EigerMt" uid="10653264" lat="-22.8513672" lon="-43.1001920"/>
 <node id="164191464" visible="true" version="23" changeset="90169337" timestamp="2020-08-31T06:09:55Z" user="EigerMt" uid="10653264" lat="-22.8505589" lon="-43.0999553"/>
 <node id="164191465" visible="true" version="22" changeset="90169337" timestamp="2020-08-31T06:09:55Z" user="EigerMt" uid="10653264" lat="-22.8496308" lon="-43.0998065"/>
 <node id="164191467" visible="true" version="22" changeset="90169337" timestamp="2020-08-31T06:09:55Z" user="EigerMt" uid="10653264" lat="-22.8487459" lon="-43.0997119"/>
 <node id="164191468" visible="true" version="22" changeset="90169337" timestamp="2020-08-31T06:09:55Z" user="EigerMt" uid="10653264" lat="-22.8480285" lon="-43.0995684"/>
 <node id="164191469" visible="true" version="22" changeset="90169337" timestamp="2020-08-31T06:09:55Z" user="EigerMt" uid="10653264" lat="-22.8470274" lon="-43.0991896"/>
 <node id="164191470" visible="true" version="21" changeset="3368254" timestamp="2009-12-13T23:04:18Z" user="Nighto" uid="12293" lat="-22.8432688" lon="-43.0972229"/>
 <node id="164201027" visible="true" version="6" changeset="88714080" timestamp="2020-07-30T06:46:15Z" user="ExmouthPlateau" uid="10653073" lat="-22.8205540" lon="-43.0827449"/>
 <node id="164201028" visible="true" version="7" changeset="124455324" timestamp="2022-08-03T22:30:37Z" user="Fidelis Assis" uid="1675654" lat="-22.8204775" lon="-43.0828965"/>
 <node id="164201425" visible="true" version="7" changeset="124455324" timestamp="2022-08-03T22:30:37Z" user="Fidelis Assis" uid="1675654" lat="-22.8212093" lon="-43.0856430"/>
 <node id="320891513" visible="true" version="19" changeset="90169337" timestamp="2020-08-31T06:09:55Z" user="EigerMt" uid="10653264" lat="-22.8408280" lon="-43.0963892"/>
 <node id="320891514" visible="true" version="17" changeset="2041432" timestamp="2009-08-05T04:27:18Z" user="Nighto" uid="12293" lat="-22.8428354" lon="-43.0972148"/>
 <node id="320891515" visible="true" version="19" changeset="21468212" timestamp="2014-04-03T00:18:33Z" user="ftrebien" uid="401472" lat="-22.8439586" lon="-43.0977469"/>
 <node id="320891516" visible="true" version="17" changeset="2041432" timestamp="2009-08-05T04:27:18Z" user="Nighto" uid="12293" lat="-22.8456038" lon="-43.0986138"/>
 <node id="320891517" visible="true" version="18" changeset="90169337" timestamp="2020-08-31T06:09:55Z" user="EigerMt" uid="10653264" lat="-22.8467938" lon="-43.0992714"/>
 <node id="320891518" visible="true" version="18" changeset="90169337" timestamp="2020-08-31T06:09:55Z" user="EigerMt" uid="10653264" lat="-22.8474637" lon="-43.0995771"/>
 <node id="320891519" visible="true" version="18" changeset="90169337" timestamp="2020-08-31T06:09:55Z" user="EigerMt" uid="10653264" lat="-22.8486403" lon="-43.0998681"/>
 <node id="320891520" visible="true" version="18" changeset="90169337" timestamp="2020-08-31T06:09:55Z" user="EigerMt" uid="10653264" lat="-22.8493669" lon="-43.0999473"/>
 <node id="320891521" visible="true" version="18" changeset="90169337" timestamp="2020-08-31T06:09:55Z" user="EigerMt" uid="10653264" lat="-22.8508123" lon="-43.1001940"/>
 <node id="320891522" visible="true" version="18" changeset="90169337" timestamp="2020-08-31T06:09:55Z" user="EigerMt" uid="10653264" lat="-22.8518831" lon="-43.1006272"/>
 <node id="320891523" visible="true" version="18" changeset="90169337" timestamp="2020-08-31T06:09:55Z" user="EigerMt" uid="10653264" lat="-22.8528125" lon="-43.1012046"/>
 <node id="320891524" visible="true" version="20" changeset="89834721" timestamp="2020-08-24T06:10:04Z" user="DosOjos" uid="10653273" lat="-22.8540780" lon="-43.1020045"/>
 <node id="320958351" visible="true" version="3" changeset="88664209" timestamp="2020-07-29T08:22:45Z" user="ExmouthPlateau" uid="10653073" lat="-22.8394549" lon="-43.1063685"/>
 <node id="320958352" visible="true" version="3" changeset="88664480" timestamp="2020-07-29T08:26:42Z" user="ExmouthPlateau" uid="10653073" lat="-22.8378630" lon="-43.1058039"/>
 <node id="320958353" visible="true" version="2" changeset="88664209" timestamp="2020-07-29T08:22:45Z" user="ExmouthPlateau" uid="10653073" lat="-22.8360980" lon="-43.1051186"/>
 <node id="320958354" visible="true" version="2" changeset="70463168" timestamp="2019-05-21T05:03:36Z" user="Sturm br" uid="604619" lat="-22.8327385" lon="-43.1069731"/>
 <node id="320958355" visible="true" version="2" changeset="176607130" timestamp="2025-12-30T03:07:12Z" user="lucianoAF" uid="23222106" lat="-22.8320997" lon="-43.1076827"/>
 <node id="320958356" visible="true" version="2" changeset="88664209" timestamp="2020-07-29T08:22:45Z" user="ExmouthPlateau" uid="10653073" lat="-22.8311589" lon="-43.1097749"/>
 <node id="320958357" visible="true" version="3" changeset="88664209" timestamp="2020-07-29T08:22:45Z" user="ExmouthPlateau" uid="10653073" lat="-22.8307164" lon="-43.1116605"/>
 <node id="320958358" visible="true" version="3" changeset="88664209" timestamp="2020-07-29T08:22:45Z" user="ExmouthPlateau" uid="10653073" lat="-22.8365282" lon="-43.1113923"/>
 <node id="320958359" visible="true" version="2" changeset="88664209" timestamp="2020-07-29T08:22:45Z" user="ExmouthPlateau" uid="10653073" lat="-22.8367333" lon="-43.1116001"/>
 <node id="345227577" visible="true" version="10" changeset="90169337" timestamp="2020-08-31T06:09:55Z" user="EigerMt" uid="10653264" lat="-22.8525548" lon="-43.1008304"/>
 <node id="375960403" visible="true" version="14" changeset="141918621" timestamp="2023-09-29T15:22:36Z" user="Fidelis Assis" uid="1675654" lat="-22.8550356" lon="-43.1026973"/>
 <node id="589221519" visible="true" version="4" changeset="124455324" timestamp="2022-08-03T22:30:37Z" user="Fidelis Assis" uid="1675654" lat="-22.8208611" lon="-43.0869839"/>
 <node id="589221522" visible="true" version="3" changeset="124455324" timestamp="2022-08-03T22:30:37Z" user="Fidelis Assis" uid="1675654" lat="-22.8219262" lon="-43.0874635"/>
 <node id="589221532" visible="true" version="3" changeset="124455324" timestamp="2022-08-03T22:30:37Z" user="Fidelis Assis" uid="1675654" lat="-22.8225438" lon="-43.0884982"/>
 <node id="589221537" visible="true" version="4" changeset="124455324" timestamp="2022-08-03T22:30:37Z" user="Fidelis Assis" uid="1675654" lat="-22.8225313" lon="-43.0887604"/>
 <node id="589229283" visible="true" version="3" changeset="14737047" timestamp="2013-01-21T19:08:13Z" user="Alexandrecw" uid="893594" lat="-22.8201991" lon="-43.0820705"/>
 <node id="589229288" visible="true" version="4" changeset="124455324" timestamp="2022-08-03T22:30:37Z" user="Fidelis Assis" uid="1675654" lat="-22.8195824" lon="-43.0839833"/>
 <node id="1194277853" visible="true" version="3" changeset="88663750" timestamp="2020-07-29T08:15:35Z" user="ExmouthPlateau" uid="10653073" lat="-22.8406056" lon="-43.0970398"/>
 <node id="1194277854" visible="true" version="2" changeset="23273220" timestamp="2014-06-29T16:17:10Z" user="Alexandrecw" uid="893594" lat="-22.8472906" lon="-43.1025146"/>
 <node id="1194277857" visible="true" version="2" changeset="23273220" timestamp="2014-06-29T16:17:10Z" user="Alexandrecw" uid="893594" lat="-22.8481601" lon="-43.1023077"/>
 <node id="1194277860" visible="true" version="2" changeset="23273220" timestamp="2014-06-29T16:17:10Z" user="Alexandrecw" uid="893594" lat="-22.8473672" lon="-43.1020914"/>
 <node id="1194277867" visible="true" version="2" changeset="23273220" timestamp="2014-06-29T16:17:10Z" user="Alexandrecw" uid="893594" lat="-22.8480740" lon="-43.1027489"/>
 <node id="1830310749" visible="true" version="1" changeset="12295321" timestamp="2012-07-19T00:36:13Z" user="Geaquinto" uid="481662" lat="-22.8444287" lon="-43.0978180"/>
 <node id="1830310753" visible="true" version="1" changeset="12295321" timestamp="2012-07-19T00:36:13Z" user="Geaquinto" uid="481662" lat="-22.8441568" lon="-43.0976785"/>
 <node id="1830310754" visible="true" version="1" changeset="12295321" timestamp="2012-07-19T00:36:13Z" user="Geaquinto" uid="481662" lat="-22.8443952" lon="-43.0979527"/>
 <node id="1830310765" visible="true" version="1" changeset="12295321" timestamp="2012-07-19T00:36:14Z" user="Geaquinto" uid="481662" lat="-22.8441394" lon="-43.0978328"/>
 <node id="1870162506" visible="true" version="3" changeset="88709408" timestamp="2020-07-30T05:20:12Z" user="ExmouthPlateau" uid="10653073" lat="-22.8244533" lon="-43.0914433"/>
 <node id="1870162529" visible="true" version="3" changeset="88714080" timestamp="2020-07-30T06:46:15Z" user="ExmouthPlateau" uid="10653073" lat="-22.8250207" lon="-43.0926342"/>
 <node id="1870162532" visible="true" version="2" changeset="88709408" timestamp="2020-07-30T05:20:12Z" user="ExmouthPlateau" uid="10653073" lat="-22.8260503" lon="-43.0952024"/>
 <node id="1870162619" visible="true" version="2" changeset="88661678" timestamp="2020-07-29T07:43:48Z" user="ExmouthPlateau" uid="10653073" lat="-22.8276263" lon="-43.0962840"/>
 <node id="1870162652" visible="true" version="2" changeset="88661678" timestamp="2020-07-29T07:43:48Z" user="ExmouthPlateau" uid="10653073" lat="-22.8275120" lon="-43.0965556"/>
 <node id="1870162719" visible="true" version="2" changeset="88661678" timestamp="2020-07-29T07:43:48Z" user="ExmouthPlateau" uid="10653073" lat="-22.8280880" lon="-43.0971169"/>
 <node id="1870162731" visible="true" version="3" changeset="88663750" timestamp="2020-07-29T08:15:35Z" user="ExmouthPlateau" uid="10653073" lat="-22.8283296" lon="-43.0968346"/>
 <node id="1870162737" visible="true" version="2" changeset="88661678" timestamp="2020-07-29T07:43:48Z" user="ExmouthPlateau" uid="10653073" lat="-22.8287771" lon="-43.0969083"/>
 <node id="1870162743" visible="true" version="2" changeset="88661678" timestamp="2020-07-29T07:43:48Z" user="ExmouthPlateau" uid="10653073" lat="-22.8288859" lon="-43.0969486"/>
 <node id="1870162744" visible="true" version="2" changeset="88661678" timestamp="2020-07-29T07:43:48Z" user="ExmouthPlateau" uid="10653073" lat="-22.8293222" lon="-43.0973026"/>
 <node id="1870162789" visible="true" version="2" changeset="88661678" timestamp="2020-07-29T07:43:48Z" user="ExmouthPlateau" uid="10653073" lat="-22.8317955" lon="-43.0979276"/>
 <node id="1870162955" visible="true" version="2" changeset="88661678" timestamp="2020-07-29T07:43:48Z" user="ExmouthPlateau" uid="10653073" lat="-22.8320983" lon="-43.0970424"/>
 <node id="1870163043" visible="true" version="3" changeset="88663750" timestamp="2020-07-29T08:15:35Z" user="ExmouthPlateau" uid="10653073" lat="-22.8330649" lon="-43.0968332"/>
 <node id="1870163158" visible="true" version="2" changeset="88661678" timestamp="2020-07-29T07:43:48Z" user="ExmouthPlateau" uid="10653073" lat="-22.8331934" lon="-43.0970344"/>
 <node id="1870163749" visible="true" version="2" changeset="88661678" timestamp="2020-07-29T07:43:48Z" user="ExmouthPlateau" uid="10653073" lat="-22.8333479" lon="-43.0970331"/>
 <node id="1870164141" visible="true" version="2" changeset="88661678" timestamp="2020-07-29T07:43:48Z" user="ExmouthPlateau" uid="10653073" lat="-22.8333912" lon="-43.0970491"/>
 <node id="1870164253" visible="true" version="2" changeset="88661678" timestamp="2020-07-29T07:43:48Z" user="ExmouthPlateau" uid="10653073" lat="-22.8338065" lon="-43.0964792"/>
 <node id="1870164314" visible="true" version="2" changeset="88661678" timestamp="2020-07-29T07:43:48Z" user="ExmouthPlateau" uid="10653073" lat="-22.8337132" lon="-43.0976466"/>
 <node id="1870164366" visible="true" version="2" changeset="88661678" timestamp="2020-07-29T07:43:48Z" user="ExmouthPlateau" uid="10653073" lat="-22.8341291" lon="-43.0974314"/>
 <node id="1870164446" visible="true" version="2" changeset="88661678" timestamp="2020-07-29T07:43:48Z" user="ExmouthPlateau" uid="10653073" lat="-22.8344776" lon="-43.0955257"/>
 <node id="1870165037" visible="true" version="3" changeset="126586586" timestamp="2022-09-24T15:34:59Z" user="Fidelis Assis" uid="1675654" lat="-22.8349646" lon="-43.0956061"/>
 <node id="1870165675" visible="true" version="3" changeset="88663750" timestamp="2020-07-29T08:15:35Z" user="ExmouthPlateau" uid="10653073" lat="-22.8348243" lon="-43.0953265"/>
 <node id="1870166656" visible="true" version="2" changeset="88661678" timestamp="2020-07-29T07:43:48Z" user="ExmouthPlateau" uid="10653073" lat="-22.8352155" lon="-43.0951421"/>
 <node id="1870166958" visible="true" version="3" changeset="88663750" timestamp="2020-07-29T08:15:35Z" user="ExmouthPlateau" uid="10653073" lat="-22.8350561" lon="-43.0956920"/>
 <node id="1870167120" visible="true" version="2" changeset="88661678" timestamp="2020-07-29T07:43:48Z" user="ExmouthPlateau" uid="10653073" lat="-22.8351080" lon="-43.0957000"/>
 <node id="1870167326" visible="true" version="2" changeset="88661678" timestamp="2020-07-29T07:43:48Z" user="ExmouthPlateau" uid="10653073" lat="-22.8351908" lon="-43.0952185"/>
 <node id="1870167560" visible="true" version="2" changeset="88661678" timestamp="2020-07-29T07:43:48Z" user="ExmouthPlateau" uid="10653073" lat="-22.8352674" lon="-43.0950871"/>
 <node id="1870167745" visible="true" version="2" changeset="88663750" timestamp="2020-07-29T08:15:35Z" user="ExmouthPlateau" uid="10653073" lat="-22.8354862" lon="-43.0963310"/>
 <node id="1870168013" visible="true" version="2" changeset="88661678" timestamp="2020-07-29T07:43:48Z" user="ExmouthPlateau" uid="10653073" lat="-22.8355035" lon="-43.0964845"/>
 <node id="1870168198" visible="true" version="2" changeset="88661678" timestamp="2020-07-29T07:43:48Z" user="ExmouthPlateau" uid="10653073" lat="-22.8356778" lon="-43.0966093"/>
 <node id="1870168314" visible="true" version="2" changeset="88661678" timestamp="2020-07-29T07:43:48Z" user="ExmouthPlateau" uid="10653073" lat="-22.8358657" lon="-43.0953915"/>
 <node id="1870168430" visible="true" version="2" changeset="88661678" timestamp="2020-07-29T07:43:48Z" user="ExmouthPlateau" uid="10653073" lat="-22.8358706" lon="-43.0952749"/>
 <node id="1870168581" visible="true" version="3" changeset="88663750" timestamp="2020-07-29T08:15:35Z" user="ExmouthPlateau" uid="10653073" lat="-22.8361537" lon="-43.0962338"/>
 <node id="1870168686" visible="true" version="2" changeset="88661678" timestamp="2020-07-29T07:43:48Z" user="ExmouthPlateau" uid="10653073" lat="-22.8363168" lon="-43.0959079"/>
 <node id="1870168788" visible="true" version="2" changeset="88661678" timestamp="2020-07-29T07:43:48Z" user="ExmouthPlateau" uid="10653073" lat="-22.8363564" lon="-43.0956812"/>
 <node id="1870168907" visible="true" version="2" changeset="88661678" timestamp="2020-07-29T07:43:48Z" user="ExmouthPlateau" uid="10653073" lat="-22.8363477" lon="-43.0957912"/>
 <node id="1870168935" visible="true" version="2" changeset="88663750" timestamp="2020-07-29T08:15:35Z" user="ExmouthPlateau" uid="10653073" lat="-22.8366437" lon="-43.0968393"/>
 <node id="1870168975" visible="true" version="2" changeset="88663750" timestamp="2020-07-29T08:15:35Z" user="ExmouthPlateau" uid="10653073" lat="-22.8366684" lon="-43.0967434"/>
 <node id="1870169099" visible="true" version="2" changeset="88661678" timestamp="2020-07-29T07:43:48Z" user="ExmouthPlateau" uid="10653073" lat="-22.8364503" lon="-43.0952534"/>
 <node id="1870169154" visible="true" version="3" changeset="88663750" timestamp="2020-07-29T08:15:35Z" user="ExmouthPlateau" uid="10653073" lat="-22.8366672" lon="-43.0968694"/>
 <node id="1870169200" visible="true" version="2" changeset="88663750" timestamp="2020-07-29T08:15:35Z" user="ExmouthPlateau" uid="10653073" lat="-22.8367098" lon="-43.0967219"/>
 <node id="1870169257" visible="true" version="1" changeset="12763130" timestamp="2012-08-17T14:20:11Z" user="Skippern" uid="31385" lat="-22.8368914" lon="-43.0969683"/>
 <node id="1870169291" visible="true" version="2" changeset="88663750" timestamp="2020-07-29T08:15:35Z" user="ExmouthPlateau" uid="10653073" lat="-22.8367784" lon="-43.0967112"/>
 <node id="1870169325" visible="true" version="2" changeset="88663750" timestamp="2020-07-29T08:15:35Z" user="ExmouthPlateau" uid="10653073" lat="-22.8370090" lon="-43.0971846"/>
 <node id="1870169360" visible="true" version="2" changeset="88661678" timestamp="2020-07-29T07:43:48Z" user="ExmouthPlateau" uid="10653073" lat="-22.8371165" lon="-43.0969767"/>
 <node id="1870169378" visible="true" version="2" changeset="88661678" timestamp="2020-07-29T07:43:48Z" user="ExmouthPlateau" uid="10653073" lat="-22.8371128" lon="-43.0953433"/>
 <node id="1870169437" visible="true" version="2" changeset="88661678" timestamp="2020-07-29T07:43:48Z" user="ExmouthPlateau" uid="10653073" lat="-22.8372079" lon="-43.0970331"/>
 <node id="1870169472" visible="true" version="2" changeset="88661678" timestamp="2020-07-29T07:43:48Z" user="ExmouthPlateau" uid="10653073" lat="-22.8372920" lon="-43.0970626"/>
 <node id="1870169499" visible="true" version="1" changeset="12763130" timestamp="2012-08-17T14:20:20Z" user="Skippern" uid="31385" lat="-22.8373035" lon="-43.0974950"/>
 <node id="1870169532" visible="true" version="3" changeset="88663750" timestamp="2020-07-29T08:15:35Z" user="ExmouthPlateau" uid="10653073" lat="-22.8374280" lon="-43.0975138"/>
 <node id="1870169572" visible="true" version="2" changeset="88661678" timestamp="2020-07-29T07:43:48Z" user="ExmouthPlateau" uid="10653073" lat="-22.8375157" lon="-43.0970518"/>
 <node id="1870169599" visible="true" version="2" changeset="88661678" timestamp="2020-07-29T07:43:48Z" user="ExmouthPlateau" uid="10653073" lat="-22.8375936" lon="-43.0970290"/>
 <node id="1870169622" visible="true" version="2" changeset="88661678" timestamp="2020-07-29T07:43:48Z" user="ExmouthPlateau" uid="10653073" lat="-22.8376541" lon="-43.0968922"/>
 <node id="1870169655" visible="true" version="2" changeset="88661678" timestamp="2020-07-29T07:43:48Z" user="ExmouthPlateau" uid="10653073" lat="-22.8376257" lon="-43.0969928"/>
 <node id="1870169695" visible="true" version="3" changeset="88663750" timestamp="2020-07-29T08:15:35Z" user="ExmouthPlateau" uid="10653073" lat="-22.8377382" lon="-43.0964376"/>
 <node id="1870169708" visible="true" version="2" changeset="88661678" timestamp="2020-07-29T07:43:48Z" user="ExmouthPlateau" uid="10653073" lat="-22.8377839" lon="-43.0961707"/>
 <node id="1870169737" visible="true" version="2" changeset="88661678" timestamp="2020-07-29T07:43:48Z" user="ExmouthPlateau" uid="10653073" lat="-22.8377740" lon="-43.0962726"/>
 <node id="1870169775" visible="true" version="2" changeset="88663750" timestamp="2020-07-29T08:15:35Z" user="ExmouthPlateau" uid="10653073" lat="-22.8378457" lon="-43.0977371"/>
 <node id="1870169817" visible="true" version="2" changeset="88663750" timestamp="2020-07-29T08:15:35Z" user="ExmouthPlateau" uid="10653073" lat="-22.8381152" lon="-43.0980121"/>
 <node id="1870169965" visible="true" version="2" changeset="88663750" timestamp="2020-07-29T08:15:35Z" user="ExmouthPlateau" uid="10653073" lat="-22.8392108" lon="-43.0961741"/>
 <node id="1870170043" visible="true" version="2" changeset="88663750" timestamp="2020-07-29T08:15:35Z" user="ExmouthPlateau" uid="10653073" lat="-22.8393004" lon="-43.0960976"/>
 <node id="1870170098" visible="true" version="1" changeset="12763130" timestamp="2012-08-17T14:20:43Z" user="Skippern" uid="31385" lat="-22.8400462" lon="-43.0971869"/>
 <node id="1870170146" visible="true" version="2" changeset="88663750" timestamp="2020-07-29T08:15:35Z" user="ExmouthPlateau" uid="10653073" lat="-22.8400445" lon="-43.0971135"/>
 <node id="1870170202" visible="true" version="2" changeset="88663750" timestamp="2020-07-29T08:15:35Z" user="ExmouthPlateau" uid="10653073" lat="-22.8401928" lon="-43.0964336"/>
 <node id="1870170379" visible="true" version="2" changeset="88663750" timestamp="2020-07-29T08:15:35Z" user="ExmouthPlateau" uid="10653073" lat="-22.8400680" lon="-43.0972356"/>
 <node id="1870170604" visible="true" version="2" changeset="88663750" timestamp="2020-07-29T08:15:35Z" user="ExmouthPlateau" uid="10653073" lat="-22.8405179" lon="-43.0970505"/>
 <node id="1870170692" visible="true" version="2" changeset="88663750" timestamp="2020-07-29T08:15:35Z" user="ExmouthPlateau" uid="10653073" lat="-22.8405228" lon="-43.0974300"/>
 <node id="1870170763" visible="true" version="1" changeset="12763130" timestamp="2012-08-17T14:21:12Z" user="Skippern" uid="31385" lat="-22.8428428" lon="-43.0981349"/>
 <node id="1870170887" visible="true" version="1" changeset="12763130" timestamp="2012-08-17T14:21:14Z" user="Skippern" uid="31385" lat="-22.8428946" lon="-43.0976641"/>
 <node id="1870170936" visible="true" version="1" changeset="12763130" timestamp="2012-08-17T14:21:16Z" user="Skippern" uid="31385" lat="-22.8429270" lon="-43.0980576"/>
 <node id="1870171164" visible="true" version="1" changeset="12763130" timestamp="2012-08-17T14:21:20Z" user="Skippern" uid="31385" lat="-22.8430630" lon="-43.0988726"/>
 <node id="1870171231" visible="true" version="1" changeset="12763130" timestamp="2012-08-17T14:21:21Z" user="Skippern" uid="31385" lat="-22.8430695" lon="-43.0998915"/>
 <node id="1870171644" visible="true" version="5" changeset="52275882" timestamp="2017-09-22T13:11:38Z" user="naoliv" uid="463507" lat="-22.8431462" lon="-43.0971689">
  <tag k="highway" v="motorway_junction"/>
  <tag k="ref" v="318"/>
 </node>
 <node id="1870171867" visible="true" version="1" changeset="12763130" timestamp="2012-08-17T14:21:38Z" user="Skippern" uid="31385" lat="-22.8432378" lon="-43.0998844"/>
 <node id="1870172497" visible="true" version="1" changeset="12763130" timestamp="2012-08-17T14:21:48Z" user="Skippern" uid="31385" lat="-22.8434709" lon="-43.1003693"/>
 <node id="1870172591" visible="true" version="2" changeset="23952765" timestamp="2014-07-04T15:06:42Z" user="Alexandrecw" uid="893594" lat="-22.8434982" lon="-43.0984384"/>
 <node id="1870172708" visible="true" version="1" changeset="12763130" timestamp="2012-08-17T14:21:50Z" user="Skippern" uid="31385" lat="-22.8435994" lon="-43.0981955"/>
 <node id="1870173081" visible="true" version="1" changeset="12763130" timestamp="2012-08-17T14:21:57Z" user="Skippern" uid="31385" lat="-22.8437001" lon="-43.0981558"/>
 <node id="1870173300" visible="true" version="1" changeset="12763130" timestamp="2012-08-17T14:22:02Z" user="Skippern" uid="31385" lat="-22.8438054" lon="-43.0981756"/>
 <node id="1870173571" visible="true" version="5" changeset="144384218" timestamp="2023-11-23T21:30:58Z" user="Marcos_Itba_Kaart" uid="12689837" lat="-22.8439593" lon="-43.0984096"/>
 <node id="1870174022" visible="true" version="5" changeset="144384218" timestamp="2023-11-23T21:30:58Z" user="Marcos_Itba_Kaart" uid="12689837" lat="-22.8439660" lon="-43.0983499"/>
 <node id="1870174170" visible="true" version="5" changeset="144384218" timestamp="2023-11-23T21:30:58Z" user="Marcos_Itba_Kaart" uid="12689837" lat="-22.8439707" lon="-43.0984684"/>
 <node id="1870174330" visible="true" version="5" changeset="144384218" timestamp="2023-11-23T21:30:58Z" user="Marcos_Itba_Kaart" uid="12689837" lat="-22.8440099" lon="-43.0982710"/>
 <node id="1870174414" visible="true" version="1" changeset="12763130" timestamp="2012-08-17T14:22:26Z" user="Skippern" uid="31385" lat="-22.8440408" lon="-43.1010578"/>
 <node id="1870174492" visible="true" version="5" changeset="144384218" timestamp="2023-11-23T21:30:58Z" user="Marcos_Itba_Kaart" uid="12689837" lat="-22.8440441" lon="-43.0982431"/>
 <node id="1870174515" visible="true" version="5" changeset="144384218" timestamp="2023-11-23T21:30:58Z" user="Marcos_Itba_Kaart" uid="12689837" lat="-22.8439992" lon="-43.0985201"/>
 <node id="1870174575" visible="true" version="1" changeset="12763130" timestamp="2012-08-17T14:22:43Z" user="Skippern" uid="31385" lat="-22.8441055" lon="-43.1016972"/>
 <node id="1870174597" visible="true" version="5" changeset="144384218" timestamp="2023-11-23T21:30:58Z" user="Marcos_Itba_Kaart" uid="12689837" lat="-22.8441443" lon="-43.0982201"/>
 <node id="1870174628" visible="true" version="5" changeset="144384218" timestamp="2023-11-23T21:30:58Z" user="Marcos_Itba_Kaart" uid="12689837" lat="-22.8441486" lon="-43.0985830"/>
 <node id="1870174691" visible="true" version="1" changeset="12763130" timestamp="2012-08-17T14:22:48Z" user="Skippern" uid="31385" lat="-22.8441767" lon="-43.1013881"/>
 <node id="1870174741" visible="true" version="5" changeset="144384218" timestamp="2023-11-23T21:30:58Z" user="Marcos_Itba_Kaart" uid="12689837" lat="-22.8441944" lon="-43.0982342"/>
 <node id="1870174788" visible="true" version="1" changeset="12763130" timestamp="2012-08-17T14:22:52Z" user="Skippern" uid="31385" lat="-22.8441946" lon="-43.0986725"/>
 <node id="1870174809" visible="true" version="1" changeset="12763130" timestamp="2012-08-17T14:22:53Z" user="Skippern" uid="31385" lat="-22.8442358" lon="-43.0979670"/>
 <node id="1870174836" visible="true" version="1" changeset="12763130" timestamp="2012-08-17T14:22:54Z" user="Skippern" uid="31385" lat="-22.8442404" lon="-43.0970031"/>
 <node id="1870174875" visible="true" version="5" changeset="144384218" timestamp="2023-11-23T21:30:58Z" user="Marcos_Itba_Kaart" uid="12689837" lat="-22.8442250" lon="-43.0985506"/>
 <node id="1870174908" visible="true" version="3" changeset="93880748" timestamp="2020-11-10T19:30:09Z" user="Imaginashun" uid="10782371" lat="-22.8442247" lon="-43.0981288"/>
 <node id="1870174929" visible="true" version="5" changeset="144384218" timestamp="2023-11-23T21:30:58Z" user="Marcos_Itba_Kaart" uid="12689837" lat="-22.8442382" lon="-43.0982643"/>
 <node id="1870174960" visible="true" version="5" changeset="144384218" timestamp="2023-11-23T21:30:58Z" user="Marcos_Itba_Kaart" uid="12689837" lat="-22.8442611" lon="-43.0985128"/>
 <node id="1870174990" visible="true" version="5" changeset="144384218" timestamp="2023-11-23T21:30:58Z" user="Marcos_Itba_Kaart" uid="12689837" lat="-22.8442715" lon="-43.0983073"/>
 <node id="1870175017" visible="true" version="1" changeset="12763130" timestamp="2012-08-17T14:23:02Z" user="Skippern" uid="31385" lat="-22.8442953" lon="-43.0987718"/>
 <node id="1870175040" visible="true" version="1" changeset="12763130" timestamp="2012-08-17T14:23:03Z" user="Skippern" uid="31385" lat="-22.8442999" lon="-43.0971174"/>
 <node id="1870175103" visible="true" version="5" changeset="144384218" timestamp="2023-11-23T21:30:58Z" user="Marcos_Itba_Kaart" uid="12689837" lat="-22.8442853" lon="-43.0984651"/>
 <node id="1870175122" visible="true" version="1" changeset="12763130" timestamp="2012-08-17T14:23:06Z" user="Skippern" uid="31385" lat="-22.8443365" lon="-43.0972515"/>
 <node id="1870175183" visible="true" version="1" changeset="12763130" timestamp="2012-08-17T14:23:09Z" user="Skippern" uid="31385" lat="-22.8443640" lon="-43.0974304"/>
 <node id="1870175214" visible="true" version="2" changeset="90169337" timestamp="2020-08-31T06:09:55Z" user="EigerMt" uid="10653264" lat="-22.8443851" lon="-43.0985217"/>
 <node id="1870175227" visible="true" version="3" changeset="93880748" timestamp="2020-11-10T19:30:09Z" user="Imaginashun" uid="10782371" lat="-22.8444015" lon="-43.0984087"/>
 <node id="1870175328" visible="true" version="4" changeset="90169337" timestamp="2020-08-31T06:09:55Z" user="EigerMt" uid="10653264" lat="-22.8444997" lon="-43.0969482"/>
 <node id="1870175352" visible="true" version="2" changeset="90169337" timestamp="2020-08-31T06:09:55Z" user="EigerMt" uid="10653264" lat="-22.8445124" lon="-43.0985659"/>
 <node id="1870175450" visible="true" version="1" changeset="12763130" timestamp="2012-08-17T14:23:20Z" user="Skippern" uid="31385" lat="-22.8445393" lon="-43.1021540"/>
 <node id="1870175755" visible="true" version="4" changeset="90169337" timestamp="2020-08-31T06:09:55Z" user="EigerMt" uid="10653264" lat="-22.8445618" lon="-43.0985995"/>
 <node id="1870175900" visible="true" version="4" changeset="90169337" timestamp="2020-08-31T06:09:55Z" user="EigerMt" uid="10653264" lat="-22.8451266" lon="-43.0989730"/>
 <node id="1870176068" visible="true" version="2" changeset="90169337" timestamp="2020-08-31T06:09:55Z" user="EigerMt" uid="10653264" lat="-22.8451810" lon="-43.0990896"/>
 <node id="1870176152" visible="true" version="1" changeset="12763130" timestamp="2012-08-17T14:23:48Z" user="Skippern" uid="31385" lat="-22.8452843" lon="-43.0993929"/>
 <node id="1870176254" visible="true" version="2" changeset="90169337" timestamp="2020-08-31T06:09:55Z" user="EigerMt" uid="10653264" lat="-22.8452397" lon="-43.0990621"/>
 <node id="1870176298" visible="true" version="2" changeset="90169337" timestamp="2020-08-31T06:09:55Z" user="EigerMt" uid="10653264" lat="-22.8453089" lon="-43.0991627"/>
 <node id="1870176387" visible="true" version="2" changeset="90169337" timestamp="2020-08-31T06:09:55Z" user="EigerMt" uid="10653264" lat="-22.8454696" lon="-43.0991064"/>
 <node id="1870176487" visible="true" version="2" changeset="90169337" timestamp="2020-08-31T06:09:55Z" user="EigerMt" uid="10653264" lat="-22.8454554" lon="-43.0991654"/>
 <node id="1870176616" visible="true" version="6" changeset="90169337" timestamp="2020-08-31T06:09:55Z" user="EigerMt" uid="10653264" lat="-22.8455351" lon="-43.0985787">
  <tag k="highway" v="motorway_junction"/>
  <tag k="ref" v="318"/>
 </node>
 <node id="1870176841" visible="true" version="2" changeset="90169337" timestamp="2020-08-31T06:09:55Z" user="EigerMt" uid="10653264" lat="-22.8455271" lon="-43.0990803"/>
 <node id="1870176918" visible="true" version="2" changeset="90169337" timestamp="2020-08-31T06:09:55Z" user="EigerMt" uid="10653264" lat="-22.8456068" lon="-43.0990916"/>
 <node id="1870176971" visible="true" version="2" changeset="23952765" timestamp="2014-07-04T15:06:42Z" user="Alexandrecw" uid="893594" lat="-22.8453630" lon="-43.1023511"/>
 <node id="1870177031" visible="true" version="2" changeset="90169337" timestamp="2020-08-31T06:09:55Z" user="EigerMt" uid="10653264" lat="-22.8456259" lon="-43.0987389"/>
 <node id="1870177098" visible="true" version="2" changeset="90169337" timestamp="2020-08-31T06:09:55Z" user="EigerMt" uid="10653264" lat="-22.8456265" lon="-43.0989904"/>
 <node id="1870177127" visible="true" version="2" changeset="90169337" timestamp="2020-08-31T06:09:55Z" user="EigerMt" uid="10653264" lat="-22.8456513" lon="-43.0988871"/>
 <node id="1870177156" visible="true" version="1" changeset="12763130" timestamp="2012-08-17T14:24:25Z" user="Skippern" uid="31385" lat="-22.8456552" lon="-43.0995519"/>
 <node id="1870177181" visible="true" version="1" changeset="12763130" timestamp="2012-08-17T14:24:26Z" user="Skippern" uid="31385" lat="-22.8457147" lon="-43.0990103"/>
 <node id="1870177261" visible="true" version="2" changeset="90169337" timestamp="2020-08-31T06:09:55Z" user="EigerMt" uid="10653264" lat="-22.8458190" lon="-43.0989505"/>
 <node id="1870177314" visible="true" version="2" changeset="90169337" timestamp="2020-08-31T06:09:55Z" user="EigerMt" uid="10653264" lat="-22.8459358" lon="-43.0989357"/>
 <node id="1870177369" visible="true" version="2" changeset="90169337" timestamp="2020-08-31T06:09:55Z" user="EigerMt" uid="10653264" lat="-22.8461833" lon="-43.0989388"/>
 <node id="1870177443" visible="true" version="2" changeset="23952765" timestamp="2014-07-04T15:06:42Z" user="Alexandrecw" uid="893594" lat="-22.8470392" lon="-43.1030926"/>
 <node id="1870177474" visible="true" version="1" changeset="12763130" timestamp="2012-08-17T14:24:40Z" user="Skippern" uid="31385" lat="-22.8475050" lon="-43.1032852"/>
 <node id="1870177521" visible="true" version="1" changeset="12763130" timestamp="2012-08-17T14:24:42Z" user="Skippern" uid="31385" lat="-22.8481654" lon="-43.1031587"/>
 <node id="1870177833" visible="true" version="1" changeset="12763130" timestamp="2012-08-17T14:24:51Z" user="Skippern" uid="31385" lat="-22.8485021" lon="-43.1031166"/>
 <node id="1870177905" visible="true" version="1" changeset="12763130" timestamp="2012-08-17T14:24:53Z" user="Skippern" uid="31385" lat="-22.8491691" lon="-43.1003201"/>
 <node id="1870177928" visible="true" version="1" changeset="12763130" timestamp="2012-08-17T14:24:55Z" user="Skippern" uid="31385" lat="-22.8492273" lon="-43.1040441"/>
 <node id="1870177968" visible="true" version="1" changeset="12763130" timestamp="2012-08-17T14:24:56Z" user="Skippern" uid="31385" lat="-22.8493568" lon="-43.1005730"/>
 <node id="1870177999" visible="true" version="1" changeset="12763130" timestamp="2012-08-17T14:24:57Z" user="Skippern" uid="31385" lat="-22.8493633" lon="-43.1007838"/>
 <node id="1870178029" visible="true" version="2" changeset="88778346" timestamp="2020-07-31T11:03:18Z" user="ExmouthPlateau" uid="10653073" lat="-22.8494139" lon="-43.1004193"/>
 <node id="1870178043" visible="true" version="1" changeset="12763130" timestamp="2012-08-17T14:24:59Z" user="Skippern" uid="31385" lat="-22.8497130" lon="-43.1009103"/>
 <node id="1870178081" visible="true" version="1" changeset="12763130" timestamp="2012-08-17T14:25:01Z" user="Skippern" uid="31385" lat="-22.8499461" lon="-43.1042267"/>
 <node id="1870178113" visible="true" version="2" changeset="88778346" timestamp="2020-07-31T11:03:18Z" user="ExmouthPlateau" uid="10653073" lat="-22.8505979" lon="-43.1003711"/>
 <node id="1870178152" visible="true" version="1" changeset="12763130" timestamp="2012-08-17T14:25:04Z" user="Skippern" uid="31385" lat="-22.8504058" lon="-43.1014654"/>
 <node id="1870178246" visible="true" version="1" changeset="12763130" timestamp="2012-08-17T14:25:08Z" user="Skippern" uid="31385" lat="-22.8505223" lon="-43.1042127"/>
 <node id="1870178325" visible="true" version="1" changeset="12763130" timestamp="2012-08-17T14:25:12Z" user="Skippern" uid="31385" lat="-22.8509821" lon="-43.1030604"/>
 <node id="1870178357" visible="true" version="1" changeset="12763130" timestamp="2012-08-17T14:25:14Z" user="Skippern" uid="31385" lat="-22.8510274" lon="-43.1024983"/>
 <node id="1870178374" visible="true" version="1" changeset="12763130" timestamp="2012-08-17T14:25:15Z" user="Skippern" uid="31385" lat="-22.8510598" lon="-43.1034679"/>
 <node id="1870178424" visible="true" version="1" changeset="12763130" timestamp="2012-08-17T14:25:16Z" user="Skippern" uid="31385" lat="-22.8510921" lon="-43.1037279"/>
 <node id="1870178457" visible="true" version="1" changeset="12763130" timestamp="2012-08-17T14:25:18Z" user="Skippern" uid="31385" lat="-22.8518886" lon="-43.1008681"/>
 <node id="1870625314" visible="true" version="3" changeset="124455324" timestamp="2022-08-03T22:30:37Z" user="Fidelis Assis" uid="1675654" lat="-22.8214885" lon="-43.0863487"/>
 <node id="1870625368" visible="true" version="2" changeset="88709408" timestamp="2020-07-30T05:20:12Z" user="ExmouthPlateau" uid="10653073" lat="-22.8217895" lon="-43.0897066"/>
 <node id="1870625439" visible="true" version="3" changeset="124455324" timestamp="2022-08-03T22:30:37Z" user="Fidelis Assis" uid="1675654" lat="-22.8226482" lon="-43.0888976"/>
 <node id="1870625483" visible="true" version="2" changeset="88709408" timestamp="2020-07-30T05:20:12Z" user="ExmouthPlateau" uid="10653073" lat="-22.8227487" lon="-43.0892339"/>
 <node id="1870625525" visible="true" version="2" changeset="88709408" timestamp="2020-07-30T05:20:12Z" user="ExmouthPlateau" uid="10653073" lat="-22.8229891" lon="-43.0891749"/>
 <node id="1870625556" visible="true" version="2" changeset="88709408" timestamp="2020-07-30T05:20:12Z" user="ExmouthPlateau" uid="10653073" lat="-22.8231715" lon="-43.0901197"/>
 <node id="1870625593" visible="true" version="2" changeset="88709408" timestamp="2020-07-30T05:20:12Z" user="ExmouthPlateau" uid="10653073" lat="-22.8231888" lon="-43.0898092"/>
 <node id="1870625685" visible="true" version="2" changeset="88709408" timestamp="2020-07-30T05:20:12Z" user="ExmouthPlateau" uid="10653073" lat="-22.8231443" lon="-43.0899681"/>
 <node id="1870625762" visible="true" version="1" changeset="12767514" timestamp="2012-08-17T21:30:20Z" user="Skippern" uid="31385" lat="-22.8233004" lon="-43.0896846"/>
 <node id="1934609815" visible="true" version="2" changeset="41555094" timestamp="2016-08-19T12:22:15Z" user="ThiagoPv" uid="502691" lat="-22.8467922" lon="-43.1082185"/>
 <node id="1934609859" visible="true" version="1" changeset="13266893" timestamp="2012-09-27T02:22:56Z" user="Skippern" uid="31385" lat="-22.8472944" lon="-43.1052630">
  <tag k="ele" v="38"/>
  <tag k="natural" v="peak"/>
 </node>
 <node id="1934609880" visible="true" version="2" changeset="23909802" timestamp="2014-07-03T22:32:30Z" user="Nighto" uid="12293" lat="-22.8475217" lon="-43.1064584"/>
 <node id="1971468185" visible="true" version="2" changeset="87167607" timestamp="2020-06-26T04:35:27Z" user="Wynwood" uid="9625546" lat="-22.8192282" lon="-43.0954170"/>
 <node id="1971468186" visible="true" version="1" changeset="13541166" timestamp="2012-10-18T08:15:48Z" user="Skippern" uid="31385" lat="-22.8193145" lon="-43.0957835"/>
 <node id="1971468188" visible="true" version="4" changeset="87167607" timestamp="2020-06-26T04:35:27Z" user="Wynwood" uid="9625546" lat="-22.8195570" lon="-43.0946875"/>
 <node id="1971468189" visible="true" version="3" changeset="87167607" timestamp="2020-06-26T04:35:27Z" user="Wynwood" uid="9625546" lat="-22.8198512" lon="-43.0962083"/>
 <node id="1971468190" visible="true" version="2" changeset="87167607" timestamp="2020-06-26T04:35:27Z" user="Wynwood" uid="9625546" lat="-22.8198438" lon="-43.0943254"/>
 <node id="1971468192" visible="true" version="2" changeset="87167607" timestamp="2020-06-26T04:35:27Z" user="Wynwood" uid="9625546" lat="-22.8204631" lon="-43.0935502"/>
 <node id="1971468217" visible="true" version="2" changeset="87167607" timestamp="2020-06-26T04:35:27Z" user="Wynwood" uid="9625546" lat="-22.8208698" lon="-43.0933625"/>
 <node id="1971468250" visible="true" version="6" changeset="88661160" timestamp="2020-07-29T07:36:00Z" user="ExmouthPlateau" uid="10653073" lat="-22.8214755" lon="-43.0970451"/>
 <node id="1971468272" visible="true" version="2" changeset="85721206" timestamp="2020-05-25T14:24:20Z" user="Osmapas" uid="11034208" lat="-22.8221096" lon="-43.0933160"/>
 <node id="1971468305" visible="true" version="4" changeset="88661160" timestamp="2020-07-29T07:36:00Z" user="ExmouthPlateau" uid="10653073" lat="-22.8224026" lon="-43.0974770"/>
 <node id="1971468382" visible="true" version="3" changeset="87167607" timestamp="2020-06-26T04:35:27Z" user="Wynwood" uid="9625546" lat="-22.8228031" lon="-43.0943415"/>
 <node id="1971468433" visible="true" version="1" changeset="13541166" timestamp="2012-10-18T08:16:03Z" user="Skippern" uid="31385" lat="-22.8229279" lon="-43.0945570"/>
 <node id="1971468481" visible="true" version="2" changeset="87167607" timestamp="2020-06-26T04:35:27Z" user="Wynwood" uid="9625546" lat="-22.8229984" lon="-43.0954760"/>
 <node id="1971468524" visible="true" version="3" changeset="87167607" timestamp="2020-06-26T04:35:27Z" user="Wynwood" uid="9625546" lat="-22.8229539" lon="-43.0980161"/>
 <node id="1971468553" visible="true" version="1" changeset="13541166" timestamp="2012-10-18T08:16:07Z" user="Skippern" uid="31385" lat="-22.8230086" lon="-43.0956849"/>
 <node id="1971468596" visible="true" version="2" changeset="87167607" timestamp="2020-06-26T04:35:27Z" user="Wynwood" uid="9625546" lat="-22.8230775" lon="-43.0982374"/>
 <node id="1971468631" visible="true" version="3" changeset="87167607" timestamp="2020-06-26T04:35:27Z" user="Wynwood" uid="9625546" lat="-22.8232184" lon="-43.0991654"/>
 <node id="1971468671" visible="true" version="2" changeset="85721206" timestamp="2020-05-25T14:24:20Z" user="Osmapas" uid="11034208" lat="-22.8233761" lon="-43.0994152"/>
 <node id="1971468711" visible="true" version="1" changeset="13541166" timestamp="2012-10-18T08:16:13Z" user="Skippern" uid="31385" lat="-22.8234124" lon="-43.0963419"/>
 <node id="1971468768" visible="true" version="3" changeset="87167607" timestamp="2020-06-26T04:35:27Z" user="Wynwood" uid="9625546" lat="-22.8236634" lon="-43.0999754"/>
 <node id="1971468806" visible="true" version="3" changeset="87167607" timestamp="2020-06-26T04:35:27Z" user="Wynwood" uid="9625546" lat="-22.8236202" lon="-43.0998011"/>
 <node id="1971468914" visible="true" version="3" changeset="87167607" timestamp="2020-06-26T04:35:27Z" user="Wynwood" uid="9625546" lat="-22.8239823" lon="-43.1002477"/>
 <node id="1971468959" visible="true" version="4" changeset="88661160" timestamp="2020-07-29T07:36:00Z" user="ExmouthPlateau" uid="10653073" lat="-22.8241430" lon="-43.1002732"/>
 <node id="1971469034" visible="true" version="2" changeset="87167607" timestamp="2020-06-26T04:35:27Z" user="Wynwood" uid="9625546" lat="-22.8242283" lon="-43.0966240"/>
 <node id="1971469068" visible="true" version="4" changeset="88661160" timestamp="2020-07-29T07:36:00Z" user="ExmouthPlateau" uid="10653073" lat="-22.8244236" lon="-43.1003885"/>
 <node id="1971469107" visible="true" version="2" changeset="87167607" timestamp="2020-06-26T04:35:27Z" user="Wynwood" uid="9625546" lat="-22.8245472" lon="-43.1007841"/>
 <node id="1971469139" visible="true" version="2" changeset="87167607" timestamp="2020-06-26T04:35:27Z" user="Wynwood" uid="9625546" lat="-22.8245510" lon="-43.0965784"/>
 <node id="1971469246" visible="true" version="4" changeset="88661160" timestamp="2020-07-29T07:36:00Z" user="ExmouthPlateau" uid="10653073" lat="-22.8246647" lon="-43.1010389"/>
 <node id="1971469270" visible="true" version="3" changeset="88661160" timestamp="2020-07-29T07:36:00Z" user="ExmouthPlateau" uid="10653073" lat="-22.8247265" lon="-43.0967347"/>
 <node id="1971469327" visible="true" version="3" changeset="87167607" timestamp="2020-06-26T04:35:27Z" user="Wynwood" uid="9625546" lat="-22.8249267" lon="-43.0970760"/>
 <node id="1971469515" visible="true" version="6" changeset="88661160" timestamp="2020-07-29T07:36:00Z" user="ExmouthPlateau" uid="10653073" lat="-22.8256338" lon="-43.1010684"/>
 <node id="1971469707" visible="true" version="2" changeset="87167607" timestamp="2020-06-26T04:35:27Z" user="Wynwood" uid="9625546" lat="-22.8261999" lon="-43.0980375"/>
 <node id="1971469863" visible="true" version="3" changeset="88661160" timestamp="2020-07-29T07:36:00Z" user="ExmouthPlateau" uid="10653073" lat="-22.8264249" lon="-43.0982105"/>
 <node id="1971469886" visible="true" version="3" changeset="88661160" timestamp="2020-07-29T07:36:00Z" user="ExmouthPlateau" uid="10653073" lat="-22.8276350" lon="-43.1016934"/>
 <node id="1971469920" visible="true" version="3" changeset="88661160" timestamp="2020-07-29T07:36:00Z" user="ExmouthPlateau" uid="10653073" lat="-22.8287178" lon="-43.1025879"/>
 <node id="1971469979" visible="true" version="2" changeset="22858193" timestamp="2014-06-10T20:17:09Z" user="Skippern" uid="31385" lat="-22.8291048" lon="-43.1024304">
  <tag k="man_made" v="mast"/>
  <tag k="seamark:landmark:category" v="mast"/>
  <tag k="seamark:type" v="landmark"/>
  <tag k="tower:construction" v="freestanding"/>
  <tag k="tower:type" v="communication"/>
 </node>
 <node id="1971470007" visible="true" version="3" changeset="88661160" timestamp="2020-07-29T07:36:00Z" user="ExmouthPlateau" uid="10653073" lat="-22.8291590" lon="-43.1035119"/>
 <node id="1971470036" visible="true" version="1" changeset="13541166" timestamp="2012-10-18T08:16:59Z" user="Skippern" uid="31385" lat="-22.8292010" lon="-43.1104004">
  <tag k="seamark:buoy_special_purpose:colour" v="yellow"/>
  <tag k="seamark:buoy_special_purpose:shape" v="conical"/>
  <tag k="seamark:name" v="3"/>
  <tag k="seamark:type" v="buoy_special_purpose"/>
 </node>
 <node id="1971470067" visible="true" version="3" changeset="88661160" timestamp="2020-07-29T07:36:00Z" user="ExmouthPlateau" uid="10653073" lat="-22.8292629" lon="-43.1038834"/>
 <node id="1971470102" visible="true" version="2" changeset="88661160" timestamp="2020-07-29T07:36:00Z" user="ExmouthPlateau" uid="10653073" lat="-22.8296312" lon="-43.1038418"/>
 <node id="1971470130" visible="true" version="2" changeset="87167607" timestamp="2020-06-26T04:35:27Z" user="Wynwood" uid="9625546" lat="-22.8298129" lon="-43.1034207"/>
 <node id="1971470177" visible="true" version="3" changeset="88661160" timestamp="2020-07-29T07:36:00Z" user="ExmouthPlateau" uid="10653073" lat="-22.8299068" lon="-43.1028816"/>
 <node id="1971470269" visible="true" version="1" changeset="13541166" timestamp="2012-10-18T08:17:09Z" user="Skippern" uid="31385" lat="-22.8311943" lon="-43.1056658">
  <tag k="seamark:buoy_special_purpose:colour" v="yellow"/>
  <tag k="seamark:buoy_special_purpose:shape" v="conical"/>
  <tag k="seamark:name" v="4"/>
  <tag k="seamark:type" v="buoy_special_purpose"/>
 </node>
 <node id="1971470312" visible="true" version="3" changeset="13735322" timestamp="2012-11-03T15:15:39Z" user="Skippern" uid="31385" lat="-22.8320480" lon="-43.1003748">
  <tag k="historic" v="wreck"/>
  <tag k="seamark:type" v="wreck"/>
  <tag k="seamark:wreck:category" v="hull_showing"/>
  <tag k="stranded" v="yes"/>
 </node>
 <node id="1971470675" visible="true" version="2" changeset="176607130" timestamp="2025-12-30T03:07:12Z" user="lucianoAF" uid="23222106" lat="-22.8329014" lon="-43.1170284">
  <tag k="seamark:buoy_special_purpose:colour" v="yellow"/>
  <tag k="seamark:buoy_special_purpose:shape" v="conical"/>
  <tag k="seamark:name" v="2"/>
  <tag k="seamark:type" v="buoy_special_purpose"/>
 </node>
 <node id="1971472213" visible="true" version="2" changeset="176607130" timestamp="2025-12-30T03:07:12Z" user="lucianoAF" uid="23222106" lat="-22.8344585" lon="-43.1033515">
  <tag k="seamark:buoy_special_purpose:colour" v="yellow"/>
  <tag k="seamark:buoy_special_purpose:shape" v="conical"/>
  <tag k="seamark:name" v="5"/>
  <tag k="seamark:type" v="buoy_special_purpose"/>
 </node>
 <node id="1971472609" visible="true" version="3" changeset="13735322" timestamp="2012-11-03T15:15:43Z" user="Skippern" uid="31385" lat="-22.8367789" lon="-43.1051592">
  <tag k="historic" v="wreck"/>
  <tag k="seamark:type" v="wreck"/>
  <tag k="seamark:wreck:category" v="hull_showing"/>
  <tag k="stranded" v="yes"/>
 </node>
 <node id="1971472992" visible="true" version="2" changeset="176607130" timestamp="2025-12-30T03:07:12Z" user="lucianoAF" uid="23222106" lat="-22.8399701" lon="-43.1114917">
  <tag k="seamark:beacon_lateral:category" v="port"/>
  <tag k="seamark:beacon_lateral:colour" v="green"/>
  <tag k="seamark:beacon_lateral:system" v="iala-b"/>
  <tag k="seamark:name" v="Ponta do Morcego"/>
  <tag k="seamark:topmark:colour" v="green"/>
  <tag k="seamark:topmark:shape" v="cylinder"/>
  <tag k="seamark:type" v="beacon_lateral"/>
 </node>
 <node id="1971472993" visible="true" version="2" changeset="176607130" timestamp="2025-12-30T03:07:12Z" user="lucianoAF" uid="23222106" lat="-22.8405209" lon="-43.1036951">
  <tag k="seamark:buoy_lateral:category" v="starboard"/>
  <tag k="seamark:buoy_lateral:colour" v="red"/>
  <tag k="seamark:buoy_lateral:shape" v="pillar"/>
  <tag k="seamark:buoy_lateral:system" v="iala-b"/>
  <tag k="seamark:light:character" v="Q"/>
  <tag k="seamark:light:colour" v="red"/>
  <tag k="seamark:name" v="3"/>
  <tag k="seamark:topmark:colour" v="red"/>
  <tag k="seamark:topmark:shape" v="cone, point up"/>
  <tag k="seamark:type" v="buoy_lateral"/>
 </node>
 <node id="1971472997" visible="true" version="1" changeset="13541166" timestamp="2012-10-18T08:18:33Z" user="Skippern" uid="31385" lat="-22.8416989" lon="-43.1039902">
  <tag k="seamark:beacon_lateral:category" v="starboard"/>
  <tag k="seamark:beacon_lateral:colour" v="red"/>
  <tag k="seamark:beacon_lateral:system" v="iala-b"/>
  <tag k="seamark:topmark:colour" v="red"/>
  <tag k="seamark:topmark:shape" v="cone, point up"/>
  <tag k="seamark:type" v="beacon_lateral"/>
 </node>
 <node id="1971472998" visible="true" version="1" changeset="13541166" timestamp="2012-10-18T08:18:35Z" user="Skippern" uid="31385" lat="-22.8417169" lon="-43.1104588">
  <tag k="seamark:buoy_special_purpose:colour" v="yellow"/>
  <tag k="seamark:buoy_special_purpose:shape" v="conical"/>
  <tag k="seamark:name" v="1"/>
  <tag k="seamark:type" v="buoy_special_purpose"/>
 </node>
 <node id="1971473015" visible="true" version="1" changeset="13541166" timestamp="2012-10-18T08:18:42Z" user="Skippern" uid="31385" lat="-22.8437459" lon="-43.1088612">
  <tag k="seamark:buoy_lateral:category" v="starboard"/>
  <tag k="seamark:buoy_lateral:colour" v="red"/>
  <tag k="seamark:buoy_lateral:shape" v="pillar"/>
  <tag k="seamark:buoy_lateral:system" v="iala-b"/>
  <tag k="seamark:light:character" v="Q"/>
  <tag k="seamark:light:colour" v="red"/>
  <tag k="seamark:name" v="1"/>
  <tag k="seamark:topmark:colour" v="red"/>
  <tag k="seamark:topmark:shape" v="cone, point up"/>
  <tag k="seamark:type" v="buoy_lateral"/>
 </node>
 <node id="1979089570" visible="true" version="2" changeset="89834721" timestamp="2020-08-24T06:10:04Z" user="DosOjos" uid="10653273" lat="-22.8549777" lon="-43.1025852"/>
 <node id="1979089592" visible="true" version="2" changeset="88778346" timestamp="2020-07-31T11:03:18Z" user="ExmouthPlateau" uid="10653073" lat="-22.8548615" lon="-43.1030010"/>
 <node id="1979089610" visible="true" version="4" changeset="89834721" timestamp="2020-08-24T06:10:04Z" user="DosOjos" uid="10653273" lat="-22.8550609" lon="-43.1024395"/>
 <node id="1979089632" visible="true" version="2" changeset="88778346" timestamp="2020-07-31T11:03:18Z" user="ExmouthPlateau" uid="10653073" lat="-22.8546712" lon="-43.1027569"/>
 <node id="2122632022" visible="true" version="3" changeset="124455324" timestamp="2022-08-03T22:30:37Z" user="Fidelis Assis" uid="1675654" lat="-22.8211883" lon="-43.0844889"/>
 <node id="2122632026" visible="true" version="2" changeset="88709408" timestamp="2020-07-30T05:20:12Z" user="ExmouthPlateau" uid="10653073" lat="-22.8226127" lon="-43.0898206"/>
 <node id="2122632028" visible="true" version="2" changeset="88709408" timestamp="2020-07-30T05:20:12Z" user="ExmouthPlateau" uid="10653073" lat="-22.8227110" lon="-43.0900016"/>
 <node id="2122632033" visible="true" version="2" changeset="88709408" timestamp="2020-07-30T05:20:12Z" user="ExmouthPlateau" uid="10653073" lat="-22.8231610" lon="-43.0894042"/>
 <node id="2122632034" visible="true" version="2" changeset="88709408" timestamp="2020-07-30T05:20:12Z" user="ExmouthPlateau" uid="10653073" lat="-22.8232617" lon="-43.0896040"/>
 <node id="2122632056" visible="true" version="2" changeset="88663750" timestamp="2020-07-29T08:15:35Z" user="ExmouthPlateau" uid="10653073" lat="-22.8323406" lon="-43.0968225"/>
 <node id="2122632057" visible="true" version="2" changeset="88663750" timestamp="2020-07-29T08:15:35Z" user="ExmouthPlateau" uid="10653073" lat="-22.8323838" lon="-43.0969177"/>
 <node id="2122632058" visible="true" version="2" changeset="88663750" timestamp="2020-07-29T08:15:35Z" user="ExmouthPlateau" uid="10653073" lat="-22.8323999" lon="-43.0969499"/>
 <node id="2122632059" visible="true" version="2" changeset="88663750" timestamp="2020-07-29T08:15:35Z" user="ExmouthPlateau" uid="10653073" lat="-22.8324722" lon="-43.0969184"/>
 <node id="2122632061" visible="true" version="2" changeset="88663750" timestamp="2020-07-29T08:15:35Z" user="ExmouthPlateau" uid="10653073" lat="-22.8324957" lon="-43.0969211"/>
 <node id="2122632062" visible="true" version="2" changeset="88663750" timestamp="2020-07-29T08:15:35Z" user="ExmouthPlateau" uid="10653073" lat="-22.8326020" lon="-43.0972517"/>
 <node id="2122632063" visible="true" version="2" changeset="88663750" timestamp="2020-07-29T08:15:35Z" user="ExmouthPlateau" uid="10653073" lat="-22.8328047" lon="-43.0978055"/>
 <node id="2122632064" visible="true" version="2" changeset="88663750" timestamp="2020-07-29T08:15:35Z" user="ExmouthPlateau" uid="10653073" lat="-22.8328183" lon="-43.0978008"/>
 <node id="2122707004" visible="true" version="3" changeset="88709408" timestamp="2020-07-30T05:20:12Z" user="ExmouthPlateau" uid="10653073" lat="-22.8239552" lon="-43.0908734"/>
 <node id="2122707022" visible="true" version="2" changeset="88714080" timestamp="2020-07-30T06:46:15Z" user="ExmouthPlateau" uid="10653073" lat="-22.8250493" lon="-43.0927160"/>
 <node id="2122707034" visible="true" version="3" changeset="88714080" timestamp="2020-07-30T06:46:15Z" user="ExmouthPlateau" uid="10653073" lat="-22.8253359" lon="-43.0935596"/>
 <node id="2122707037" visible="true" version="2" changeset="88714080" timestamp="2020-07-30T06:46:15Z" user="ExmouthPlateau" uid="10653073" lat="-22.8253543" lon="-43.0936296"/>
 <node id="2122707038" visible="true" version="2" changeset="88709408" timestamp="2020-07-30T05:20:12Z" user="ExmouthPlateau" uid="10653073" lat="-22.8253940" lon="-43.0938050"/>
 <node id="2122707041" visible="true" version="2" changeset="88709408" timestamp="2020-07-30T05:20:12Z" user="ExmouthPlateau" uid="10653073" lat="-22.8254644" lon="-43.0941738"/>
 <node id="2122707043" visible="true" version="2" changeset="88714080" timestamp="2020-07-30T06:46:15Z" user="ExmouthPlateau" uid="10653073" lat="-22.8254843" lon="-43.0942601"/>
 <node id="2122707044" visible="true" version="2" changeset="88714080" timestamp="2020-07-30T06:46:15Z" user="ExmouthPlateau" uid="10653073" lat="-22.8254959" lon="-43.0943180"/>
 <node id="2122707045" visible="true" version="2" changeset="88709408" timestamp="2020-07-30T05:20:12Z" user="ExmouthPlateau" uid="10653073" lat="-22.8255262" lon="-43.0944420"/>
 <node id="2122707059" visible="true" version="2" changeset="88714080" timestamp="2020-07-30T06:46:15Z" user="ExmouthPlateau" uid="10653073" lat="-22.8263451" lon="-43.0953416"/>
 <node id="2122707069" visible="true" version="2" changeset="88714080" timestamp="2020-07-30T06:46:15Z" user="ExmouthPlateau" uid="10653073" lat="-22.8263637" lon="-43.0953510"/>
 <node id="2122707114" visible="true" version="3" changeset="88709408" timestamp="2020-07-30T05:20:12Z" user="ExmouthPlateau" uid="10653073" lat="-22.8271622" lon="-43.0958005"/>
 <node id="2122707118" visible="true" version="2" changeset="88663750" timestamp="2020-07-29T08:15:35Z" user="ExmouthPlateau" uid="10653073" lat="-22.8271906" lon="-43.0958267"/>
 <node id="2122707146" visible="true" version="2" changeset="88663750" timestamp="2020-07-29T08:15:35Z" user="ExmouthPlateau" uid="10653073" lat="-22.8274928" lon="-43.0961251"/>
 <node id="2122707153" visible="true" version="2" changeset="88663750" timestamp="2020-07-29T08:15:35Z" user="ExmouthPlateau" uid="10653073" lat="-22.8275250" lon="-43.0961600"/>
 <node id="2122847818" visible="true" version="2" changeset="88714080" timestamp="2020-07-30T06:46:15Z" user="ExmouthPlateau" uid="10653073" lat="-22.8202215" lon="-43.0822326"/>
 <node id="2122847821" visible="true" version="2" changeset="88714080" timestamp="2020-07-30T06:46:15Z" user="ExmouthPlateau" uid="10653073" lat="-22.8202326" lon="-43.0821367"/>
 <node id="2122847829" visible="true" version="3" changeset="124455324" timestamp="2022-08-03T22:30:37Z" user="Fidelis Assis" uid="1675654" lat="-22.8197019" lon="-43.0839614"/>
 <node id="2122847858" visible="true" version="3" changeset="124455324" timestamp="2022-08-03T22:30:37Z" user="Fidelis Assis" uid="1675654" lat="-22.8211680" lon="-43.0847866"/>
 <node id="2122847862" visible="true" version="3" changeset="124455324" timestamp="2022-08-03T22:30:37Z" user="Fidelis Assis" uid="1675654" lat="-22.8211697" lon="-43.0848016"/>
 <node id="2122847865" visible="true" version="3" changeset="124455324" timestamp="2022-08-03T22:30:37Z" user="Fidelis Assis" uid="1675654" lat="-22.8210584" lon="-43.0849092"/>
 <node id="2122847870" visible="true" version="3" changeset="124455324" timestamp="2022-08-03T22:30:37Z" user="Fidelis Assis" uid="1675654" lat="-22.8210370" lon="-43.0850122"/>
 <node id="2122847873" visible="true" version="3" changeset="124455324" timestamp="2022-08-03T22:30:37Z" user="Fidelis Assis" uid="1675654" lat="-22.8210385" lon="-43.0850282"/>
 <node id="2122847877" visible="true" version="3" changeset="124455324" timestamp="2022-08-03T22:30:37Z" user="Fidelis Assis" uid="1675654" lat="-22.8211353" lon="-43.0851585"/>
 <node id="2122848574" visible="true" version="2" changeset="88663750" timestamp="2020-07-29T08:15:35Z" user="ExmouthPlateau" uid="10653073" lat="-22.8338756" lon="-43.0975974"/>
 <node id="2122848577" visible="true" version="2" changeset="88663750" timestamp="2020-07-29T08:15:35Z" user="ExmouthPlateau" uid="10653073" lat="-22.8339235" lon="-43.0975728"/>
 <node id="2122848594" visible="true" version="2" changeset="88663750" timestamp="2020-07-29T08:15:35Z" user="ExmouthPlateau" uid="10653073" lat="-22.8344430" lon="-43.0986585"/>
 <node id="2122848598" visible="true" version="2" changeset="88663750" timestamp="2020-07-29T08:15:35Z" user="ExmouthPlateau" uid="10653073" lat="-22.8345209" lon="-43.0986035"/>
 <node id="2122859489" visible="true" version="1" changeset="14737179" timestamp="2013-01-21T19:14:43Z" user="Alexandrecw" uid="893594" lat="-22.8455951" lon="-43.0973415"/>
 <node id="2122859493" visible="true" version="1" changeset="14737179" timestamp="2013-01-21T19:14:43Z" user="Alexandrecw" uid="893594" lat="-22.8456841" lon="-43.0969345"/>
 <node id="2122859494" visible="true" version="1" changeset="14737179" timestamp="2013-01-21T19:14:43Z" user="Alexandrecw" uid="893594" lat="-22.8458685" lon="-43.0975864"/>
 <node id="2122859496" visible="true" version="1" changeset="14737179" timestamp="2013-01-21T19:14:43Z" user="Alexandrecw" uid="893594" lat="-22.8458790" lon="-43.0974146"/>
 <node id="2122859501" visible="true" version="1" changeset="14737179" timestamp="2013-01-21T19:14:43Z" user="Alexandrecw" uid="893594" lat="-22.8459635" lon="-43.0976396"/>
 <node id="2122859503" visible="true" version="1" changeset="14737179" timestamp="2013-01-21T19:14:43Z" user="Alexandrecw" uid="893594" lat="-22.8459680" lon="-43.0970076"/>
 <node id="2122859504" visible="true" version="1" changeset="14737179" timestamp="2013-01-21T19:14:43Z" user="Alexandrecw" uid="893594" lat="-22.8461291" lon="-43.0970380"/>
 <node id="2122859506" visible="true" version="1" changeset="14737179" timestamp="2013-01-21T19:14:43Z" user="Alexandrecw" uid="893594" lat="-22.8462242" lon="-43.0970912"/>
 <node id="2125167353" visible="true" version="1" changeset="14758001" timestamp="2013-01-23T14:45:56Z" user="Alexandrecw" uid="893594" lat="-22.8431364" lon="-43.0969979"/>
 <node id="2125167355" visible="true" version="1" changeset="14758001" timestamp="2013-01-23T14:45:56Z" user="Alexandrecw" uid="893594" lat="-22.8431464" lon="-43.0968751"/>
 <node id="2125167358" visible="true" version="1" changeset="14758001" timestamp="2013-01-23T14:45:56Z" user="Alexandrecw" uid="893594" lat="-22.8432030" lon="-43.0971243"/>
 <node id="2125167359" visible="true" version="1" changeset="14758001" timestamp="2013-01-23T14:45:56Z" user="Alexandrecw" uid="893594" lat="-22.8432329" lon="-43.0967559"/>
 <node id="2125167360" visible="true" version="1" changeset="14758001" timestamp="2013-01-23T14:45:56Z" user="Alexandrecw" uid="893594" lat="-22.8433561" lon="-43.0967270"/>
 <node id="2125167367" visible="true" version="1" changeset="14758001" timestamp="2013-01-23T14:45:56Z" user="Alexandrecw" uid="893594" lat="-22.8440651" lon="-43.0969510"/>
 <node id="2125167369" visible="true" version="1" changeset="14758001" timestamp="2013-01-23T14:45:56Z" user="Alexandrecw" uid="893594" lat="-22.8442116" lon="-43.0970557"/>
 <node id="2125167370" visible="true" version="1" changeset="14758001" timestamp="2013-01-23T14:45:56Z" user="Alexandrecw" uid="893594" lat="-22.8442282" lon="-43.0976228"/>
 <node id="2125167376" visible="true" version="1" changeset="14758001" timestamp="2013-01-23T14:45:57Z" user="Alexandrecw" uid="893594" lat="-22.8442881" lon="-43.0972110"/>
 <node id="2125167378" visible="true" version="1" changeset="14758001" timestamp="2013-01-23T14:45:57Z" user="Alexandrecw" uid="893594" lat="-22.8443114" lon="-43.0973880"/>
 <node id="2125167383" visible="true" version="2" changeset="178458636" timestamp="2026-02-12T13:38:51Z" user="DressyPear4" uid="3984659" lat="-22.8464442" lon="-43.0969282"/>
 <node id="2125167384" visible="true" version="2" changeset="118866031" timestamp="2022-03-24T13:49:18Z" user="DressyPear4" uid="3984659" lat="-22.8444239" lon="-43.0975172"/>
 <node id="2125167402" visible="true" version="2" changeset="118866031" timestamp="2022-03-24T13:49:18Z" user="DressyPear4" uid="3984659" lat="-22.8457305" lon="-43.0981947"/>
 <node id="2125167405" visible="true" version="1" changeset="14758001" timestamp="2013-01-23T14:45:57Z" user="Alexandrecw" uid="893594" lat="-22.8459524" lon="-43.0957589"/>
 <node id="2125167406" visible="true" version="1" changeset="14758001" timestamp="2013-01-23T14:45:57Z" user="Alexandrecw" uid="893594" lat="-22.8461360" lon="-43.0951357"/>
 <node id="2125167408" visible="true" version="1" changeset="14758001" timestamp="2013-01-23T14:45:57Z" user="Alexandrecw" uid="893594" lat="-22.8461454" lon="-43.0959836"/>
 <node id="2125167411" visible="true" version="2" changeset="178458636" timestamp="2026-02-12T13:38:51Z" user="DressyPear4" uid="3984659" lat="-22.8471567" lon="-43.0980858"/>
 <node id="2125167414" visible="true" version="2" changeset="118866031" timestamp="2022-03-24T13:49:18Z" user="DressyPear4" uid="3984659" lat="-22.8466319" lon="-43.0963857"/>
 <node id="2125167417" visible="true" version="1" changeset="14758001" timestamp="2013-01-23T14:45:57Z" user="Alexandrecw" uid="893594" lat="-22.8470540" lon="-43.0954677"/>
 <node id="2125167419" visible="true" version="3" changeset="178458636" timestamp="2026-02-12T13:38:51Z" user="DressyPear4" uid="3984659" lat="-22.8476656" lon="-43.0977752"/>
 <node id="2125167422" visible="true" version="1" changeset="14758001" timestamp="2013-01-23T14:45:57Z" user="Alexandrecw" uid="893594" lat="-22.8473411" lon="-43.0947219"/>
 <node id="2125167442" visible="true" version="2" changeset="111160290" timestamp="2021-09-13T18:37:46Z" user="kikonit92" uid="10400530" lat="-22.8478244" lon="-43.0977801"/>
 <node id="2125167455" visible="true" version="3" changeset="111160290" timestamp="2021-09-13T18:37:46Z" user="kikonit92" uid="10400530" lat="-22.8475980" lon="-43.0942006"/>
 <node id="2125167491" visible="true" version="2" changeset="111160290" timestamp="2021-09-13T18:37:46Z" user="kikonit92" uid="10400530" lat="-22.8485457" lon="-43.0984664"/>
 <node id="2125167494" visible="true" version="4" changeset="178458636" timestamp="2026-02-12T13:38:51Z" user="DressyPear4" uid="3984659" lat="-22.8481205" lon="-43.0946133"/>
 <node id="2125167502" visible="true" version="3" changeset="111160290" timestamp="2021-09-13T18:37:46Z" user="kikonit92" uid="10400530" lat="-22.8492855" lon="-43.0974543"/>
 <node id="2125167504" visible="true" version="2" changeset="111160290" timestamp="2021-09-13T18:37:46Z" user="kikonit92" uid="10400530" lat="-22.8495987" lon="-43.0983116"/>
 <node id="2125167511" visible="true" version="2" changeset="111160290" timestamp="2021-09-13T18:37:46Z" user="kikonit92" uid="10400530" lat="-22.8495302" lon="-43.0983756"/>
 <node id="2125167514" visible="true" version="2" changeset="111160290" timestamp="2021-09-13T18:37:46Z" user="kikonit92" uid="10400530" lat="-22.8490686" lon="-43.0985578"/>
 <node id="2125167516" visible="true" version="2" changeset="111160290" timestamp="2021-09-13T18:37:46Z" user="kikonit92" uid="10400530" lat="-22.8493527" lon="-43.0984736"/>
 <node id="2125167519" visible="true" version="3" changeset="111160290" timestamp="2021-09-13T18:37:46Z" user="kikonit92" uid="10400530" lat="-22.8485304" lon="-43.0968468"/>
 <node id="2125167525" visible="true" version="3" changeset="111160290" timestamp="2021-09-13T18:37:46Z" user="kikonit92" uid="10400530" lat="-22.8486244" lon="-43.0961526"/>
 <node id="2125167532" visible="true" version="3" changeset="111160290" timestamp="2021-09-13T18:37:46Z" user="kikonit92" uid="10400530" lat="-22.8492355" lon="-43.0972758"/>
 <node id="2125167550" visible="true" version="3" changeset="111160290" timestamp="2021-09-13T18:37:46Z" user="kikonit92" uid="10400530" lat="-22.8481583" lon="-43.0953519"/>
 <node id="2557482145" visible="true" version="3" changeset="27335646" timestamp="2014-12-08T14:56:44Z" user="Helio Coutinho" uid="1819774" lat="-22.8544850" lon="-43.1020640"/>
 <node id="2559695156" visible="true" version="2" changeset="27335646" timestamp="2014-12-08T14:56:44Z" user="Helio Coutinho" uid="1819774" lat="-22.8548854" lon="-43.1023215"/>
 <node id="2577407877" visible="true" version="2" changeset="176607130" timestamp="2025-12-30T03:07:12Z" user="lucianoAF" uid="23222106" lat="-22.8327189" lon="-43.1084988"/>
 <node id="2577407879" visible="true" version="2" changeset="70463349" timestamp="2019-05-21T05:15:24Z" user="Sturm br" uid="604619" lat="-22.8326893" lon="-43.1096235"/>
 <node id="2577407880" visible="true" version="2" changeset="70463349" timestamp="2019-05-21T05:15:24Z" user="Sturm br" uid="604619" lat="-22.8325705" lon="-43.1101339"/>
 <node id="2577407881" visible="true" version="1" changeset="19419869" timestamp="2013-12-12T20:15:35Z" user="Lucas Marques" uid="1208664" lat="-22.8324151" lon="-43.1102371"/>
 <node id="2577407882" visible="true" version="1" changeset="19419869" timestamp="2013-12-12T20:15:35Z" user="Lucas Marques" uid="1208664" lat="-22.8323360" lon="-43.1104732"/>
 <node id="2577407883" visible="true" version="1" changeset="19419869" timestamp="2013-12-12T20:15:35Z" user="Lucas Marques" uid="1208664" lat="-22.8325930" lon="-43.1107521"/>
 <node id="2577407884" visible="true" version="1" changeset="19419869" timestamp="2013-12-12T20:15:35Z" user="Lucas Marques" uid="1208664" lat="-22.8331369" lon="-43.1109345"/>
 <node id="2577407885" visible="true" version="1" changeset="19419869" timestamp="2013-12-12T20:15:35Z" user="Lucas Marques" uid="1208664" lat="-22.8336610" lon="-43.1107950"/>
 <node id="2577407886" visible="true" version="2" changeset="176607130" timestamp="2025-12-30T03:07:12Z" user="lucianoAF" uid="23222106" lat="-22.8340396" lon="-43.1105895"/>
 <node id="2577407887" visible="true" version="2" changeset="176607130" timestamp="2025-12-30T03:07:12Z" user="lucianoAF" uid="23222106" lat="-22.8344109" lon="-43.1100677"/>
 <node id="2577407888" visible="true" version="3" changeset="176607130" timestamp="2025-12-30T03:07:12Z" user="lucianoAF" uid="23222106" lat="-22.8348682" lon="-43.1101530"/>
 <node id="2577407889" visible="true" version="3" changeset="176607130" timestamp="2025-12-30T03:07:12Z" user="lucianoAF" uid="23222106" lat="-22.8352766" lon="-43.1102873"/>
 <node id="2577407890" visible="true" version="2" changeset="70463349" timestamp="2019-05-21T05:15:24Z" user="Sturm br" uid="604619" lat="-22.8356943" lon="-43.1108561"/>
 <node id="2577407891" visible="true" version="1" changeset="19419869" timestamp="2013-12-12T20:15:35Z" user="Lucas Marques" uid="1208664" lat="-22.8355199" lon="-43.1113744"/>
 <node id="2577407892" visible="true" version="1" changeset="19419869" timestamp="2013-12-12T20:15:35Z" user="Lucas Marques" uid="1208664" lat="-22.8347882" lon="-43.1120288"/>
 <node id="2577407893" visible="true" version="2" changeset="70463168" timestamp="2019-05-21T05:03:36Z" user="Sturm br" uid="604619" lat="-22.8346276" lon="-43.1125067"/>
 <node id="2577407894" visible="true" version="3" changeset="88664209" timestamp="2020-07-29T08:22:45Z" user="ExmouthPlateau" uid="10653073" lat="-22.8348756" lon="-43.1125724"/>
 <node id="2577407895" visible="true" version="3" changeset="88664209" timestamp="2020-07-29T08:22:45Z" user="ExmouthPlateau" uid="10653073" lat="-22.8346952" lon="-43.1128219"/>
 <node id="2577407896" visible="true" version="1" changeset="19419869" timestamp="2013-12-12T20:15:35Z" user="Lucas Marques" uid="1208664" lat="-22.8376922" lon="-43.1093720"/>
 <node id="2577407897" visible="true" version="2" changeset="70463168" timestamp="2019-05-21T05:03:36Z" user="Sturm br" uid="604619" lat="-22.8377160" lon="-43.1094609"/>
 <node id="2577407898" visible="true" version="2" changeset="70463168" timestamp="2019-05-21T05:03:36Z" user="Sturm br" uid="604619" lat="-22.8374137" lon="-43.1097538"/>
 <node id="2577407899" visible="true" version="1" changeset="19419869" timestamp="2013-12-12T20:15:35Z" user="Lucas Marques" uid="1208664" lat="-22.8369003" lon="-43.1102313"/>
 <node id="2577407900" visible="true" version="1" changeset="19419869" timestamp="2013-12-12T20:15:35Z" user="Lucas Marques" uid="1208664" lat="-22.8367281" lon="-43.1103620"/>
 <node id="2577407901" visible="true" version="1" changeset="19419869" timestamp="2013-12-12T20:15:35Z" user="Lucas Marques" uid="1208664" lat="-22.8364613" lon="-43.1100351"/>
 <node id="2577407902" visible="true" version="2" changeset="70463349" timestamp="2019-05-21T05:15:24Z" user="Sturm br" uid="604619" lat="-22.8363217" lon="-43.1095992"/>
 <node id="2577407903" visible="true" version="1" changeset="19419869" timestamp="2013-12-12T20:15:35Z" user="Lucas Marques" uid="1208664" lat="-22.8364010" lon="-43.1089890"/>
 <node id="2577407904" visible="true" version="1" changeset="19419869" timestamp="2013-12-12T20:15:35Z" user="Lucas Marques" uid="1208664" lat="-22.8368314" lon="-43.1084847"/>
 <node id="2577407905" visible="true" version="1" changeset="19419869" timestamp="2013-12-12T20:15:35Z" user="Lucas Marques" uid="1208664" lat="-22.8370639" lon="-43.1081298"/>
 <node id="2577407906" visible="true" version="1" changeset="19419869" timestamp="2013-12-12T20:15:35Z" user="Lucas Marques" uid="1208664" lat="-22.8375717" lon="-43.1078496"/>
 <node id="2577407907" visible="true" version="2" changeset="70463168" timestamp="2019-05-21T05:03:36Z" user="Sturm br" uid="604619" lat="-22.8383054" lon="-43.1074128"/>
 <node id="2577407908" visible="true" version="2" changeset="70463168" timestamp="2019-05-21T05:03:36Z" user="Sturm br" uid="604619" lat="-22.8387327" lon="-43.1071341"/>
 <node id="2577407909" visible="true" version="2" changeset="70463168" timestamp="2019-05-21T05:03:36Z" user="Sturm br" uid="604619" lat="-22.8390998" lon="-43.1076083"/>
 <node id="2577407910" visible="true" version="1" changeset="19419869" timestamp="2013-12-12T20:15:35Z" user="Lucas Marques" uid="1208664" lat="-22.8390953" lon="-43.1077655"/>
 <node id="2577407911" visible="true" version="1" changeset="19419869" timestamp="2013-12-12T20:15:35Z" user="Lucas Marques" uid="1208664" lat="-22.8380882" lon="-43.1086248"/>
 <node id="2577407912" visible="true" version="1" changeset="19419869" timestamp="2013-12-12T20:15:35Z" user="Lucas Marques" uid="1208664" lat="-22.8375373" lon="-43.1087836"/>
 <node id="2577407913" visible="true" version="1" changeset="19419869" timestamp="2013-12-12T20:15:35Z" user="Lucas Marques" uid="1208664" lat="-22.8374340" lon="-43.1089237"/>
 <node id="2577407914" visible="true" version="1" changeset="19419869" timestamp="2013-12-12T20:15:35Z" user="Lucas Marques" uid="1208664" lat="-22.8375287" lon="-43.1091665"/>
 <node id="2597058800" visible="true" version="1" changeset="19663567" timestamp="2013-12-27T16:05:18Z" user="ftrebienimports" uid="1593814" lat="-22.8324129" lon="-43.0952171"/>
 <node id="2597058811" visible="true" version="1" changeset="19663567" timestamp="2013-12-27T16:05:18Z" user="ftrebienimports" uid="1593814" lat="-22.8331219" lon="-43.0943947"/>
 <node id="2597058820" visible="true" version="1" changeset="19663567" timestamp="2013-12-27T16:05:18Z" user="ftrebienimports" uid="1593814" lat="-22.8336419" lon="-43.0960018"/>
 <node id="2597058821" visible="true" version="1" changeset="19663567" timestamp="2013-12-27T16:05:18Z" user="ftrebienimports" uid="1593814" lat="-22.8336419" lon="-43.0962475"/>
 <node id="2597058822" visible="true" version="1" changeset="19663567" timestamp="2013-12-27T16:05:18Z" user="ftrebienimports" uid="1593814" lat="-22.8336797" lon="-43.0974576"/>
 <node id="2597058824" visible="true" version="1" changeset="19663567" timestamp="2013-12-27T16:05:18Z" user="ftrebienimports" uid="1593814" lat="-22.8337269" lon="-43.0956236"/>
 <node id="2597058829" visible="true" version="1" changeset="19663567" timestamp="2013-12-27T16:05:18Z" user="ftrebienimports" uid="1593814" lat="-22.8338971" lon="-43.0953306"/>
 <node id="2597058831" visible="true" version="1" changeset="19663567" timestamp="2013-12-27T16:05:18Z" user="ftrebienimports" uid="1593814" lat="-22.8339727" lon="-43.0973441"/>
 <node id="2597058834" visible="true" version="1" changeset="19663567" timestamp="2013-12-27T16:05:18Z" user="ftrebienimports" uid="1593814" lat="-22.8340011" lon="-43.0949902"/>
 <node id="2597058846" visible="true" version="1" changeset="19663567" timestamp="2013-12-27T16:05:19Z" user="ftrebienimports" uid="1593814" lat="-22.8344265" lon="-43.0950470"/>
 <node id="2597058849" visible="true" version="1" changeset="19663567" timestamp="2013-12-27T16:05:19Z" user="ftrebienimports" uid="1593814" lat="-22.8345777" lon="-43.0948201"/>
 <node id="2656149794" visible="true" version="6" changeset="144384218" timestamp="2023-11-23T21:30:58Z" user="Marcos_Itba_Kaart" uid="12689837" lat="-22.8441886" lon="-43.0985719"/>
 <node id="2656149795" visible="true" version="4" changeset="144384218" timestamp="2023-11-23T21:30:58Z" user="Marcos_Itba_Kaart" uid="12689837" lat="-22.8442955" lon="-43.0984118"/>
 <node id="2656149796" visible="true" version="4" changeset="144384218" timestamp="2023-11-23T21:30:58Z" user="Marcos_Itba_Kaart" uid="12689837" lat="-22.8442907" lon="-43.0983576"/>
 <node id="2656149797" visible="true" version="4" changeset="144384218" timestamp="2023-11-23T21:30:58Z" user="Marcos_Itba_Kaart" uid="12689837" lat="-22.8440925" lon="-43.0982231"/>
 <node id="2656149798" visible="true" version="4" changeset="144384218" timestamp="2023-11-23T21:30:58Z" user="Marcos_Itba_Kaart" uid="12689837" lat="-22.8439833" lon="-43.0983074"/>
 <node id="2656149799" visible="true" version="4" changeset="144384218" timestamp="2023-11-23T21:30:58Z" user="Marcos_Itba_Kaart" uid="12689837" lat="-22.8440415" lon="-43.0985589"/>
 <node id="2656149800" visible="true" version="4" changeset="144384218" timestamp="2023-11-23T21:30:58Z" user="Marcos_Itba_Kaart" uid="12689837" lat="-22.8440932" lon="-43.0985806"/>
 <node id="2752505019" visible="true" version="2" changeset="106223149" timestamp="2021-06-11T15:48:05Z" user="tomincolorado" uid="10304315" lat="-22.8469822" lon="-43.0989800">
  <tag k="highway" v="services"/>
  <tag k="name" v="Base de Operações da Autopista Fluminense"/>
  <tag k="operator" v="Autopista Fluminense"/>
 </node>
 <node id="2909871049" visible="true" version="1" changeset="22858193" timestamp="2014-06-10T20:16:02Z" user="Skippern" uid="31385" lat="-22.8288167" lon="-43.1118123">
  <tag k="seamark:fishing_facility:category" v="stake"/>
  <tag k="seamark:type" v="fishing_facility"/>
 </node>
 <node id="2909872455" visible="true" version="1" changeset="22858193" timestamp="2014-06-10T20:16:11Z" user="Skippern" uid="31385" lat="-22.8506250" lon="-43.1014627"/>
 <node id="2909872460" visible="true" version="1" changeset="22858193" timestamp="2014-06-10T20:16:11Z" user="Skippern" uid="31385" lat="-22.8539226" lon="-43.1034274"/>
 <node id="2909872552" visible="true" version="1" changeset="22858193" timestamp="2014-06-10T20:16:05Z" user="Skippern" uid="31385" lat="-22.8398074" lon="-43.0995242"/>
 <node id="2909872553" visible="true" version="1" changeset="22858193" timestamp="2014-06-10T20:16:05Z" user="Skippern" uid="31385" lat="-22.8398102" lon="-43.0969720"/>
 <node id="2909872555" visible="true" version="1" changeset="22858193" timestamp="2014-06-10T20:16:05Z" user="Skippern" uid="31385" lat="-22.8399903" lon="-43.1009382"/>
 <node id="2909872557" visible="true" version="1" changeset="22858193" timestamp="2014-06-10T20:16:08Z" user="Skippern" uid="31385" lat="-22.8403332" lon="-43.1019306"/>
 <node id="2909872559" visible="true" version="1" changeset="22858193" timestamp="2014-06-10T20:16:08Z" user="Skippern" uid="31385" lat="-22.8418795" lon="-43.1058656"/>
 <node id="2909872560" visible="true" version="1" changeset="22858193" timestamp="2014-06-10T20:16:08Z" user="Skippern" uid="31385" lat="-22.8425908" lon="-43.0979895"/>
 <node id="2909872561" visible="true" version="1" changeset="22858193" timestamp="2014-06-10T20:16:08Z" user="Skippern" uid="31385" lat="-22.8429302" lon="-43.1073567"/>
 <node id="2909872564" visible="true" version="1" changeset="22858193" timestamp="2014-06-10T20:16:08Z" user="Skippern" uid="31385" lat="-22.8504310" lon="-43.1076900"/>
 <node id="2910189545" visible="true" version="2" changeset="176607130" timestamp="2025-12-30T03:07:12Z" user="lucianoAF" uid="23222106" lat="-22.8372178" lon="-43.1141637">
  <tag k="seamark:fishing_facility:category" v="stake"/>
  <tag k="seamark:type" v="fishing_facility"/>
 </node>
 <node id="2939280173" visible="true" version="1" changeset="23273220" timestamp="2014-06-29T16:17:00Z" user="Alexandrecw" uid="893594" lat="-22.8357199" lon="-43.0964725"/>
 <node id="2939280174" visible="true" version="1" changeset="23273220" timestamp="2014-06-29T16:17:00Z" user="Alexandrecw" uid="893594" lat="-22.8357799" lon="-43.0964653"/>
 <node id="2939280175" visible="true" version="1" changeset="23273220" timestamp="2014-06-29T16:17:00Z" user="Alexandrecw" uid="893594" lat="-22.8358482" lon="-43.0964138"/>
 <node id="2939280176" visible="true" version="1" changeset="23273220" timestamp="2014-06-29T16:17:00Z" user="Alexandrecw" uid="893594" lat="-22.8358607" lon="-43.0963613"/>
 <node id="2939280177" visible="true" version="1" changeset="23273220" timestamp="2014-06-29T16:17:00Z" user="Alexandrecw" uid="893594" lat="-22.8358865" lon="-43.0962538"/>
 <node id="2939280178" visible="true" version="1" changeset="23273220" timestamp="2014-06-29T16:17:00Z" user="Alexandrecw" uid="893594" lat="-22.8358890" lon="-43.0962429"/>
 <node id="2939280179" visible="true" version="1" changeset="23273220" timestamp="2014-06-29T16:17:00Z" user="Alexandrecw" uid="893594" lat="-22.8359132" lon="-43.0961570"/>
 <node id="2939280180" visible="true" version="1" changeset="23273220" timestamp="2014-06-29T16:17:00Z" user="Alexandrecw" uid="893594" lat="-22.8359507" lon="-43.0960512"/>
 <node id="2939280181" visible="true" version="1" changeset="23273220" timestamp="2014-06-29T16:17:00Z" user="Alexandrecw" uid="893594" lat="-22.8359649" lon="-43.0959780"/>
 <node id="2939280182" visible="true" version="1" changeset="23273220" timestamp="2014-06-29T16:17:00Z" user="Alexandrecw" uid="893594" lat="-22.8359890" lon="-43.0958822"/>
 <node id="2939280183" visible="true" version="1" changeset="23273220" timestamp="2014-06-29T16:17:00Z" user="Alexandrecw" uid="893594" lat="-22.8360432" lon="-43.0957882"/>
 <node id="2939280184" visible="true" version="1" changeset="23273220" timestamp="2014-06-29T16:17:00Z" user="Alexandrecw" uid="893594" lat="-22.8361082" lon="-43.0957683"/>
 <node id="2939280185" visible="true" version="1" changeset="23273220" timestamp="2014-06-29T16:17:00Z" user="Alexandrecw" uid="893594" lat="-22.8361532" lon="-43.0954482"/>
 <node id="2939280186" visible="true" version="1" changeset="23273220" timestamp="2014-06-29T16:17:00Z" user="Alexandrecw" uid="893594" lat="-22.8361540" lon="-43.0956435"/>
 <node id="2939280187" visible="true" version="1" changeset="23273220" timestamp="2014-06-29T16:17:00Z" user="Alexandrecw" uid="893594" lat="-22.8361673" lon="-43.0954971"/>
 <node id="2939280188" visible="true" version="1" changeset="23273220" timestamp="2014-06-29T16:17:00Z" user="Alexandrecw" uid="893594" lat="-22.8361690" lon="-43.0957737"/>
 <node id="2939280189" visible="true" version="1" changeset="23273220" timestamp="2014-06-29T16:17:00Z" user="Alexandrecw" uid="893594" lat="-22.8361732" lon="-43.0956815"/>
 <node id="2939280190" visible="true" version="1" changeset="23273220" timestamp="2014-06-29T16:17:00Z" user="Alexandrecw" uid="893594" lat="-22.8361757" lon="-43.0953208"/>
 <node id="2939280191" visible="true" version="1" changeset="23273220" timestamp="2014-06-29T16:17:00Z" user="Alexandrecw" uid="893594" lat="-22.8361932" lon="-43.0951626"/>
 <node id="2939280192" visible="true" version="1" changeset="23273220" timestamp="2014-06-29T16:17:00Z" user="Alexandrecw" uid="893594" lat="-22.8361952" lon="-43.0976047"/>
 <node id="2939280193" visible="true" version="1" changeset="23273220" timestamp="2014-06-29T16:17:00Z" user="Alexandrecw" uid="893594" lat="-22.8361957" lon="-43.0957592"/>
 <node id="2939280194" visible="true" version="1" changeset="23273220" timestamp="2014-06-29T16:17:00Z" user="Alexandrecw" uid="893594" lat="-22.8362431" lon="-43.0950676"/>
 <node id="2939280195" visible="true" version="1" changeset="23273220" timestamp="2014-06-29T16:17:00Z" user="Alexandrecw" uid="893594" lat="-22.8363107" lon="-43.0973311"/>
 <node id="2939280196" visible="true" version="1" changeset="23273220" timestamp="2014-06-29T16:17:00Z" user="Alexandrecw" uid="893594" lat="-22.8363273" lon="-43.0950360"/>
 <node id="2939280197" visible="true" version="1" changeset="23273220" timestamp="2014-06-29T16:17:00Z" user="Alexandrecw" uid="893594" lat="-22.8364189" lon="-43.0950812"/>
 <node id="2939280198" visible="true" version="1" changeset="23273220" timestamp="2014-06-29T16:17:00Z" user="Alexandrecw" uid="893594" lat="-22.8364723" lon="-43.0951147"/>
 <node id="2939280199" visible="true" version="1" changeset="23273220" timestamp="2014-06-29T16:17:00Z" user="Alexandrecw" uid="893594" lat="-22.8365393" lon="-43.0968836"/>
 <node id="2939280200" visible="true" version="1" changeset="23273220" timestamp="2014-06-29T16:17:00Z" user="Alexandrecw" uid="893594" lat="-22.8366456" lon="-43.0951797"/>
 <node id="2939280601" visible="true" version="1" changeset="23273220" timestamp="2014-06-29T16:17:00Z" user="Alexandrecw" uid="893594" lat="-22.8367172" lon="-43.0965908"/>
 <node id="2939280602" visible="true" version="1" changeset="23273220" timestamp="2014-06-29T16:17:00Z" user="Alexandrecw" uid="893594" lat="-22.8367322" lon="-43.0951779"/>
 <node id="2939280603" visible="true" version="1" changeset="23273220" timestamp="2014-06-29T16:17:00Z" user="Alexandrecw" uid="893594" lat="-22.8367702" lon="-43.0965409"/>
 <node id="2939280604" visible="true" version="1" changeset="23273220" timestamp="2014-06-29T16:17:00Z" user="Alexandrecw" uid="893594" lat="-22.8368247" lon="-43.0951707"/>
 <node id="2939280605" visible="true" version="1" changeset="23273220" timestamp="2014-06-29T16:17:00Z" user="Alexandrecw" uid="893594" lat="-22.8368881" lon="-43.0965154"/>
 <node id="2939280606" visible="true" version="1" changeset="23273220" timestamp="2014-06-29T16:17:00Z" user="Alexandrecw" uid="893594" lat="-22.8369564" lon="-43.0951933"/>
 <node id="2939280607" visible="true" version="1" changeset="23273220" timestamp="2014-06-29T16:17:00Z" user="Alexandrecw" uid="893594" lat="-22.8370005" lon="-43.0952069"/>
 <node id="2939280608" visible="true" version="1" changeset="23273220" timestamp="2014-06-29T16:17:00Z" user="Alexandrecw" uid="893594" lat="-22.8370165" lon="-43.0963824"/>
 <node id="2939280609" visible="true" version="1" changeset="23273220" timestamp="2014-06-29T16:17:00Z" user="Alexandrecw" uid="893594" lat="-22.8370197" lon="-43.0951933"/>
 <node id="2939280610" visible="true" version="1" changeset="23273220" timestamp="2014-06-29T16:17:00Z" user="Alexandrecw" uid="893594" lat="-22.8370507" lon="-43.0962546"/>
 <node id="2939280611" visible="true" version="1" changeset="23273220" timestamp="2014-06-29T16:17:00Z" user="Alexandrecw" uid="893594" lat="-22.8370580" lon="-43.0951951"/>
 <node id="2939280612" visible="true" version="1" changeset="23273220" timestamp="2014-06-29T16:17:00Z" user="Alexandrecw" uid="893594" lat="-22.8370997" lon="-43.0952394"/>
 <node id="2939280613" visible="true" version="1" changeset="23273220" timestamp="2014-06-29T16:17:00Z" user="Alexandrecw" uid="893594" lat="-22.8371108" lon="-43.0961599"/>
 <node id="2939280614" visible="true" version="1" changeset="23273220" timestamp="2014-06-29T16:17:00Z" user="Alexandrecw" uid="893594" lat="-22.8371230" lon="-43.0952720"/>
 <node id="2939280615" visible="true" version="1" changeset="23273220" timestamp="2014-06-29T16:17:00Z" user="Alexandrecw" uid="893594" lat="-22.8371532" lon="-43.0960602"/>
 <node id="2939280616" visible="true" version="1" changeset="23273220" timestamp="2014-06-29T16:17:00Z" user="Alexandrecw" uid="893594" lat="-22.8371905" lon="-43.0953081"/>
 <node id="2939280624" visible="true" version="1" changeset="23273220" timestamp="2014-06-29T16:17:01Z" user="Alexandrecw" uid="893594" lat="-22.8373404" lon="-43.0974726"/>
 <node id="2939280625" visible="true" version="1" changeset="23273220" timestamp="2014-06-29T16:17:01Z" user="Alexandrecw" uid="893594" lat="-22.8373446" lon="-43.0953325"/>
 <node id="2939280626" visible="true" version="1" changeset="23273220" timestamp="2014-06-29T16:17:01Z" user="Alexandrecw" uid="893594" lat="-22.8373488" lon="-43.0957789"/>
 <node id="2939280630" visible="true" version="2" changeset="88663750" timestamp="2020-07-29T08:15:35Z" user="ExmouthPlateau" uid="10653073" lat="-22.8373890" lon="-43.0974501"/>
 <node id="2939280631" visible="true" version="1" changeset="23273220" timestamp="2014-06-29T16:17:01Z" user="Alexandrecw" uid="893594" lat="-22.8373804" lon="-43.0952946"/>
 <node id="2939280633" visible="true" version="2" changeset="88663750" timestamp="2020-07-29T08:15:35Z" user="ExmouthPlateau" uid="10653073" lat="-22.8374453" lon="-43.0974428"/>
 <node id="2939280635" visible="true" version="1" changeset="23273220" timestamp="2014-06-29T16:17:01Z" user="Alexandrecw" uid="893594" lat="-22.8374413" lon="-43.0953181"/>
 <node id="2939280636" visible="true" version="1" changeset="23273220" timestamp="2014-06-29T16:17:01Z" user="Alexandrecw" uid="893594" lat="-22.8374513" lon="-43.0956997"/>
 <node id="2939280637" visible="true" version="1" changeset="23273220" timestamp="2014-06-29T16:17:01Z" user="Alexandrecw" uid="893594" lat="-22.8374529" lon="-43.0953615"/>
 <node id="2939280638" visible="true" version="1" changeset="23273220" timestamp="2014-06-29T16:17:01Z" user="Alexandrecw" uid="893594" lat="-22.8374688" lon="-43.0953777"/>
 <node id="2939280642" visible="true" version="1" changeset="23273220" timestamp="2014-06-29T16:17:01Z" user="Alexandrecw" uid="893594" lat="-22.8375096" lon="-43.0953804"/>
 <node id="2939280643" visible="true" version="1" changeset="23273220" timestamp="2014-06-29T16:17:01Z" user="Alexandrecw" uid="893594" lat="-22.8375487" lon="-43.0953687"/>
 <node id="2939280645" visible="true" version="1" changeset="23273220" timestamp="2014-06-29T16:17:01Z" user="Alexandrecw" uid="893594" lat="-22.8375550" lon="-43.0974896"/>
 <node id="2939280647" visible="true" version="1" changeset="23273220" timestamp="2014-06-29T16:17:01Z" user="Alexandrecw" uid="893594" lat="-22.8375846" lon="-43.0953506"/>
 <node id="2939280648" visible="true" version="2" changeset="88661678" timestamp="2020-07-29T07:43:48Z" user="ExmouthPlateau" uid="10653073" lat="-22.8376379" lon="-43.0955519"/>
 <node id="2939280651" visible="true" version="1" changeset="23273220" timestamp="2014-06-29T16:17:01Z" user="Alexandrecw" uid="893594" lat="-22.8376304" lon="-43.0953832"/>
 <node id="2939280653" visible="true" version="1" changeset="23273220" timestamp="2014-06-29T16:17:01Z" user="Alexandrecw" uid="893594" lat="-22.8376437" lon="-43.0953985"/>
 <node id="2939280659" visible="true" version="1" changeset="23273220" timestamp="2014-06-29T16:17:01Z" user="Alexandrecw" uid="893594" lat="-22.8376879" lon="-43.0953886"/>
 <node id="2939280662" visible="true" version="1" changeset="23273220" timestamp="2014-06-29T16:17:01Z" user="Alexandrecw" uid="893594" lat="-22.8377195" lon="-43.0954220"/>
 <node id="2939280666" visible="true" version="2" changeset="88663750" timestamp="2020-07-29T08:15:35Z" user="ExmouthPlateau" uid="10653073" lat="-22.8377648" lon="-43.0976594"/>
 <node id="2939280667" visible="true" version="1" changeset="23273220" timestamp="2014-06-29T16:17:02Z" user="Alexandrecw" uid="893594" lat="-22.8377412" lon="-43.0954501"/>
 <node id="2939280668" visible="true" version="2" changeset="88663750" timestamp="2020-07-29T08:15:35Z" user="ExmouthPlateau" uid="10653073" lat="-22.8377178" lon="-43.0975842"/>
 <node id="2939280673" visible="true" version="1" changeset="23273220" timestamp="2014-06-29T16:17:02Z" user="Alexandrecw" uid="893594" lat="-22.8377895" lon="-43.0954284"/>
 <node id="2939280679" visible="true" version="1" changeset="23273220" timestamp="2014-06-29T16:17:02Z" user="Alexandrecw" uid="893594" lat="-22.8378412" lon="-43.0954148"/>
 <node id="2939280680" visible="true" version="2" changeset="88663750" timestamp="2020-07-29T08:15:35Z" user="ExmouthPlateau" uid="10653073" lat="-22.8378902" lon="-43.0977894"/>
 <node id="2939280682" visible="true" version="1" changeset="23273220" timestamp="2014-06-29T16:17:02Z" user="Alexandrecw" uid="893594" lat="-22.8379220" lon="-43.0954681"/>
 <node id="2939280683" visible="true" version="2" changeset="88663750" timestamp="2020-07-29T08:15:35Z" user="ExmouthPlateau" uid="10653073" lat="-22.8379415" lon="-43.0977881"/>
 <node id="2939280684" visible="true" version="1" changeset="23273220" timestamp="2014-06-29T16:17:02Z" user="Alexandrecw" uid="893594" lat="-22.8379345" lon="-43.0964743"/>
 <node id="2939280685" visible="true" version="1" changeset="23273220" timestamp="2014-06-29T16:17:02Z" user="Alexandrecw" uid="893594" lat="-22.8379378" lon="-43.0963930"/>
 <node id="2939280687" visible="true" version="1" changeset="23273220" timestamp="2014-06-29T16:17:02Z" user="Alexandrecw" uid="893594" lat="-22.8379653" lon="-43.0955088"/>
 <node id="2939280688" visible="true" version="2" changeset="88663750" timestamp="2020-07-29T08:15:35Z" user="ExmouthPlateau" uid="10653073" lat="-22.8379730" lon="-43.0977988"/>
 <node id="2939280690" visible="true" version="1" changeset="23273220" timestamp="2014-06-29T16:17:02Z" user="Alexandrecw" uid="893594" lat="-22.8379812" lon="-43.0965214"/>
 <node id="2939280691" visible="true" version="1" changeset="23273220" timestamp="2014-06-29T16:17:02Z" user="Alexandrecw" uid="893594" lat="-22.8379928" lon="-43.0963677"/>
 <node id="2939280692" visible="true" version="2" changeset="88663750" timestamp="2020-07-29T08:15:35Z" user="ExmouthPlateau" uid="10653073" lat="-22.8379909" lon="-43.0978303"/>
 <node id="2939280693" visible="true" version="2" changeset="88663750" timestamp="2020-07-29T08:15:35Z" user="ExmouthPlateau" uid="10653073" lat="-22.8379922" lon="-43.0978598"/>
 <node id="2939280696" visible="true" version="1" changeset="23273220" timestamp="2014-06-29T16:17:02Z" user="Alexandrecw" uid="893594" lat="-22.8380487" lon="-43.0955278"/>
 <node id="2939280697" visible="true" version="1" changeset="23273220" timestamp="2014-06-29T16:17:02Z" user="Alexandrecw" uid="893594" lat="-22.8381111" lon="-43.0965033"/>
 <node id="2939280698" visible="true" version="1" changeset="23273220" timestamp="2014-06-29T16:17:02Z" user="Alexandrecw" uid="893594" lat="-22.8381361" lon="-43.0955468"/>
 <node id="2939280801" visible="true" version="1" changeset="23273220" timestamp="2014-06-29T16:17:02Z" user="Alexandrecw" uid="893594" lat="-22.8382694" lon="-43.0962592"/>
 <node id="2939280802" visible="true" version="1" changeset="23273220" timestamp="2014-06-29T16:17:03Z" user="Alexandrecw" uid="893594" lat="-22.8382861" lon="-43.0964328"/>
 <node id="2939280803" visible="true" version="1" changeset="23273220" timestamp="2014-06-29T16:17:03Z" user="Alexandrecw" uid="893594" lat="-22.8382928" lon="-43.0955396"/>
 <node id="2939280807" visible="true" version="1" changeset="23273220" timestamp="2014-06-29T16:17:03Z" user="Alexandrecw" uid="893594" lat="-22.8383928" lon="-43.0964346"/>
 <node id="2939280808" visible="true" version="1" changeset="23273220" timestamp="2014-06-29T16:17:03Z" user="Alexandrecw" uid="893594" lat="-22.8383978" lon="-43.0959012"/>
 <node id="2939280810" visible="true" version="1" changeset="23273220" timestamp="2014-06-29T16:17:03Z" user="Alexandrecw" uid="893594" lat="-22.8384111" lon="-43.0955848"/>
 <node id="2939280812" visible="true" version="1" changeset="23273220" timestamp="2014-06-29T16:17:03Z" user="Alexandrecw" uid="893594" lat="-22.8384444" lon="-43.0961579"/>
 <node id="2939280813" visible="true" version="1" changeset="23273220" timestamp="2014-06-29T16:17:03Z" user="Alexandrecw" uid="893594" lat="-22.8384527" lon="-43.0958379"/>
 <node id="2939280814" visible="true" version="1" changeset="23273220" timestamp="2014-06-29T16:17:03Z" user="Alexandrecw" uid="893594" lat="-22.8384577" lon="-43.0960585"/>
 <node id="2939280815" visible="true" version="1" changeset="23273220" timestamp="2014-06-29T16:17:03Z" user="Alexandrecw" uid="893594" lat="-22.8384611" lon="-43.0963640"/>
 <node id="2939280816" visible="true" version="1" changeset="23273220" timestamp="2014-06-29T16:17:03Z" user="Alexandrecw" uid="893594" lat="-22.8384844" lon="-43.0956896"/>
 <node id="2939280819" visible="true" version="1" changeset="23273220" timestamp="2014-06-29T16:17:03Z" user="Alexandrecw" uid="893594" lat="-22.8385211" lon="-43.0957710"/>
 <node id="2939280820" visible="true" version="1" changeset="23273220" timestamp="2014-06-29T16:17:03Z" user="Alexandrecw" uid="893594" lat="-22.8385411" lon="-43.0957240"/>
 <node id="2939280822" visible="true" version="1" changeset="23273220" timestamp="2014-06-29T16:17:03Z" user="Alexandrecw" uid="893594" lat="-22.8385594" lon="-43.0964129"/>
 <node id="2939280824" visible="true" version="1" changeset="23273220" timestamp="2014-06-29T16:17:03Z" user="Alexandrecw" uid="893594" lat="-22.8385977" lon="-43.0977219"/>
 <node id="2939280825" visible="true" version="1" changeset="23273220" timestamp="2014-06-29T16:17:03Z" user="Alexandrecw" uid="893594" lat="-22.8386060" lon="-43.0975013"/>
 <node id="2939280827" visible="true" version="1" changeset="23273220" timestamp="2014-06-29T16:17:03Z" user="Alexandrecw" uid="893594" lat="-22.8386160" lon="-43.0965069"/>
 <node id="2939280829" visible="true" version="1" changeset="23273220" timestamp="2014-06-29T16:17:03Z" user="Alexandrecw" uid="893594" lat="-22.8386260" lon="-43.0978630"/>
 <node id="2939280831" visible="true" version="1" changeset="23273220" timestamp="2014-06-29T16:17:03Z" user="Alexandrecw" uid="893594" lat="-22.8386477" lon="-43.0965376"/>
 <node id="2939280834" visible="true" version="1" changeset="23273220" timestamp="2014-06-29T16:17:03Z" user="Alexandrecw" uid="893594" lat="-22.8387210" lon="-43.0973043"/>
 <node id="2939280836" visible="true" version="1" changeset="23273220" timestamp="2014-06-29T16:17:03Z" user="Alexandrecw" uid="893594" lat="-22.8387294" lon="-43.0965430"/>
 <node id="2939280838" visible="true" version="1" changeset="23273220" timestamp="2014-06-29T16:17:03Z" user="Alexandrecw" uid="893594" lat="-22.8387510" lon="-43.0978141"/>
 <node id="2939280842" visible="true" version="1" changeset="23273220" timestamp="2014-06-29T16:17:03Z" user="Alexandrecw" uid="893594" lat="-22.8387910" lon="-43.0965412"/>
 <node id="2939280844" visible="true" version="1" changeset="23273220" timestamp="2014-06-29T16:17:03Z" user="Alexandrecw" uid="893594" lat="-22.8388060" lon="-43.0969752"/>
 <node id="2939280846" visible="true" version="1" changeset="23273220" timestamp="2014-06-29T16:17:03Z" user="Alexandrecw" uid="893594" lat="-22.8388177" lon="-43.0976062"/>
 <node id="2939280848" visible="true" version="1" changeset="23273220" timestamp="2014-06-29T16:17:03Z" user="Alexandrecw" uid="893594" lat="-22.8388243" lon="-43.0971415"/>
 <node id="2939280849" visible="true" version="1" changeset="23273220" timestamp="2014-06-29T16:17:03Z" user="Alexandrecw" uid="893594" lat="-22.8388310" lon="-43.0970457"/>
 <node id="2939280851" visible="true" version="1" changeset="23273220" timestamp="2014-06-29T16:17:03Z" user="Alexandrecw" uid="893594" lat="-22.8388593" lon="-43.0965756"/>
 <node id="2939280852" visible="true" version="1" changeset="23273220" timestamp="2014-06-29T16:17:03Z" user="Alexandrecw" uid="893594" lat="-22.8388627" lon="-43.0968794"/>
 <node id="2939280855" visible="true" version="1" changeset="23273220" timestamp="2014-06-29T16:17:03Z" user="Alexandrecw" uid="893594" lat="-22.8388793" lon="-43.0975556"/>
 <node id="2939280859" visible="true" version="1" changeset="23273220" timestamp="2014-06-29T16:17:04Z" user="Alexandrecw" uid="893594" lat="-22.8389010" lon="-43.0965394"/>
 <node id="2939280864" visible="true" version="1" changeset="23273220" timestamp="2014-06-29T16:17:04Z" user="Alexandrecw" uid="893594" lat="-22.8389893" lon="-43.0976279"/>
 <node id="2939280865" visible="true" version="1" changeset="23273220" timestamp="2014-06-29T16:17:04Z" user="Alexandrecw" uid="893594" lat="-22.8390343" lon="-43.0963080"/>
 <node id="2939280866" visible="true" version="1" changeset="23273220" timestamp="2014-06-29T16:17:04Z" user="Alexandrecw" uid="893594" lat="-22.8390560" lon="-43.0976605"/>
 <node id="2939280867" visible="true" version="1" changeset="23273220" timestamp="2014-06-29T16:17:04Z" user="Alexandrecw" uid="893594" lat="-22.8390910" lon="-43.0967546"/>
 <node id="2939280869" visible="true" version="1" changeset="23273220" timestamp="2014-06-29T16:17:04Z" user="Alexandrecw" uid="893594" lat="-22.8391276" lon="-43.0975357"/>
 <node id="2939280870" visible="true" version="1" changeset="23273220" timestamp="2014-06-29T16:17:04Z" user="Alexandrecw" uid="893594" lat="-22.8391293" lon="-43.0976243"/>
 <node id="2939280871" visible="true" version="1" changeset="23273220" timestamp="2014-06-29T16:17:04Z" user="Alexandrecw" uid="893594" lat="-22.8391376" lon="-43.0961742"/>
 <node id="2939280872" visible="true" version="1" changeset="23273220" timestamp="2014-06-29T16:17:04Z" user="Alexandrecw" uid="893594" lat="-22.8391509" lon="-43.0974019"/>
 <node id="2939280873" visible="true" version="1" changeset="23273220" timestamp="2014-06-29T16:17:04Z" user="Alexandrecw" uid="893594" lat="-22.8391609" lon="-43.0970547"/>
 <node id="2939280874" visible="true" version="1" changeset="23273220" timestamp="2014-06-29T16:17:04Z" user="Alexandrecw" uid="893594" lat="-22.8391676" lon="-43.0966985"/>
 <node id="2939280875" visible="true" version="1" changeset="23273220" timestamp="2014-06-29T16:17:04Z" user="Alexandrecw" uid="893594" lat="-22.8391859" lon="-43.0971379"/>
 <node id="2939280877" visible="true" version="1" changeset="23273220" timestamp="2014-06-29T16:17:04Z" user="Alexandrecw" uid="893594" lat="-22.8391876" lon="-43.0960549"/>
 <node id="2939280878" visible="true" version="1" changeset="23273220" timestamp="2014-06-29T16:17:04Z" user="Alexandrecw" uid="893594" lat="-22.8392026" lon="-43.0972500"/>
 <node id="2939280879" visible="true" version="1" changeset="23273220" timestamp="2014-06-29T16:17:04Z" user="Alexandrecw" uid="893594" lat="-22.8392159" lon="-43.0967202"/>
 <node id="2939280880" visible="true" version="1" changeset="23273220" timestamp="2014-06-29T16:17:04Z" user="Alexandrecw" uid="893594" lat="-22.8392393" lon="-43.0967817"/>
 <node id="2939280881" visible="true" version="1" changeset="23273220" timestamp="2014-06-29T16:17:04Z" user="Alexandrecw" uid="893594" lat="-22.8392459" lon="-43.0975465"/>
 <node id="2939280882" visible="true" version="1" changeset="23273220" timestamp="2014-06-29T16:17:04Z" user="Alexandrecw" uid="893594" lat="-22.8392493" lon="-43.0970349"/>
 <node id="2939280883" visible="true" version="1" changeset="23273220" timestamp="2014-06-29T16:17:04Z" user="Alexandrecw" uid="893594" lat="-22.8392543" lon="-43.0960223"/>
 <node id="2939280884" visible="true" version="1" changeset="23273220" timestamp="2014-06-29T16:17:04Z" user="Alexandrecw" uid="893594" lat="-22.8392559" lon="-43.0974706"/>
 <node id="2939280885" visible="true" version="1" changeset="23273220" timestamp="2014-06-29T16:17:04Z" user="Alexandrecw" uid="893594" lat="-22.8392776" lon="-43.0971253"/>
 <node id="2939280886" visible="true" version="1" changeset="23273220" timestamp="2014-06-29T16:17:04Z" user="Alexandrecw" uid="893594" lat="-22.8392859" lon="-43.0976026"/>
 <node id="2939280887" visible="true" version="1" changeset="23273220" timestamp="2014-06-29T16:17:04Z" user="Alexandrecw" uid="893594" lat="-22.8393176" lon="-43.0973621"/>
 <node id="2939280889" visible="true" version="1" changeset="23273220" timestamp="2014-06-29T16:17:04Z" user="Alexandrecw" uid="893594" lat="-22.8393459" lon="-43.0968088"/>
 <node id="2939280890" visible="true" version="1" changeset="23273220" timestamp="2014-06-29T16:17:04Z" user="Alexandrecw" uid="893594" lat="-22.8393492" lon="-43.0960494"/>
 <node id="2939280891" visible="true" version="1" changeset="23273220" timestamp="2014-06-29T16:17:04Z" user="Alexandrecw" uid="893594" lat="-22.8393492" lon="-43.0971144"/>
 <node id="2939280892" visible="true" version="2" changeset="88663750" timestamp="2020-07-29T08:15:35Z" user="ExmouthPlateau" uid="10653073" lat="-22.8393944" lon="-43.0960983"/>
 <node id="2939280893" visible="true" version="1" changeset="23273220" timestamp="2014-06-29T16:17:04Z" user="Alexandrecw" uid="893594" lat="-22.8393859" lon="-43.0975755"/>
 <node id="2939280894" visible="true" version="1" changeset="23273220" timestamp="2014-06-29T16:17:04Z" user="Alexandrecw" uid="893594" lat="-22.8394259" lon="-43.0970927"/>
 <node id="2939280895" visible="true" version="1" changeset="23273220" timestamp="2014-06-29T16:17:04Z" user="Alexandrecw" uid="893594" lat="-22.8394309" lon="-43.0972446"/>
 <node id="2939280896" visible="true" version="2" changeset="88663750" timestamp="2020-07-29T08:15:35Z" user="ExmouthPlateau" uid="10653073" lat="-22.8394549" lon="-43.0966951"/>
 <node id="2939280897" visible="true" version="1" changeset="23273220" timestamp="2014-06-29T16:17:04Z" user="Alexandrecw" uid="893594" lat="-22.8394359" lon="-43.0970349"/>
 <node id="2939280898" visible="true" version="1" changeset="23273220" timestamp="2014-06-29T16:17:04Z" user="Alexandrecw" uid="893594" lat="-22.8394609" lon="-43.0969661"/>
 <node id="2939280899" visible="true" version="1" changeset="23273220" timestamp="2014-06-29T16:17:04Z" user="Alexandrecw" uid="893594" lat="-22.8394725" lon="-43.0975248"/>
 <node id="2939280900" visible="true" version="1" changeset="23273220" timestamp="2014-06-29T16:17:04Z" user="Alexandrecw" uid="893594" lat="-22.8394909" lon="-43.0969300"/>
 <node id="2939280901" visible="true" version="1" changeset="23273220" timestamp="2014-06-29T16:17:04Z" user="Alexandrecw" uid="893594" lat="-22.8394959" lon="-43.0972030"/>
 <node id="2939280902" visible="true" version="2" changeset="88663750" timestamp="2020-07-29T08:15:35Z" user="ExmouthPlateau" uid="10653073" lat="-22.8395711" lon="-43.0969177"/>
 <node id="2939280903" visible="true" version="1" changeset="23273220" timestamp="2014-06-29T16:17:04Z" user="Alexandrecw" uid="893594" lat="-22.8395375" lon="-43.0974869"/>
 <node id="2939280904" visible="true" version="1" changeset="23273220" timestamp="2014-06-29T16:17:04Z" user="Alexandrecw" uid="893594" lat="-22.8395659" lon="-43.0972283"/>
 <node id="2939280905" visible="true" version="1" changeset="23273220" timestamp="2014-06-29T16:17:04Z" user="Alexandrecw" uid="893594" lat="-22.8395809" lon="-43.0975050"/>
 <node id="2939280906" visible="true" version="1" changeset="23273220" timestamp="2014-06-29T16:17:04Z" user="Alexandrecw" uid="893594" lat="-22.8395942" lon="-43.0974254"/>
 <node id="2939280907" visible="true" version="1" changeset="23273220" timestamp="2014-06-29T16:17:04Z" user="Alexandrecw" uid="893594" lat="-22.8396075" lon="-43.0972862"/>
 <node id="2939280908" visible="true" version="1" changeset="23273220" timestamp="2014-06-29T16:17:04Z" user="Alexandrecw" uid="893594" lat="-22.8396175" lon="-43.0975484"/>
 <node id="2939280909" visible="true" version="1" changeset="23273220" timestamp="2014-06-29T16:17:04Z" user="Alexandrecw" uid="893594" lat="-22.8396258" lon="-43.0974923"/>
 <node id="2939280910" visible="true" version="1" changeset="23273220" timestamp="2014-06-29T16:17:04Z" user="Alexandrecw" uid="893594" lat="-22.8396287" lon="-43.0975865"/>
 <node id="2939280911" visible="true" version="1" changeset="23273220" timestamp="2014-06-29T16:17:04Z" user="Alexandrecw" uid="893594" lat="-22.8396711" lon="-43.0975709"/>
 <node id="2939280968" visible="true" version="1" changeset="23273220" timestamp="2014-06-29T16:17:05Z" user="Alexandrecw" uid="893594" lat="-22.8457043" lon="-43.1014677"/>
 <node id="2939280969" visible="true" version="1" changeset="23273220" timestamp="2014-06-29T16:17:05Z" user="Alexandrecw" uid="893594" lat="-22.8458420" lon="-43.1013422"/>
 <node id="2939280970" visible="true" version="1" changeset="23273220" timestamp="2014-06-29T16:17:06Z" user="Alexandrecw" uid="893594" lat="-22.8464206" lon="-43.1023933"/>
 <node id="2939280971" visible="true" version="1" changeset="23273220" timestamp="2014-06-29T16:17:06Z" user="Alexandrecw" uid="893594" lat="-22.8464583" lon="-43.1004653"/>
 <node id="2939280972" visible="true" version="1" changeset="23273220" timestamp="2014-06-29T16:17:06Z" user="Alexandrecw" uid="893594" lat="-22.8465584" lon="-43.1022678"/>
 <node id="2939280973" visible="true" version="1" changeset="23273220" timestamp="2014-06-29T16:17:06Z" user="Alexandrecw" uid="893594" lat="-22.8466654" lon="-43.1002647"/>
 <node id="2939280974" visible="true" version="1" changeset="23273220" timestamp="2014-06-29T16:17:06Z" user="Alexandrecw" uid="893594" lat="-22.8471276" lon="-43.1012785"/>
 <node id="2939280975" visible="true" version="1" changeset="23273220" timestamp="2014-06-29T16:17:06Z" user="Alexandrecw" uid="893594" lat="-22.8473346" lon="-43.1010778"/>
 <node id="2946697668" visible="true" version="2" changeset="41555094" timestamp="2016-08-19T12:22:15Z" user="ThiagoPv" uid="502691" lat="-22.8478159" lon="-43.1041861"/>
 <node id="2946697669" visible="true" version="2" changeset="41555094" timestamp="2016-08-19T12:22:15Z" user="ThiagoPv" uid="502691" lat="-22.8475775" lon="-43.1039598"/>
 <node id="2946697670" visible="true" version="2" changeset="41555094" timestamp="2016-08-19T12:22:15Z" user="ThiagoPv" uid="502691" lat="-22.8470707" lon="-43.1037248"/>
 <node id="2946697671" visible="true" version="1" changeset="23909802" timestamp="2014-07-03T22:32:30Z" user="Nighto" uid="12293" lat="-22.8459093" lon="-43.1037723"/>
 <node id="2946697672" visible="true" version="1" changeset="23909802" timestamp="2014-07-03T22:32:30Z" user="Nighto" uid="12293" lat="-22.8464091" lon="-43.1035505"/>
 <node id="2946697673" visible="true" version="1" changeset="23909802" timestamp="2014-07-03T22:32:30Z" user="Nighto" uid="12293" lat="-22.8460570" lon="-43.1052450"/>
 <node id="2946697674" visible="true" version="1" changeset="23909802" timestamp="2014-07-03T22:32:30Z" user="Nighto" uid="12293" lat="-22.8460286" lon="-43.1047890"/>
 <node id="2946697675" visible="true" version="1" changeset="23909802" timestamp="2014-07-03T22:32:30Z" user="Nighto" uid="12293" lat="-22.8458923" lon="-43.1045795"/>
 <node id="2946697676" visible="true" version="1" changeset="23909802" timestamp="2014-07-03T22:32:30Z" user="Nighto" uid="12293" lat="-22.8458582" lon="-43.1043269"/>
 <node id="2946697677" visible="true" version="1" changeset="23909802" timestamp="2014-07-03T22:32:30Z" user="Nighto" uid="12293" lat="-22.8458185" lon="-43.1039202"/>
 <node id="2946697678" visible="true" version="2" changeset="41555094" timestamp="2016-08-19T12:22:15Z" user="ThiagoPv" uid="502691" lat="-22.8466640" lon="-43.1035499"/>
 <node id="2946697681" visible="true" version="1" changeset="23909802" timestamp="2014-07-03T22:32:30Z" user="Nighto" uid="12293" lat="-22.8463158" lon="-43.1034399"/>
 <node id="2946697682" visible="true" version="1" changeset="23909802" timestamp="2014-07-03T22:32:30Z" user="Nighto" uid="12293" lat="-22.8471257" lon="-43.1061782"/>
 <node id="2946697683" visible="true" version="1" changeset="23909802" timestamp="2014-07-03T22:32:30Z" user="Nighto" uid="12293" lat="-22.8473667" lon="-43.1062623"/>
 <node id="2946697684" visible="true" version="1" changeset="23909802" timestamp="2014-07-03T22:32:30Z" user="Nighto" uid="12293" lat="-22.8463769" lon="-43.1058373"/>
 <node id="2946697685" visible="true" version="2" changeset="41555094" timestamp="2016-08-19T12:22:15Z" user="ThiagoPv" uid="502691" lat="-22.8464318" lon="-43.1059278"/>
 <node id="2946697686" visible="true" version="1" changeset="23909802" timestamp="2014-07-03T22:32:30Z" user="Nighto" uid="12293" lat="-22.8466480" lon="-43.1059961"/>
 <node id="2946710444" visible="true" version="1" changeset="23909876" timestamp="2014-07-03T22:40:14Z" user="Nighto" uid="12293" lat="-22.8490477" lon="-43.1000665"/>
 <node id="2946710445" visible="true" version="1" changeset="23909876" timestamp="2014-07-03T22:40:14Z" user="Nighto" uid="12293" lat="-22.8479518" lon="-43.0998577"/>
 <node id="2946710446" visible="true" version="1" changeset="23909876" timestamp="2014-07-03T22:40:14Z" user="Nighto" uid="12293" lat="-22.8471430" lon="-43.0995675"/>
 <node id="2946710447" visible="true" version="1" changeset="23909876" timestamp="2014-07-03T22:40:14Z" user="Nighto" uid="12293" lat="-22.8462362" lon="-43.0990932"/>
 <node id="2946710448" visible="true" version="1" changeset="23909876" timestamp="2014-07-03T22:40:14Z" user="Nighto" uid="12293" lat="-22.8460275" lon="-43.0989941"/>
 <node id="2946710449" visible="true" version="1" changeset="23909876" timestamp="2014-07-03T22:40:14Z" user="Nighto" uid="12293" lat="-22.8458546" lon="-43.0989871"/>
 <node id="2946710450" visible="true" version="1" changeset="23909876" timestamp="2014-07-03T22:40:14Z" user="Nighto" uid="12293" lat="-22.8457503" lon="-43.0990437"/>
 <node id="2946710451" visible="true" version="1" changeset="23909876" timestamp="2014-07-03T22:40:14Z" user="Nighto" uid="12293" lat="-22.8456426" lon="-43.0991605"/>
 <node id="2946710452" visible="true" version="1" changeset="23909876" timestamp="2014-07-03T22:40:14Z" user="Nighto" uid="12293" lat="-22.8455057" lon="-43.0992207"/>
 <node id="2946710453" visible="true" version="1" changeset="23909876" timestamp="2014-07-03T22:40:14Z" user="Nighto" uid="12293" lat="-22.8453361" lon="-43.0992207"/>
 <node id="2946710454" visible="true" version="1" changeset="23909876" timestamp="2014-07-03T22:40:14Z" user="Nighto" uid="12293" lat="-22.8451795" lon="-43.0991640"/>
 <node id="2946710455" visible="true" version="1" changeset="23909876" timestamp="2014-07-03T22:40:14Z" user="Nighto" uid="12293" lat="-22.8445174" lon="-43.0986119"/>
 <node id="2946710456" visible="true" version="1" changeset="23909876" timestamp="2014-07-03T22:40:14Z" user="Nighto" uid="12293" lat="-22.8443804" lon="-43.0985624"/>
 <node id="2946710457" visible="true" version="1" changeset="23909876" timestamp="2014-07-03T22:40:14Z" user="Nighto" uid="12293" lat="-22.8442630" lon="-43.0986084"/>
 <node id="2946710458" visible="true" version="1" changeset="23909876" timestamp="2014-07-03T22:40:14Z" user="Nighto" uid="12293" lat="-22.8440673" lon="-43.0986615"/>
 <node id="2946710459" visible="true" version="1" changeset="23909876" timestamp="2014-07-03T22:40:14Z" user="Nighto" uid="12293" lat="-22.8439662" lon="-43.0985199"/>
 <node id="2946710460" visible="true" version="1" changeset="23909876" timestamp="2014-07-03T22:40:14Z" user="Nighto" uid="12293" lat="-22.8439042" lon="-43.0983536"/>
 <node id="2946710461" visible="true" version="1" changeset="23909876" timestamp="2014-07-03T22:40:14Z" user="Nighto" uid="12293" lat="-22.8437999" lon="-43.0982261"/>
 <node id="2946710462" visible="true" version="1" changeset="23909876" timestamp="2014-07-03T22:40:14Z" user="Nighto" uid="12293" lat="-22.8439662" lon="-43.0981589"/>
 <node id="2946710463" visible="true" version="1" changeset="23909876" timestamp="2014-07-03T22:40:14Z" user="Nighto" uid="12293" lat="-22.8440803" lon="-43.0981235"/>
 <node id="2946710464" visible="true" version="1" changeset="23909876" timestamp="2014-07-03T22:40:14Z" user="Nighto" uid="12293" lat="-22.8441684" lon="-43.0979890"/>
 <node id="2946710465" visible="true" version="2" changeset="23952765" timestamp="2014-07-04T15:06:43Z" user="Alexandrecw" uid="893594" lat="-22.8434011" lon="-43.0975975"/>
 <node id="2947966069" visible="true" version="1" changeset="23952765" timestamp="2014-07-04T15:06:27Z" user="Alexandrecw" uid="893594" lat="-22.8461453" lon="-43.1001044">
  <tag k="name" v="Ilha das Flores"/>
  <tag k="place" v="locality"/>
 </node>
 <node id="2947966070" visible="true" version="1" changeset="23952765" timestamp="2014-07-04T15:06:27Z" user="Alexandrecw" uid="893594" lat="-22.8430075" lon="-43.0974452"/>
 <node id="2947966071" visible="true" version="1" changeset="23952765" timestamp="2014-07-04T15:06:27Z" user="Alexandrecw" uid="893594" lat="-22.8431399" lon="-43.0991740"/>
 <node id="2947966072" visible="true" version="1" changeset="23952765" timestamp="2014-07-04T15:06:27Z" user="Alexandrecw" uid="893594" lat="-22.8431437" lon="-43.0990516"/>
 <node id="2947966073" visible="true" version="1" changeset="23952765" timestamp="2014-07-04T15:06:27Z" user="Alexandrecw" uid="893594" lat="-22.8431943" lon="-43.0993260"/>
 <node id="2947966074" visible="true" version="1" changeset="23952765" timestamp="2014-07-04T15:06:27Z" user="Alexandrecw" uid="893594" lat="-22.8432955" lon="-43.0993746"/>
 <node id="2947966075" visible="true" version="1" changeset="23952765" timestamp="2014-07-04T15:06:27Z" user="Alexandrecw" uid="893594" lat="-22.8433577" lon="-43.0996891"/>
 <node id="2947966076" visible="true" version="1" changeset="23952765" timestamp="2014-07-04T15:06:27Z" user="Alexandrecw" uid="893594" lat="-22.8433605" lon="-43.0993945"/>
 <node id="2947966077" visible="true" version="1" changeset="23952765" timestamp="2014-07-04T15:06:27Z" user="Alexandrecw" uid="893594" lat="-22.8434608" lon="-43.0994252"/>
 <node id="2947966078" visible="true" version="1" changeset="23952765" timestamp="2014-07-04T15:06:27Z" user="Alexandrecw" uid="893594" lat="-22.8434764" lon="-43.1000754"/>
 <node id="2947966079" visible="true" version="1" changeset="23952765" timestamp="2014-07-04T15:06:27Z" user="Alexandrecw" uid="893594" lat="-22.8435270" lon="-43.0996215"/>
 <node id="2947966080" visible="true" version="1" changeset="23952765" timestamp="2014-07-04T15:06:27Z" user="Alexandrecw" uid="893594" lat="-22.8436820" lon="-43.0995667"/>
 <node id="2947966081" visible="true" version="1" changeset="23952765" timestamp="2014-07-04T15:06:27Z" user="Alexandrecw" uid="893594" lat="-22.8436865" lon="-43.0994886"/>
 <node id="2947966082" visible="true" version="1" changeset="23952765" timestamp="2014-07-04T15:06:27Z" user="Alexandrecw" uid="893594" lat="-22.8437237" lon="-43.0994923"/>
 <node id="2947966083" visible="true" version="1" changeset="23952765" timestamp="2014-07-04T15:06:27Z" user="Alexandrecw" uid="893594" lat="-22.8437546" lon="-43.1003794"/>
 <node id="2947966084" visible="true" version="1" changeset="23952765" timestamp="2014-07-04T15:06:27Z" user="Alexandrecw" uid="893594" lat="-22.8437624" lon="-43.1006664"/>
 <node id="2947966085" visible="true" version="1" changeset="23952765" timestamp="2014-07-04T15:06:27Z" user="Alexandrecw" uid="893594" lat="-22.8437857" lon="-43.0996722"/>
 <node id="2947966086" visible="true" version="1" changeset="23952765" timestamp="2014-07-04T15:06:27Z" user="Alexandrecw" uid="893594" lat="-22.8438420" lon="-43.0981291"/>
 <node id="2947966087" visible="true" version="1" changeset="23952765" timestamp="2014-07-04T15:06:27Z" user="Alexandrecw" uid="893594" lat="-22.8438480" lon="-43.1007657"/>
 <node id="2947966088" visible="true" version="1" changeset="23952765" timestamp="2014-07-04T15:06:27Z" user="Alexandrecw" uid="893594" lat="-22.8438946" lon="-43.0999888"/>
 <node id="2947966089" visible="true" version="1" changeset="23952765" timestamp="2014-07-04T15:06:27Z" user="Alexandrecw" uid="893594" lat="-22.8439096" lon="-43.1003245"/>
 <node id="2947966090" visible="true" version="1" changeset="23952765" timestamp="2014-07-04T15:06:27Z" user="Alexandrecw" uid="893594" lat="-22.8439573" lon="-43.1000258"/>
 <node id="2947966091" visible="true" version="1" changeset="23952765" timestamp="2014-07-04T15:06:27Z" user="Alexandrecw" uid="893594" lat="-22.8439608" lon="-43.0995160"/>
 <node id="2947966092" visible="true" version="1" changeset="23952765" timestamp="2014-07-04T15:06:27Z" user="Alexandrecw" uid="893594" lat="-22.8439627" lon="-43.1008332"/>
 <node id="2947966093" visible="true" version="1" changeset="23952765" timestamp="2014-07-04T15:06:27Z" user="Alexandrecw" uid="893594" lat="-22.8440016" lon="-43.1005123"/>
 <node id="2947966094" visible="true" version="1" changeset="23952765" timestamp="2014-07-04T15:06:27Z" user="Alexandrecw" uid="893594" lat="-22.8440269" lon="-43.1001535"/>
 <node id="2947966095" visible="true" version="1" changeset="23952765" timestamp="2014-07-04T15:06:27Z" user="Alexandrecw" uid="893594" lat="-22.8440289" lon="-43.1001218"/>
 <node id="2947966096" visible="true" version="1" changeset="23952765" timestamp="2014-07-04T15:06:28Z" user="Alexandrecw" uid="893594" lat="-22.8440736" lon="-43.0995857"/>
 <node id="2947966097" visible="true" version="1" changeset="23952765" timestamp="2014-07-04T15:06:28Z" user="Alexandrecw" uid="893594" lat="-22.8440833" lon="-43.1009409"/>
 <node id="2947966098" visible="true" version="1" changeset="23952765" timestamp="2014-07-04T15:06:28Z" user="Alexandrecw" uid="893594" lat="-22.8441177" lon="-43.1004153"/>
 <node id="2947966099" visible="true" version="1" changeset="23952765" timestamp="2014-07-04T15:06:28Z" user="Alexandrecw" uid="893594" lat="-22.8441184" lon="-43.0992922"/>
 <node id="2947966100" visible="true" version="1" changeset="23952765" timestamp="2014-07-04T15:06:28Z" user="Alexandrecw" uid="893594" lat="-22.8441381" lon="-43.1000259"/>
 <node id="2947966101" visible="true" version="1" changeset="23952765" timestamp="2014-07-04T15:06:28Z" user="Alexandrecw" uid="893594" lat="-22.8441592" lon="-43.1002042"/>
 <node id="2947966102" visible="true" version="1" changeset="23952765" timestamp="2014-07-04T15:06:28Z" user="Alexandrecw" uid="893594" lat="-22.8441864" lon="-43.0997334"/>
 <node id="2947966103" visible="true" version="1" changeset="23952765" timestamp="2014-07-04T15:06:28Z" user="Alexandrecw" uid="893594" lat="-22.8442024" lon="-43.0998105"/>
 <node id="2947966104" visible="true" version="1" changeset="23952765" timestamp="2014-07-04T15:06:28Z" user="Alexandrecw" uid="893594" lat="-22.8442175" lon="-43.0987476"/>
 <node id="2947966105" visible="true" version="1" changeset="23952765" timestamp="2014-07-04T15:06:28Z" user="Alexandrecw" uid="893594" lat="-22.8442295" lon="-43.0999456"/>
 <node id="2947966106" visible="true" version="1" changeset="23952765" timestamp="2014-07-04T15:06:28Z" user="Alexandrecw" uid="893594" lat="-22.8442370" lon="-43.1016311"/>
 <node id="2947966107" visible="true" version="1" changeset="23952765" timestamp="2014-07-04T15:06:28Z" user="Alexandrecw" uid="893594" lat="-22.8442395" lon="-43.0991115"/>
 <node id="2947966108" visible="true" version="1" changeset="23952765" timestamp="2014-07-04T15:06:28Z" user="Alexandrecw" uid="893594" lat="-22.8442584" lon="-43.1011731"/>
 <node id="2947966109" visible="true" version="1" changeset="23952765" timestamp="2014-07-04T15:06:28Z" user="Alexandrecw" uid="893594" lat="-22.8442740" lon="-43.0999065"/>
 <node id="2947966110" visible="true" version="1" changeset="23952765" timestamp="2014-07-04T15:06:28Z" user="Alexandrecw" uid="893594" lat="-22.8442876" lon="-43.1015235"/>
 <node id="2947966111" visible="true" version="1" changeset="23952765" timestamp="2014-07-04T15:06:28Z" user="Alexandrecw" uid="893594" lat="-22.8442895" lon="-43.0986843"/>
 <node id="2947966112" visible="true" version="1" changeset="23952765" timestamp="2014-07-04T15:06:28Z" user="Alexandrecw" uid="893594" lat="-22.8442915" lon="-43.1013968"/>
 <node id="2947966113" visible="true" version="1" changeset="23952765" timestamp="2014-07-04T15:06:28Z" user="Alexandrecw" uid="893594" lat="-22.8442934" lon="-43.1013061"/>
 <node id="2947966114" visible="true" version="1" changeset="23952765" timestamp="2014-07-04T15:06:28Z" user="Alexandrecw" uid="893594" lat="-22.8443323" lon="-43.1014285"/>
 <node id="2947966115" visible="true" version="1" changeset="23952765" timestamp="2014-07-04T15:06:28Z" user="Alexandrecw" uid="893594" lat="-22.8443815" lon="-43.1013831"/>
 <node id="2947966116" visible="true" version="1" changeset="23952765" timestamp="2014-07-04T15:06:28Z" user="Alexandrecw" uid="893594" lat="-22.8444160" lon="-43.1018380"/>
 <node id="2947966117" visible="true" version="1" changeset="23952765" timestamp="2014-07-04T15:06:28Z" user="Alexandrecw" uid="893594" lat="-22.8444669" lon="-43.1019664"/>
 <node id="2947966118" visible="true" version="1" changeset="23952765" timestamp="2014-07-04T15:06:28Z" user="Alexandrecw" uid="893594" lat="-22.8445113" lon="-43.1012301"/>
 <node id="2947966119" visible="true" version="1" changeset="23952765" timestamp="2014-07-04T15:06:28Z" user="Alexandrecw" uid="893594" lat="-22.8445679" lon="-43.1018040"/>
 <node id="2947966120" visible="true" version="1" changeset="23952765" timestamp="2014-07-04T15:06:28Z" user="Alexandrecw" uid="893594" lat="-22.8445852" lon="-43.1017515"/>
 <node id="2947966121" visible="true" version="1" changeset="23952765" timestamp="2014-07-04T15:06:28Z" user="Alexandrecw" uid="893594" lat="-22.8446028" lon="-43.0996743"/>
 <node id="2947966122" visible="true" version="1" changeset="23952765" timestamp="2014-07-04T15:06:28Z" user="Alexandrecw" uid="893594" lat="-22.8446125" lon="-43.1006622"/>
 <node id="2947966123" visible="true" version="1" changeset="23952765" timestamp="2014-07-04T15:06:28Z" user="Alexandrecw" uid="893594" lat="-22.8446125" lon="-43.1007298"/>
 <node id="2947966124" visible="true" version="1" changeset="23952765" timestamp="2014-07-04T15:06:28Z" user="Alexandrecw" uid="893594" lat="-22.8446274" lon="-43.1011330"/>
 <node id="2947966125" visible="true" version="1" changeset="23952765" timestamp="2014-07-04T15:06:28Z" user="Alexandrecw" uid="893594" lat="-22.8446344" lon="-43.1017061"/>
 <node id="2947966126" visible="true" version="1" changeset="23952765" timestamp="2014-07-04T15:06:28Z" user="Alexandrecw" uid="893594" lat="-22.8447039" lon="-43.1005819"/>
 <node id="2947966127" visible="true" version="1" changeset="23952765" timestamp="2014-07-04T15:06:28Z" user="Alexandrecw" uid="893594" lat="-22.8447238" lon="-43.0994935"/>
 <node id="2947966128" visible="true" version="1" changeset="23952765" timestamp="2014-07-04T15:06:28Z" user="Alexandrecw" uid="893594" lat="-22.8447311" lon="-43.1009556"/>
 <node id="2947966129" visible="true" version="1" changeset="23952765" timestamp="2014-07-04T15:06:28Z" user="Alexandrecw" uid="893594" lat="-22.8448206" lon="-43.1010717"/>
 <node id="2947966130" visible="true" version="1" changeset="23952765" timestamp="2014-07-04T15:06:28Z" user="Alexandrecw" uid="893594" lat="-22.8448414" lon="-43.0995249"/>
 <node id="2947966131" visible="true" version="1" changeset="23952765" timestamp="2014-07-04T15:06:28Z" user="Alexandrecw" uid="893594" lat="-22.8448562" lon="-43.1022515"/>
 <node id="2947966132" visible="true" version="1" changeset="23952765" timestamp="2014-07-04T15:06:28Z" user="Alexandrecw" uid="893594" lat="-22.8449572" lon="-43.1020891"/>
 <node id="2947966933" visible="true" version="1" changeset="23952765" timestamp="2014-07-04T15:06:28Z" user="Alexandrecw" uid="893594" lat="-22.8449707" lon="-43.0997667"/>
 <node id="2947966934" visible="true" version="1" changeset="23952765" timestamp="2014-07-04T15:06:28Z" user="Alexandrecw" uid="893594" lat="-22.8449899" lon="-43.1012343"/>
 <node id="2947966935" visible="true" version="1" changeset="23952765" timestamp="2014-07-04T15:06:28Z" user="Alexandrecw" uid="893594" lat="-22.8450405" lon="-43.1022992"/>
 <node id="2947966936" visible="true" version="1" changeset="23952765" timestamp="2014-07-04T15:06:28Z" user="Alexandrecw" uid="893594" lat="-22.8450543" lon="-43.1020545"/>
 <node id="2947966937" visible="true" version="1" changeset="23952765" timestamp="2014-07-04T15:06:28Z" user="Alexandrecw" uid="893594" lat="-22.8451163" lon="-43.1012617"/>
 <node id="2947966938" visible="true" version="1" changeset="23952765" timestamp="2014-07-04T15:06:28Z" user="Alexandrecw" uid="893594" lat="-22.8451193" lon="-43.1000832"/>
 <node id="2947966939" visible="true" version="1" changeset="23952765" timestamp="2014-07-04T15:06:29Z" user="Alexandrecw" uid="893594" lat="-22.8451805" lon="-43.1018401"/>
 <node id="2947966940" visible="true" version="1" changeset="23952765" timestamp="2014-07-04T15:06:29Z" user="Alexandrecw" uid="893594" lat="-22.8452091" lon="-43.0993456"/>
 <node id="2947966941" visible="true" version="1" changeset="23952765" timestamp="2014-07-04T15:06:29Z" user="Alexandrecw" uid="893594" lat="-22.8452097" lon="-43.1016480"/>
 <node id="2947966942" visible="true" version="1" changeset="23952765" timestamp="2014-07-04T15:06:29Z" user="Alexandrecw" uid="893594" lat="-22.8452350" lon="-43.1019520"/>
 <node id="2947966943" visible="true" version="1" changeset="23952765" timestamp="2014-07-04T15:06:29Z" user="Alexandrecw" uid="893594" lat="-22.8452622" lon="-43.1006094"/>
 <node id="2947966944" visible="true" version="1" changeset="23952765" timestamp="2014-07-04T15:06:29Z" user="Alexandrecw" uid="893594" lat="-22.8452661" lon="-43.1008480"/>
 <node id="2947966945" visible="true" version="1" changeset="23952765" timestamp="2014-07-04T15:06:29Z" user="Alexandrecw" uid="893594" lat="-22.8452758" lon="-43.1016227"/>
 <node id="2947966946" visible="true" version="1" changeset="23952765" timestamp="2014-07-04T15:06:29Z" user="Alexandrecw" uid="893594" lat="-22.8452817" lon="-43.1011710"/>
 <node id="2947966947" visible="true" version="1" changeset="23952765" timestamp="2014-07-04T15:06:29Z" user="Alexandrecw" uid="893594" lat="-22.8453011" lon="-43.1015175"/>
 <node id="2947966948" visible="true" version="1" changeset="23952765" timestamp="2014-07-04T15:06:29Z" user="Alexandrecw" uid="893594" lat="-22.8453089" lon="-43.1003604"/>
 <node id="2947966949" visible="true" version="1" changeset="23952765" timestamp="2014-07-04T15:06:29Z" user="Alexandrecw" uid="893594" lat="-22.8453109" lon="-43.1015203"/>
 <node id="2947966950" visible="true" version="1" changeset="23952765" timestamp="2014-07-04T15:06:29Z" user="Alexandrecw" uid="893594" lat="-22.8453244" lon="-43.1014517"/>
 <node id="2947966952" visible="true" version="1" changeset="23952765" timestamp="2014-07-04T15:06:29Z" user="Alexandrecw" uid="893594" lat="-22.8453453" lon="-43.1001616"/>
 <node id="2947966953" visible="true" version="1" changeset="23952765" timestamp="2014-07-04T15:06:29Z" user="Alexandrecw" uid="893594" lat="-22.8454022" lon="-43.1016586"/>
 <node id="2947966954" visible="true" version="1" changeset="23952765" timestamp="2014-07-04T15:06:29Z" user="Alexandrecw" uid="893594" lat="-22.8454081" lon="-43.1011984"/>
 <node id="2947966955" visible="true" version="1" changeset="23952765" timestamp="2014-07-04T15:06:29Z" user="Alexandrecw" uid="893594" lat="-22.8454101" lon="-43.1015484"/>
 <node id="2947966956" visible="true" version="1" changeset="23952765" timestamp="2014-07-04T15:06:29Z" user="Alexandrecw" uid="893594" lat="-22.8454246" lon="-43.1014749"/>
 <node id="2947966957" visible="true" version="1" changeset="23952765" timestamp="2014-07-04T15:06:29Z" user="Alexandrecw" uid="893594" lat="-22.8454276" lon="-43.1015534"/>
 <node id="2947966958" visible="true" version="1" changeset="23952765" timestamp="2014-07-04T15:06:29Z" user="Alexandrecw" uid="893594" lat="-22.8454440" lon="-43.1016638"/>
 <node id="2947966959" visible="true" version="1" changeset="23952765" timestamp="2014-07-04T15:06:29Z" user="Alexandrecw" uid="893594" lat="-22.8454868" lon="-43.1014644"/>
 <node id="2947966960" visible="true" version="1" changeset="23952765" timestamp="2014-07-04T15:06:29Z" user="Alexandrecw" uid="893594" lat="-22.8455404" lon="-43.0993302"/>
 <node id="2947966961" visible="true" version="1" changeset="23952765" timestamp="2014-07-04T15:06:29Z" user="Alexandrecw" uid="893594" lat="-22.8455635" lon="-43.1016940"/>
 <node id="2947966962" visible="true" version="1" changeset="23952765" timestamp="2014-07-04T15:06:29Z" user="Alexandrecw" uid="893594" lat="-22.8455933" lon="-43.1002476"/>
 <node id="2947966963" visible="true" version="1" changeset="23952765" timestamp="2014-07-04T15:06:29Z" user="Alexandrecw" uid="893594" lat="-22.8456031" lon="-43.1021754"/>
 <node id="2947966964" visible="true" version="1" changeset="23952765" timestamp="2014-07-04T15:06:29Z" user="Alexandrecw" uid="893594" lat="-22.8456063" lon="-43.1014945"/>
 <node id="2947966965" visible="true" version="1" changeset="23952765" timestamp="2014-07-04T15:06:29Z" user="Alexandrecw" uid="893594" lat="-22.8456279" lon="-43.1020829"/>
 <node id="2947966966" visible="true" version="1" changeset="23952765" timestamp="2014-07-04T15:06:29Z" user="Alexandrecw" uid="893594" lat="-22.8456692" lon="-43.1006917"/>
 <node id="2947966967" visible="true" version="1" changeset="23952765" timestamp="2014-07-04T15:06:29Z" user="Alexandrecw" uid="893594" lat="-22.8456941" lon="-43.1012617"/>
 <node id="2947966968" visible="true" version="1" changeset="23952765" timestamp="2014-07-04T15:06:29Z" user="Alexandrecw" uid="893594" lat="-22.8457104" lon="-43.1004648"/>
 <node id="2947966969" visible="true" version="1" changeset="23952765" timestamp="2014-07-04T15:06:29Z" user="Alexandrecw" uid="893594" lat="-22.8457213" lon="-43.1021525"/>
 <node id="2947966970" visible="true" version="1" changeset="23952765" timestamp="2014-07-04T15:06:29Z" user="Alexandrecw" uid="893594" lat="-22.8457218" lon="-43.1002922"/>
 <node id="2947966972" visible="true" version="1" changeset="23952765" timestamp="2014-07-04T15:06:29Z" user="Alexandrecw" uid="893594" lat="-22.8457369" lon="-43.0995793"/>
 <node id="2947966973" visible="true" version="1" changeset="23952765" timestamp="2014-07-04T15:06:29Z" user="Alexandrecw" uid="893594" lat="-22.8457681" lon="-43.1007129"/>
 <node id="2947966975" visible="true" version="1" changeset="23952765" timestamp="2014-07-04T15:06:29Z" user="Alexandrecw" uid="893594" lat="-22.8457802" lon="-43.1024726"/>
 <node id="2947966976" visible="true" version="1" changeset="23952765" timestamp="2014-07-04T15:06:29Z" user="Alexandrecw" uid="893594" lat="-22.8457855" lon="-43.1022560"/>
 <node id="2947966977" visible="true" version="1" changeset="23952765" timestamp="2014-07-04T15:06:29Z" user="Alexandrecw" uid="893594" lat="-22.8457998" lon="-43.0999588"/>
 <node id="2947966978" visible="true" version="1" changeset="23952765" timestamp="2014-07-04T15:06:29Z" user="Alexandrecw" uid="893594" lat="-22.8458069" lon="-43.0996680"/>
 <node id="2947966979" visible="true" version="1" changeset="23952765" timestamp="2014-07-04T15:06:29Z" user="Alexandrecw" uid="893594" lat="-22.8458094" lon="-43.1004860"/>
 <node id="2947966980" visible="true" version="1" changeset="23952765" timestamp="2014-07-04T15:06:29Z" user="Alexandrecw" uid="893594" lat="-22.8458154" lon="-43.1022454"/>
 <node id="2947966981" visible="true" version="1" changeset="23952765" timestamp="2014-07-04T15:06:29Z" user="Alexandrecw" uid="893594" lat="-22.8458419" lon="-43.0998221"/>
 <node id="2947966982" visible="true" version="1" changeset="23952765" timestamp="2014-07-04T15:06:29Z" user="Alexandrecw" uid="893594" lat="-22.8458478" lon="-43.1023678"/>
 <node id="2947966983" visible="true" version="1" changeset="23952765" timestamp="2014-07-04T15:06:29Z" user="Alexandrecw" uid="893594" lat="-22.8458562" lon="-43.1000135"/>
 <node id="2947966984" visible="true" version="1" changeset="23952765" timestamp="2014-07-04T15:06:29Z" user="Alexandrecw" uid="893594" lat="-22.8458824" lon="-43.0998588"/>
 <node id="2947966985" visible="true" version="1" changeset="23952765" timestamp="2014-07-04T15:06:29Z" user="Alexandrecw" uid="893594" lat="-22.8459140" lon="-43.1009081"/>
 <node id="2947966986" visible="true" version="1" changeset="23952765" timestamp="2014-07-04T15:06:29Z" user="Alexandrecw" uid="893594" lat="-22.8459168" lon="-43.1023082"/>
 <node id="2947966987" visible="true" version="1" changeset="23952765" timestamp="2014-07-04T15:06:29Z" user="Alexandrecw" uid="893594" lat="-22.8459176" lon="-43.1020512"/>
 <node id="2947966988" visible="true" version="1" changeset="23952765" timestamp="2014-07-04T15:06:30Z" user="Alexandrecw" uid="893594" lat="-22.8459387" lon="-43.0999135"/>
 <node id="2947966989" visible="true" version="1" changeset="23952765" timestamp="2014-07-04T15:06:30Z" user="Alexandrecw" uid="893594" lat="-22.8459401" lon="-43.1013544"/>
 <node id="2947966990" visible="true" version="1" changeset="23952765" timestamp="2014-07-04T15:06:30Z" user="Alexandrecw" uid="893594" lat="-22.8459646" lon="-43.1008344"/>
 <node id="2947966991" visible="true" version="1" changeset="23952765" timestamp="2014-07-04T15:06:30Z" user="Alexandrecw" uid="893594" lat="-22.8460190" lon="-43.1021140"/>
 <node id="2947966992" visible="true" version="1" changeset="23952765" timestamp="2014-07-04T15:06:30Z" user="Alexandrecw" uid="893594" lat="-22.8460228" lon="-43.1024734"/>
 <node id="2947966993" visible="true" version="1" changeset="23952765" timestamp="2014-07-04T15:06:30Z" user="Alexandrecw" uid="893594" lat="-22.8460442" lon="-43.0992247"/>
 <node id="2947966994" visible="true" version="1" changeset="23952765" timestamp="2014-07-04T15:06:30Z" user="Alexandrecw" uid="893594" lat="-22.8460488" lon="-43.1010171"/>
 <node id="2947966995" visible="true" version="1" changeset="23952765" timestamp="2014-07-04T15:06:30Z" user="Alexandrecw" uid="893594" lat="-22.8460631" lon="-43.1025329"/>
 <node id="2947966996" visible="true" version="1" changeset="23952765" timestamp="2014-07-04T15:06:30Z" user="Alexandrecw" uid="893594" lat="-22.8460873" lon="-43.1013559"/>
 <node id="2947966997" visible="true" version="1" changeset="23952765" timestamp="2014-07-04T15:06:30Z" user="Alexandrecw" uid="893594" lat="-22.8460985" lon="-43.1006881"/>
 <node id="2947966998" visible="true" version="1" changeset="23952765" timestamp="2014-07-04T15:06:30Z" user="Alexandrecw" uid="893594" lat="-22.8460994" lon="-43.1009433"/>
 <node id="2947966999" visible="true" version="1" changeset="23952765" timestamp="2014-07-04T15:06:30Z" user="Alexandrecw" uid="893594" lat="-22.8461159" lon="-43.1024051"/>
 <node id="2947967000" visible="true" version="1" changeset="23952765" timestamp="2014-07-04T15:06:30Z" user="Alexandrecw" uid="893594" lat="-22.8461298" lon="-43.0992521"/>
 <node id="2947967001" visible="true" version="1" changeset="23952765" timestamp="2014-07-04T15:06:30Z" user="Alexandrecw" uid="893594" lat="-22.8461391" lon="-43.1013042"/>
 <node id="2947967002" visible="true" version="1" changeset="23952765" timestamp="2014-07-04T15:06:30Z" user="Alexandrecw" uid="893594" lat="-22.8461592" lon="-43.1007519"/>
 <node id="2947967003" visible="true" version="1" changeset="23952765" timestamp="2014-07-04T15:06:30Z" user="Alexandrecw" uid="893594" lat="-22.8461688" lon="-43.1011407"/>
 <node id="2947967004" visible="true" version="1" changeset="23952765" timestamp="2014-07-04T15:06:30Z" user="Alexandrecw" uid="893594" lat="-22.8461712" lon="-43.1026455"/>
 <node id="2947967005" visible="true" version="1" changeset="23952765" timestamp="2014-07-04T15:06:30Z" user="Alexandrecw" uid="893594" lat="-22.8461836" lon="-43.1014693"/>
 <node id="2947967006" visible="true" version="1" changeset="23952765" timestamp="2014-07-04T15:06:30Z" user="Alexandrecw" uid="893594" lat="-22.8462354" lon="-43.1014176"/>
 <node id="2947967008" visible="true" version="1" changeset="23952765" timestamp="2014-07-04T15:06:30Z" user="Alexandrecw" uid="893594" lat="-22.8462932" lon="-43.0994653"/>
 <node id="2947967009" visible="true" version="1" changeset="23952765" timestamp="2014-07-04T15:06:30Z" user="Alexandrecw" uid="893594" lat="-22.8463118" lon="-43.1016213"/>
 <node id="2947967011" visible="true" version="1" changeset="23952765" timestamp="2014-07-04T15:06:30Z" user="Alexandrecw" uid="893594" lat="-22.8463711" lon="-43.1004469"/>
 <node id="2947967012" visible="true" version="2" changeset="41555094" timestamp="2016-08-19T12:22:15Z" user="ThiagoPv" uid="502691" lat="-22.8463438" lon="-43.1027240"/>
 <node id="2947967013" visible="true" version="1" changeset="23952765" timestamp="2014-07-04T15:06:30Z" user="Alexandrecw" uid="893594" lat="-22.8464518" lon="-43.1014873"/>
 <node id="2947967014" visible="true" version="1" changeset="23952765" timestamp="2014-07-04T15:06:30Z" user="Alexandrecw" uid="893594" lat="-22.8465267" lon="-43.1011604"/>
 <node id="2947967015" visible="true" version="1" changeset="23952765" timestamp="2014-07-04T15:06:30Z" user="Alexandrecw" uid="893594" lat="-22.8465371" lon="-43.1021560"/>
 <node id="2947967016" visible="true" version="1" changeset="23952765" timestamp="2014-07-04T15:06:30Z" user="Alexandrecw" uid="893594" lat="-22.8466485" lon="-43.1020604"/>
 <node id="2947967017" visible="true" version="1" changeset="23952765" timestamp="2014-07-04T15:06:30Z" user="Alexandrecw" uid="893594" lat="-22.8466612" lon="-43.1028242"/>
 <node id="2947967018" visible="true" version="1" changeset="23952765" timestamp="2014-07-04T15:06:30Z" user="Alexandrecw" uid="893594" lat="-22.8466726" lon="-43.0997630"/>
 <node id="2947967019" visible="true" version="1" changeset="23952765" timestamp="2014-07-04T15:06:30Z" user="Alexandrecw" uid="893594" lat="-22.8466959" lon="-43.1001493"/>
 <node id="2947967020" visible="true" version="1" changeset="23952765" timestamp="2014-07-04T15:06:30Z" user="Alexandrecw" uid="893594" lat="-22.8467141" lon="-43.1026964"/>
 <node id="2947967021" visible="true" version="1" changeset="23952765" timestamp="2014-07-04T15:06:30Z" user="Alexandrecw" uid="893594" lat="-22.8467146" lon="-43.1029023"/>
 <node id="2947967022" visible="true" version="1" changeset="23952765" timestamp="2014-07-04T15:06:30Z" user="Alexandrecw" uid="893594" lat="-22.8467277" lon="-43.1009729"/>
 <node id="2947967023" visible="true" version="1" changeset="23952765" timestamp="2014-07-04T15:06:30Z" user="Alexandrecw" uid="893594" lat="-22.8467990" lon="-43.1000923"/>
 <node id="2947967024" visible="true" version="1" changeset="23952765" timestamp="2014-07-04T15:06:30Z" user="Alexandrecw" uid="893594" lat="-22.8468243" lon="-43.1015361"/>
 <node id="2947967025" visible="true" version="1" changeset="23952765" timestamp="2014-07-04T15:06:30Z" user="Alexandrecw" uid="893594" lat="-22.8468415" lon="-43.1016116"/>
 <node id="2947967026" visible="true" version="1" changeset="23952765" timestamp="2014-07-04T15:06:30Z" user="Alexandrecw" uid="893594" lat="-22.8468466" lon="-43.1019261"/>
 <node id="2947967027" visible="true" version="1" changeset="23952765" timestamp="2014-07-04T15:06:30Z" user="Alexandrecw" uid="893594" lat="-22.8468671" lon="-43.1000944"/>
 <node id="2947967028" visible="true" version="1" changeset="23952765" timestamp="2014-07-04T15:06:30Z" user="Alexandrecw" uid="893594" lat="-22.8469058" lon="-43.1018365"/>
 <node id="2947967029" visible="true" version="1" changeset="23952765" timestamp="2014-07-04T15:06:30Z" user="Alexandrecw" uid="893594" lat="-22.8469566" lon="-43.1000078"/>
 <node id="2947967030" visible="true" version="1" changeset="23952765" timestamp="2014-07-04T15:06:30Z" user="Alexandrecw" uid="893594" lat="-22.8469680" lon="-43.1017639"/>
 <node id="2947967031" visible="true" version="1" changeset="23952765" timestamp="2014-07-04T15:06:31Z" user="Alexandrecw" uid="893594" lat="-22.8469819" lon="-43.0998432"/>
 <node id="2947967032" visible="true" version="1" changeset="23952765" timestamp="2014-07-04T15:06:31Z" user="Alexandrecw" uid="893594" lat="-22.8470253" lon="-43.1013487"/>
 <node id="2947967133" visible="true" version="1" changeset="23952765" timestamp="2014-07-04T15:06:31Z" user="Alexandrecw" uid="893594" lat="-22.8470378" lon="-43.1020559"/>
 <node id="2947967134" visible="true" version="1" changeset="23952765" timestamp="2014-07-04T15:06:31Z" user="Alexandrecw" uid="893594" lat="-22.8470688" lon="-43.1015206"/>
 <node id="2947967135" visible="true" version="1" changeset="23952765" timestamp="2014-07-04T15:06:31Z" user="Alexandrecw" uid="893594" lat="-22.8470901" lon="-43.1019604"/>
 <node id="2947967136" visible="true" version="1" changeset="23952765" timestamp="2014-07-04T15:06:31Z" user="Alexandrecw" uid="893594" lat="-22.8470966" lon="-43.1013356"/>
 <node id="2947967137" visible="true" version="1" changeset="23952765" timestamp="2014-07-04T15:06:31Z" user="Alexandrecw" uid="893594" lat="-22.8471262" lon="-43.1023428"/>
 <node id="2947967138" visible="true" version="1" changeset="23952765" timestamp="2014-07-04T15:06:31Z" user="Alexandrecw" uid="893594" lat="-22.8471301" lon="-43.1022414"/>
 <node id="2947967139" visible="true" version="1" changeset="23952765" timestamp="2014-07-04T15:06:31Z" user="Alexandrecw" uid="893594" lat="-22.8471441" lon="-43.1018654"/>
 <node id="2947967140" visible="true" version="1" changeset="23952765" timestamp="2014-07-04T15:06:31Z" user="Alexandrecw" uid="893594" lat="-22.8471515" lon="-43.1024293"/>
 <node id="2947967141" visible="true" version="1" changeset="23952765" timestamp="2014-07-04T15:06:31Z" user="Alexandrecw" uid="893594" lat="-22.8471554" lon="-43.1021528"/>
 <node id="2947967142" visible="true" version="1" changeset="23952765" timestamp="2014-07-04T15:06:31Z" user="Alexandrecw" uid="893594" lat="-22.8472099" lon="-43.1025243"/>
 <node id="2947967143" visible="true" version="1" changeset="23952765" timestamp="2014-07-04T15:06:31Z" user="Alexandrecw" uid="893594" lat="-22.8472449" lon="-43.1020557"/>
 <node id="2947967144" visible="true" version="1" changeset="23952765" timestamp="2014-07-04T15:06:31Z" user="Alexandrecw" uid="893594" lat="-22.8472514" lon="-43.1013475"/>
 <node id="2947967145" visible="true" version="1" changeset="23952765" timestamp="2014-07-04T15:06:31Z" user="Alexandrecw" uid="893594" lat="-22.8472770" lon="-43.1017791"/>
 <node id="2947967146" visible="true" version="1" changeset="23952765" timestamp="2014-07-04T15:06:31Z" user="Alexandrecw" uid="893594" lat="-22.8472834" lon="-43.0999508"/>
 <node id="2947967147" visible="true" version="1" changeset="23952765" timestamp="2014-07-04T15:06:31Z" user="Alexandrecw" uid="893594" lat="-22.8472857" lon="-43.1017760"/>
 <node id="2947967148" visible="true" version="1" changeset="23952765" timestamp="2014-07-04T15:06:31Z" user="Alexandrecw" uid="893594" lat="-22.8473013" lon="-43.1013042"/>
 <node id="2947967149" visible="true" version="1" changeset="23952765" timestamp="2014-07-04T15:06:31Z" user="Alexandrecw" uid="893594" lat="-22.8473519" lon="-43.1020388"/>
 <node id="2947967150" visible="true" version="1" changeset="23952765" timestamp="2014-07-04T15:06:31Z" user="Alexandrecw" uid="893594" lat="-22.8473742" lon="-43.1018921"/>
 <node id="2947967151" visible="true" version="1" changeset="23952765" timestamp="2014-07-04T15:06:31Z" user="Alexandrecw" uid="893594" lat="-22.8473766" lon="-43.1012302"/>
 <node id="2947967152" visible="true" version="1" changeset="23952765" timestamp="2014-07-04T15:06:31Z" user="Alexandrecw" uid="893594" lat="-22.8473835" lon="-43.1016882"/>
 <node id="2947967153" visible="true" version="1" changeset="23952765" timestamp="2014-07-04T15:06:31Z" user="Alexandrecw" uid="893594" lat="-22.8474157" lon="-43.1010126"/>
 <node id="2947967154" visible="true" version="1" changeset="23952765" timestamp="2014-07-04T15:06:31Z" user="Alexandrecw" uid="893594" lat="-22.8474596" lon="-43.1016060"/>
 <node id="2947967155" visible="true" version="1" changeset="23952765" timestamp="2014-07-04T15:06:31Z" user="Alexandrecw" uid="893594" lat="-22.8474720" lon="-43.1018043"/>
 <node id="2947967161" visible="true" version="1" changeset="23952765" timestamp="2014-07-04T15:06:31Z" user="Alexandrecw" uid="893594" lat="-22.8475075" lon="-43.1015512"/>
 <node id="2947967173" visible="true" version="1" changeset="23952765" timestamp="2014-07-04T15:06:31Z" user="Alexandrecw" uid="893594" lat="-22.8475760" lon="-43.1032716"/>
 <node id="2947967175" visible="true" version="1" changeset="23952765" timestamp="2014-07-04T15:06:31Z" user="Alexandrecw" uid="893594" lat="-22.8475828" lon="-43.1014772"/>
 <node id="2947967200" visible="true" version="1" changeset="23952765" timestamp="2014-07-04T15:06:32Z" user="Alexandrecw" uid="893594" lat="-22.8478374" lon="-43.1031670"/>
 <node id="2947967221" visible="true" version="1" changeset="23952765" timestamp="2014-07-04T15:06:32Z" user="Alexandrecw" uid="893594" lat="-22.8480189" lon="-43.1031312"/>
 <node id="2947967228" visible="true" version="1" changeset="23952765" timestamp="2014-07-04T15:06:32Z" user="Alexandrecw" uid="893594" lat="-22.8480580" lon="-43.1028008"/>
 <node id="2947967231" visible="true" version="1" changeset="23952765" timestamp="2014-07-04T15:06:32Z" user="Alexandrecw" uid="893594" lat="-22.8481514" lon="-43.1027734"/>
 <node id="2947967232" visible="true" version="1" changeset="23952765" timestamp="2014-07-04T15:06:32Z" user="Alexandrecw" uid="893594" lat="-22.8482000" lon="-43.1022752"/>
 <node id="2947967333" visible="true" version="1" changeset="23952765" timestamp="2014-07-04T15:06:32Z" user="Alexandrecw" uid="893594" lat="-22.8482142" lon="-43.1022206"/>
 <node id="2947967334" visible="true" version="1" changeset="23952765" timestamp="2014-07-04T15:06:32Z" user="Alexandrecw" uid="893594" lat="-22.8482230" lon="-43.1002759"/>
 <node id="2947967335" visible="true" version="1" changeset="23952765" timestamp="2014-07-04T15:06:33Z" user="Alexandrecw" uid="893594" lat="-22.8482448" lon="-43.1027037"/>
 <node id="2947967336" visible="true" version="1" changeset="23952765" timestamp="2014-07-04T15:06:33Z" user="Alexandrecw" uid="893594" lat="-22.8482720" lon="-43.1023491"/>
 <node id="2947967337" visible="true" version="1" changeset="23952765" timestamp="2014-07-04T15:06:33Z" user="Alexandrecw" uid="893594" lat="-22.8482973" lon="-43.1025918"/>
 <node id="2947967338" visible="true" version="1" changeset="23952765" timestamp="2014-07-04T15:06:33Z" user="Alexandrecw" uid="893594" lat="-22.8483051" lon="-43.1024610"/>
 <node id="2947967340" visible="true" version="1" changeset="23952765" timestamp="2014-07-04T15:06:33Z" user="Alexandrecw" uid="893594" lat="-22.8483620" lon="-43.1003032"/>
 <node id="2947967343" visible="true" version="1" changeset="23952765" timestamp="2014-07-04T15:06:33Z" user="Alexandrecw" uid="893594" lat="-22.8483844" lon="-43.1003076"/>
 <node id="2947967357" visible="true" version="1" changeset="23952765" timestamp="2014-07-04T15:06:33Z" user="Alexandrecw" uid="893594" lat="-22.8485206" lon="-43.1003962"/>
 <node id="2947967379" visible="true" version="1" changeset="23952765" timestamp="2014-07-04T15:06:33Z" user="Alexandrecw" uid="893594" lat="-22.8490821" lon="-43.1008335"/>
 <node id="2947967380" visible="true" version="1" changeset="23952765" timestamp="2014-07-04T15:06:33Z" user="Alexandrecw" uid="893594" lat="-22.8491061" lon="-43.1008522"/>
 <node id="2947967382" visible="true" version="1" changeset="23952765" timestamp="2014-07-04T15:06:33Z" user="Alexandrecw" uid="893594" lat="-22.8491463" lon="-43.1008706"/>
 <node id="2947967393" visible="true" version="1" changeset="23952765" timestamp="2014-07-04T15:06:34Z" user="Alexandrecw" uid="893594" lat="-22.8494757" lon="-43.1010211"/>
 <node id="2947967399" visible="true" version="1" changeset="23952765" timestamp="2014-07-04T15:06:34Z" user="Alexandrecw" uid="893594" lat="-22.8496033" lon="-43.1010656"/>
 <node id="2947967418" visible="true" version="1" changeset="23952765" timestamp="2014-07-04T15:06:34Z" user="Alexandrecw" uid="893594" lat="-22.8498628" lon="-43.1011562"/>
 <node id="2947967427" visible="true" version="1" changeset="23952765" timestamp="2014-07-04T15:06:34Z" user="Alexandrecw" uid="893594" lat="-22.8500185" lon="-43.1012807"/>
 <node id="2947967433" visible="true" version="1" changeset="23952765" timestamp="2014-07-04T15:06:34Z" user="Alexandrecw" uid="893594" lat="-22.8501780" lon="-43.1014960"/>
 <node id="2947967457" visible="true" version="1" changeset="23952765" timestamp="2014-07-04T15:06:35Z" user="Alexandrecw" uid="893594" lat="-22.8506741" lon="-43.1022535"/>
 <node id="2947967463" visible="true" version="1" changeset="23952765" timestamp="2014-07-04T15:06:35Z" user="Alexandrecw" uid="893594" lat="-22.8508043" lon="-43.1024523"/>
 <node id="2947967464" visible="true" version="1" changeset="23952765" timestamp="2014-07-04T15:06:35Z" user="Alexandrecw" uid="893594" lat="-22.8508160" lon="-43.1037800"/>
 <node id="2947967466" visible="true" version="1" changeset="23952765" timestamp="2014-07-04T15:06:35Z" user="Alexandrecw" uid="893594" lat="-22.8508432" lon="-43.1025473"/>
 <node id="2947967468" visible="true" version="1" changeset="23952765" timestamp="2014-07-04T15:06:35Z" user="Alexandrecw" uid="893594" lat="-22.8508705" lon="-43.1031214"/>
 <node id="2951022123" visible="true" version="1" changeset="23985330" timestamp="2014-07-06T14:50:41Z" user="Nighto" uid="12293" lat="-22.8482631" lon="-43.1003267"/>
 <node id="2951022124" visible="true" version="1" changeset="23985330" timestamp="2014-07-06T14:50:41Z" user="Nighto" uid="12293" lat="-22.8475191" lon="-43.1010026"/>
 <node id="2951022125" visible="true" version="1" changeset="23985330" timestamp="2014-07-06T14:50:41Z" user="Nighto" uid="12293" lat="-22.8468072" lon="-43.1001282"/>
 <node id="2951022126" visible="true" version="1" changeset="23985330" timestamp="2014-07-06T14:50:41Z" user="Nighto" uid="12293" lat="-22.8469951" lon="-43.0998815"/>
 <node id="4357430978" visible="true" version="1" changeset="41555094" timestamp="2016-08-19T12:22:10Z" user="ThiagoPv" uid="502691" lat="-22.8456654" lon="-43.0984524"/>
 <node id="4357430979" visible="true" version="1" changeset="41555094" timestamp="2016-08-19T12:22:10Z" user="ThiagoPv" uid="502691" lat="-22.8462745" lon="-43.1028938"/>
 <node id="4357430980" visible="true" version="1" changeset="41555094" timestamp="2016-08-19T12:22:10Z" user="ThiagoPv" uid="502691" lat="-22.8465378" lon="-43.1078398"/>
 <node id="4357430981" visible="true" version="1" changeset="41555094" timestamp="2016-08-19T12:22:10Z" user="ThiagoPv" uid="502691" lat="-22.8467405" lon="-43.1077915"/>
 <node id="4357430982" visible="true" version="1" changeset="41555094" timestamp="2016-08-19T12:22:10Z" user="ThiagoPv" uid="502691" lat="-22.8467553" lon="-43.1076923"/>
 <node id="4357430983" visible="true" version="2" changeset="90169337" timestamp="2020-08-31T06:09:55Z" user="EigerMt" uid="10653264" lat="-22.8468260" lon="-43.0989911"/>
 <node id="4357430984" visible="true" version="1" changeset="41555094" timestamp="2016-08-19T12:22:10Z" user="ThiagoPv" uid="502691" lat="-22.8479615" lon="-43.1045005"/>
 <node id="4357430985" visible="true" version="1" changeset="41555094" timestamp="2016-08-19T12:22:10Z" user="ThiagoPv" uid="502691" lat="-22.8482235" lon="-43.1053266"/>
 <node id="6262244304" visible="true" version="1" changeset="66971082" timestamp="2019-02-06T17:36:33Z" user="telemetria pepsico" uid="8778605" lat="-22.8439785" lon="-43.1000932"/>
 <node id="6262244305" visible="true" version="1" changeset="66971082" timestamp="2019-02-06T17:36:33Z" user="telemetria pepsico" uid="8778605" lat="-22.8439973" lon="-43.1001167"/>
 <node id="6487131387" visible="true" version="2" changeset="88664209" timestamp="2020-07-29T08:22:45Z" user="ExmouthPlateau" uid="10653073" lat="-22.8353923" lon="-43.1120373"/>
 <node id="6487131388" visible="true" version="2" changeset="88664209" timestamp="2020-07-29T08:22:45Z" user="ExmouthPlateau" uid="10653073" lat="-22.8359176" lon="-43.1116109"/>
 <node id="6487131389" visible="true" version="2" changeset="88664209" timestamp="2020-07-29T08:22:45Z" user="ExmouthPlateau" uid="10653073" lat="-22.8365850" lon="-43.1114379"/>
 <node id="6487131390" visible="true" version="2" changeset="88664209" timestamp="2020-07-29T08:22:45Z" user="ExmouthPlateau" uid="10653073" lat="-22.8366839" lon="-43.1116001"/>
 <node id="6487131391" visible="true" version="2" changeset="88664209" timestamp="2020-07-29T08:22:45Z" user="ExmouthPlateau" uid="10653073" lat="-22.8370213" lon="-43.1113400"/>
 <node id="6487131392" visible="true" version="2" changeset="88664209" timestamp="2020-07-29T08:22:45Z" user="ExmouthPlateau" uid="10653073" lat="-22.8386194" lon="-43.1102818"/>
 <node id="6487131393" visible="true" version="2" changeset="88664209" timestamp="2020-07-29T08:22:45Z" user="ExmouthPlateau" uid="10653073" lat="-22.8394006" lon="-43.1097803"/>
 <node id="6487131394" visible="true" version="2" changeset="88664209" timestamp="2020-07-29T08:22:45Z" user="ExmouthPlateau" uid="10653073" lat="-22.8400655" lon="-43.1093109"/>
 <node id="6487131395" visible="true" version="2" changeset="88664209" timestamp="2020-07-29T08:22:45Z" user="ExmouthPlateau" uid="10653073" lat="-22.8401866" lon="-43.1091902"/>
 <node id="6487131396" visible="true" version="2" changeset="88664209" timestamp="2020-07-29T08:22:45Z" user="ExmouthPlateau" uid="10653073" lat="-22.8403621" lon="-43.1082433"/>
 <node id="6487131397" visible="true" version="3" changeset="88664480" timestamp="2020-07-29T08:26:42Z" user="ExmouthPlateau" uid="10653073" lat="-22.8403485" lon="-43.1080717"/>
 <node id="6487131398" visible="true" version="2" changeset="88664480" timestamp="2020-07-29T08:26:42Z" user="ExmouthPlateau" uid="10653073" lat="-22.8406612" lon="-43.1078812"/>
 <node id="6487131399" visible="true" version="2" changeset="88664480" timestamp="2020-07-29T08:26:42Z" user="ExmouthPlateau" uid="10653073" lat="-22.8405141" lon="-43.1076318"/>
 <node id="6487131400" visible="true" version="2" changeset="88664209" timestamp="2020-07-29T08:22:45Z" user="ExmouthPlateau" uid="10653073" lat="-22.8396255" lon="-43.1067440"/>
 <node id="6487131401" visible="true" version="2" changeset="88664209" timestamp="2020-07-29T08:22:45Z" user="ExmouthPlateau" uid="10653073" lat="-22.8394970" lon="-43.1064047"/>
 <node id="6487131402" visible="true" version="2" changeset="88664209" timestamp="2020-07-29T08:22:45Z" user="ExmouthPlateau" uid="10653073" lat="-22.8393882" lon="-43.1063671"/>
 <node id="6487131403" visible="true" version="2" changeset="88664209" timestamp="2020-07-29T08:22:45Z" user="ExmouthPlateau" uid="10653073" lat="-22.8392782" lon="-43.1063819"/>
 <node id="6487131404" visible="true" version="2" changeset="88664209" timestamp="2020-07-29T08:22:45Z" user="ExmouthPlateau" uid="10653073" lat="-22.8392115" lon="-43.1063765"/>
 <node id="6487131405" visible="true" version="3" changeset="88664480" timestamp="2020-07-29T08:26:42Z" user="ExmouthPlateau" uid="10653073" lat="-22.8395482" lon="-43.1065173"/>
 <node id="6487131406" visible="true" version="2" changeset="88664480" timestamp="2020-07-29T08:26:42Z" user="ExmouthPlateau" uid="10653073" lat="-22.8397391" lon="-43.1064220"/>
 <node id="6487131407" visible="true" version="2" changeset="88664480" timestamp="2020-07-29T08:26:42Z" user="ExmouthPlateau" uid="10653073" lat="-22.8396093" lon="-43.1061792"/>
 <node id="6487131408" visible="true" version="1" changeset="70463168" timestamp="2019-05-21T05:03:34Z" user="Sturm br" uid="604619" lat="-22.8388590" lon="-43.1061972"/>
 <node id="6487131409" visible="true" version="3" changeset="88664480" timestamp="2020-07-29T08:26:42Z" user="ExmouthPlateau" uid="10653073" lat="-22.8382103" lon="-43.1058361"/>
 <node id="6487131410" visible="true" version="1" changeset="70463168" timestamp="2019-05-21T05:03:34Z" user="Sturm br" uid="604619" lat="-22.8360327" lon="-43.1060562"/>
 <node id="6487131411" visible="true" version="1" changeset="70463168" timestamp="2019-05-21T05:03:34Z" user="Sturm br" uid="604619" lat="-22.8363126" lon="-43.1061534"/>
 <node id="6487131412" visible="true" version="1" changeset="70463168" timestamp="2019-05-21T05:03:34Z" user="Sturm br" uid="604619" lat="-22.8364029" lon="-43.1058473"/>
 <node id="6487131413" visible="true" version="1" changeset="70463168" timestamp="2019-05-21T05:03:34Z" user="Sturm br" uid="604619" lat="-22.8361230" lon="-43.1057501"/>
 <node id="6487131414" visible="true" version="2" changeset="88664209" timestamp="2020-07-29T08:22:45Z" user="ExmouthPlateau" uid="10653073" lat="-22.8337645" lon="-43.1058159"/>
 <node id="6487131415" visible="true" version="3" changeset="88664480" timestamp="2020-07-29T08:26:42Z" user="ExmouthPlateau" uid="10653073" lat="-22.8338782" lon="-43.1057113"/>
 <node id="6487131416" visible="true" version="1" changeset="70463168" timestamp="2019-05-21T05:03:35Z" user="Sturm br" uid="604619" lat="-22.8344626" lon="-43.1052553"/>
 <node id="6487131417" visible="true" version="1" changeset="70463168" timestamp="2019-05-21T05:03:35Z" user="Sturm br" uid="604619" lat="-22.8346285" lon="-43.1050486"/>
 <node id="6487131418" visible="true" version="2" changeset="88664209" timestamp="2020-07-29T08:22:45Z" user="ExmouthPlateau" uid="10653073" lat="-22.8347978" lon="-43.1048745"/>
 <node id="6487131419" visible="true" version="3" changeset="88664480" timestamp="2020-07-29T08:26:42Z" user="ExmouthPlateau" uid="10653073" lat="-22.8336619" lon="-43.1061043"/>
 <node id="6487131420" visible="true" version="2" changeset="88664480" timestamp="2020-07-29T08:26:42Z" user="ExmouthPlateau" uid="10653073" lat="-22.8336520" lon="-43.1062183"/>
 <node id="6487131421" visible="true" version="1" changeset="70463168" timestamp="2019-05-21T05:03:35Z" user="Sturm br" uid="604619" lat="-22.8335773" lon="-43.1064421"/>
 <node id="6487131422" visible="true" version="2" changeset="88664209" timestamp="2020-07-29T08:22:45Z" user="ExmouthPlateau" uid="10653073" lat="-22.8333937" lon="-43.1066474"/>
 <node id="6487131423" visible="true" version="2" changeset="88664209" timestamp="2020-07-29T08:22:45Z" user="ExmouthPlateau" uid="10653073" lat="-22.8329808" lon="-43.1068137"/>
 <node id="6487131424" visible="true" version="1" changeset="70463168" timestamp="2019-05-21T05:03:35Z" user="Sturm br" uid="604619" lat="-22.8324591" lon="-43.1072145"/>
 <node id="6487131425" visible="true" version="2" changeset="88664209" timestamp="2020-07-29T08:22:45Z" user="ExmouthPlateau" uid="10653073" lat="-22.8323282" lon="-43.1074280"/>
 <node id="6487131426" visible="true" version="2" changeset="70463349" timestamp="2019-05-21T05:15:24Z" user="Sturm br" uid="604619" lat="-22.8327029" lon="-43.1093051"/>
 <node id="6487131427" visible="true" version="2" changeset="70463349" timestamp="2019-05-21T05:15:24Z" user="Sturm br" uid="604619" lat="-22.8327359" lon="-43.1089736"/>
 <node id="6487131428" visible="true" version="1" changeset="70463168" timestamp="2019-05-21T05:03:35Z" user="Sturm br" uid="604619" lat="-22.8309116" lon="-43.1100729"/>
 <node id="6487131429" visible="true" version="2" changeset="88664209" timestamp="2020-07-29T08:22:45Z" user="ExmouthPlateau" uid="10653073" lat="-22.8308648" lon="-43.1101477"/>
 <node id="6487131430" visible="true" version="2" changeset="88664209" timestamp="2020-07-29T08:22:45Z" user="ExmouthPlateau" uid="10653073" lat="-22.8305904" lon="-43.1107995"/>
 <node id="6487131431" visible="true" version="2" changeset="88664209" timestamp="2020-07-29T08:22:45Z" user="ExmouthPlateau" uid="10653073" lat="-22.8306349" lon="-43.1115505"/>
 <node id="6487131432" visible="true" version="2" changeset="88664209" timestamp="2020-07-29T08:22:45Z" user="ExmouthPlateau" uid="10653073" lat="-22.8312207" lon="-43.1120843"/>
 <node id="6487131433" visible="true" version="2" changeset="88664209" timestamp="2020-07-29T08:22:45Z" user="ExmouthPlateau" uid="10653073" lat="-22.8318486" lon="-43.1125295"/>
 <node id="6487131434" visible="true" version="2" changeset="88664209" timestamp="2020-07-29T08:22:45Z" user="ExmouthPlateau" uid="10653073" lat="-22.8319277" lon="-43.1127065"/>
 <node id="6487131435" visible="true" version="2" changeset="88664209" timestamp="2020-07-29T08:22:45Z" user="ExmouthPlateau" uid="10653073" lat="-22.8319821" lon="-43.1135273"/>
 <node id="6487131436" visible="true" version="2" changeset="88664209" timestamp="2020-07-29T08:22:45Z" user="ExmouthPlateau" uid="10653073" lat="-22.8319772" lon="-43.1138921"/>
 <node id="6487131437" visible="true" version="2" changeset="88664209" timestamp="2020-07-29T08:22:45Z" user="ExmouthPlateau" uid="10653073" lat="-22.8321799" lon="-43.1143749"/>
 <node id="6487131438" visible="true" version="2" changeset="88664209" timestamp="2020-07-29T08:22:45Z" user="ExmouthPlateau" uid="10653073" lat="-22.8325606" lon="-43.1146699"/>
 <node id="6487131439" visible="true" version="2" changeset="88664209" timestamp="2020-07-29T08:22:45Z" user="ExmouthPlateau" uid="10653073" lat="-22.8335568" lon="-43.1152386"/>
 <node id="6487131440" visible="true" version="2" changeset="88664209" timestamp="2020-07-29T08:22:45Z" user="ExmouthPlateau" uid="10653073" lat="-22.8336656" lon="-43.1152117"/>
 <node id="6487131441" visible="true" version="2" changeset="88664209" timestamp="2020-07-29T08:22:45Z" user="ExmouthPlateau" uid="10653073" lat="-22.8340487" lon="-43.1149006"/>
 <node id="6487131442" visible="true" version="2" changeset="88664209" timestamp="2020-07-29T08:22:45Z" user="ExmouthPlateau" uid="10653073" lat="-22.8347941" lon="-43.1143360"/>
 <node id="6487131443" visible="true" version="2" changeset="88664209" timestamp="2020-07-29T08:22:45Z" user="ExmouthPlateau" uid="10653073" lat="-22.8348497" lon="-43.1142595"/>
 <node id="6487131444" visible="true" version="2" changeset="88664209" timestamp="2020-07-29T08:22:45Z" user="ExmouthPlateau" uid="10653073" lat="-22.8348868" lon="-43.1141174"/>
 <node id="6487131445" visible="true" version="2" changeset="88664209" timestamp="2020-07-29T08:22:45Z" user="ExmouthPlateau" uid="10653073" lat="-22.8348868" lon="-43.1140168"/>
 <node id="6487131446" visible="true" version="2" changeset="88664209" timestamp="2020-07-29T08:22:45Z" user="ExmouthPlateau" uid="10653073" lat="-22.8347422" lon="-43.1137767"/>
 <node id="6487131447" visible="true" version="2" changeset="88664209" timestamp="2020-07-29T08:22:45Z" user="ExmouthPlateau" uid="10653073" lat="-22.8346321" lon="-43.1129131"/>
 <node id="6487131448" visible="true" version="2" changeset="174982253" timestamp="2025-11-22T10:27:46Z" user="lucianoAF" uid="23222106" lat="-22.8364487" lon="-43.1108404">
  <tag k="highway" v="turning_circle"/>
 </node>
 <node id="6487131449" visible="true" version="2" changeset="90170531" timestamp="2020-08-31T06:28:48Z" user="EigerMt" uid="10653264" lat="-22.8399271" lon="-43.1085679"/>
 <node id="6487131450" visible="true" version="1" changeset="70463168" timestamp="2019-05-21T05:03:35Z" user="Sturm br" uid="604619" lat="-22.8399619" lon="-43.1084811"/>
 <node id="6487131451" visible="true" version="1" changeset="70463168" timestamp="2019-05-21T05:03:35Z" user="Sturm br" uid="604619" lat="-22.8388682" lon="-43.1065051"/>
 <node id="6487131452" visible="true" version="1" changeset="70463168" timestamp="2019-05-21T05:03:35Z" user="Sturm br" uid="604619" lat="-22.8387309" lon="-43.1063561"/>
 <node id="6487131453" visible="true" version="1" changeset="70463168" timestamp="2019-05-21T05:03:35Z" user="Sturm br" uid="604619" lat="-22.8395567" lon="-43.1077302"/>
 <node id="6487131454" visible="true" version="2" changeset="90169792" timestamp="2020-08-31T06:17:35Z" user="EigerMt" uid="10653264" lat="-22.8380646" lon="-43.1088423"/>
 <node id="6487131455" visible="true" version="2" changeset="90169792" timestamp="2020-08-31T06:17:35Z" user="EigerMt" uid="10653264" lat="-22.8384525" lon="-43.1095290"/>
 <node id="6487131456" visible="true" version="1" changeset="70463168" timestamp="2019-05-21T05:03:35Z" user="Sturm br" uid="604619" lat="-22.8392650" lon="-43.1089993"/>
 <node id="6487131457" visible="true" version="2" changeset="90169792" timestamp="2020-08-31T06:17:35Z" user="EigerMt" uid="10653264" lat="-22.8388425" lon="-43.1081944"/>
 <node id="6487131458" visible="true" version="1" changeset="70463168" timestamp="2019-05-21T05:03:35Z" user="Sturm br" uid="604619" lat="-22.8372555" lon="-43.1099727"/>
 <node id="6487131459" visible="true" version="1" changeset="70463168" timestamp="2019-05-21T05:03:35Z" user="Sturm br" uid="604619" lat="-22.8373338" lon="-43.1101143"/>
 <node id="6487131460" visible="true" version="1" changeset="70463168" timestamp="2019-05-21T05:03:35Z" user="Sturm br" uid="604619" lat="-22.8375466" lon="-43.1099758"/>
 <node id="6487131461" visible="true" version="1" changeset="70463168" timestamp="2019-05-21T05:03:35Z" user="Sturm br" uid="604619" lat="-22.8374682" lon="-43.1098342"/>
 <node id="6487131462" visible="true" version="1" changeset="70463168" timestamp="2019-05-21T05:03:35Z" user="Sturm br" uid="604619" lat="-22.8374865" lon="-43.1097297"/>
 <node id="6487131463" visible="true" version="1" changeset="70463168" timestamp="2019-05-21T05:03:35Z" user="Sturm br" uid="604619" lat="-22.8375638" lon="-43.1098566"/>
 <node id="6487131464" visible="true" version="1" changeset="70463168" timestamp="2019-05-21T05:03:35Z" user="Sturm br" uid="604619" lat="-22.8378005" lon="-43.1096869"/>
 <node id="6487131465" visible="true" version="1" changeset="70463168" timestamp="2019-05-21T05:03:35Z" user="Sturm br" uid="604619" lat="-22.8377231" lon="-43.1095600"/>
 <node id="6487131466" visible="true" version="1" changeset="70463168" timestamp="2019-05-21T05:03:35Z" user="Sturm br" uid="604619" lat="-22.8374640" lon="-43.1096759"/>
 <node id="6487131467" visible="true" version="1" changeset="70463168" timestamp="2019-05-21T05:03:35Z" user="Sturm br" uid="604619" lat="-22.8382457" lon="-43.1089938"/>
 <node id="6487131468" visible="true" version="1" changeset="70463168" timestamp="2019-05-21T05:03:35Z" user="Sturm br" uid="604619" lat="-22.8384815" lon="-43.1094180"/>
 <node id="6487131469" visible="true" version="1" changeset="70463168" timestamp="2019-05-21T05:03:35Z" user="Sturm br" uid="604619" lat="-22.8390923" lon="-43.1090182"/>
 <node id="6487131470" visible="true" version="1" changeset="70463168" timestamp="2019-05-21T05:03:35Z" user="Sturm br" uid="604619" lat="-22.8388564" lon="-43.1085940"/>
 <node id="6487131471" visible="true" version="1" changeset="70463168" timestamp="2019-05-21T05:03:35Z" user="Sturm br" uid="604619" lat="-22.8390289" lon="-43.1074681"/>
 <node id="6487131472" visible="true" version="1" changeset="70463168" timestamp="2019-05-21T05:03:35Z" user="Sturm br" uid="604619" lat="-22.8388776" lon="-43.1071684"/>
 <node id="6487131473" visible="true" version="1" changeset="70463168" timestamp="2019-05-21T05:03:35Z" user="Sturm br" uid="604619" lat="-22.8381396" lon="-43.1074540"/>
 <node id="6487131474" visible="true" version="1" changeset="70463168" timestamp="2019-05-21T05:03:35Z" user="Sturm br" uid="604619" lat="-22.8390828" lon="-43.1068635"/>
 <node id="6487131475" visible="true" version="3" changeset="88664480" timestamp="2020-07-29T08:26:42Z" user="ExmouthPlateau" uid="10653073" lat="-22.8395362" lon="-43.1064878"/>
 <node id="6487131476" visible="true" version="1" changeset="70463168" timestamp="2019-05-21T05:03:35Z" user="Sturm br" uid="604619" lat="-22.8399350" lon="-43.1083681"/>
 <node id="6487131477" visible="true" version="2" changeset="90169792" timestamp="2020-08-31T06:17:35Z" user="EigerMt" uid="10653264" lat="-22.8392264" lon="-43.1090216"/>
 <node id="6487131478" visible="true" version="2" changeset="90169792" timestamp="2020-08-31T06:17:35Z" user="EigerMt" uid="10653264" lat="-22.8394562" lon="-43.1094705"/>
 <node id="6487131479" visible="true" version="2" changeset="90169792" timestamp="2020-08-31T06:17:35Z" user="EigerMt" uid="10653264" lat="-22.8395377" lon="-43.1094919"/>
 <node id="6487131480" visible="true" version="2" changeset="90169792" timestamp="2020-08-31T06:17:35Z" user="EigerMt" uid="10653264" lat="-22.8397985" lon="-43.1093390"/>
 <node id="6487131481" visible="true" version="2" changeset="90169792" timestamp="2020-08-31T06:17:35Z" user="EigerMt" uid="10653264" lat="-22.8398523" lon="-43.1091962"/>
 <node id="6487131482" visible="true" version="2" changeset="90169792" timestamp="2020-08-31T06:17:35Z" user="EigerMt" uid="10653264" lat="-22.8396317" lon="-43.1087577"/>
 <node id="6487143543" visible="true" version="2" changeset="90169792" timestamp="2020-08-31T06:17:35Z" user="EigerMt" uid="10653264" lat="-22.8386392" lon="-43.1063256"/>
 <node id="6487143544" visible="true" version="2" changeset="90169792" timestamp="2020-08-31T06:17:35Z" user="EigerMt" uid="10653264" lat="-22.8384414" lon="-43.1062974"/>
 <node id="6487143545" visible="true" version="2" changeset="90169792" timestamp="2020-08-31T06:17:35Z" user="EigerMt" uid="10653264" lat="-22.8382709" lon="-43.1063443"/>
 <node id="6487143546" visible="true" version="1" changeset="70463349" timestamp="2019-05-21T05:15:24Z" user="Sturm br" uid="604619" lat="-22.8329716" lon="-43.1098233">
  <tag k="highway" v="turning_circle"/>
 </node>
 <node id="6487143547" visible="true" version="2" changeset="174982253" timestamp="2025-11-22T10:27:46Z" user="lucianoAF" uid="23222106" lat="-22.8363299" lon="-43.1062126">
  <tag k="highway" v="turning_circle"/>
 </node>
 <node id="6487143548" visible="true" version="2" changeset="90169792" timestamp="2020-08-31T06:17:35Z" user="EigerMt" uid="10653264" lat="-22.8369141" lon="-43.1072282"/>
 <node id="6487143549" visible="true" version="3" changeset="174982253" timestamp="2025-11-22T10:27:46Z" user="lucianoAF" uid="23222106" lat="-22.8372615" lon="-43.1078274">
  <tag k="highway" v="turning_circle"/>
 </node>
 <node id="6487143550" visible="true" version="4" changeset="176607130" timestamp="2025-12-30T03:07:12Z" user="lucianoAF" uid="23222106" lat="-22.8360234" lon="-43.1102062">
  <tag k="barrier" v="gate"/>
  <tag k="locked" v="yes"/>
  <tag k="wheelchair" v="yes"/>
 </node>
 <node id="6487143551" visible="true" version="2" changeset="90169792" timestamp="2020-08-31T06:17:35Z" user="EigerMt" uid="10653264" lat="-22.8350841" lon="-43.1084289"/>
 <node id="6487143552" visible="true" version="3" changeset="174982253" timestamp="2025-11-22T10:27:46Z" user="lucianoAF" uid="23222106" lat="-22.8343777" lon="-43.1072523">
  <tag k="highway" v="turning_circle"/>
 </node>
 <node id="6487143553" visible="true" version="1" changeset="70463349" timestamp="2019-05-21T05:15:24Z" user="Sturm br" uid="604619" lat="-22.8363552" lon="-43.1091649"/>
 <node id="6487143555" visible="true" version="1" changeset="70463349" timestamp="2019-05-21T05:15:24Z" user="Sturm br" uid="604619" lat="-22.8326468" lon="-43.1099740"/>
 <node id="6487143556" visible="true" version="2" changeset="176607130" timestamp="2025-12-30T03:07:12Z" user="lucianoAF" uid="23222106" lat="-22.8346064" lon="-43.1101126"/>
 <node id="6487143557" visible="true" version="2" changeset="176607130" timestamp="2025-12-30T03:07:12Z" user="lucianoAF" uid="23222106" lat="-22.8353629" lon="-43.1104165"/>
 <node id="6487143558" visible="true" version="1" changeset="70463349" timestamp="2019-05-21T05:15:24Z" user="Sturm br" uid="604619" lat="-22.8357204" lon="-43.1110033"/>
 <node id="6524278958" visible="true" version="1" changeset="70954634" timestamp="2019-06-05T13:21:42Z" user="dmgroom_ct" uid="437598" lat="-22.8473104" lon="-43.1080958"/>
 <node id="6524278959" visible="true" version="1" changeset="70954634" timestamp="2019-06-05T13:21:42Z" user="dmgroom_ct" uid="437598" lat="-22.8471251" lon="-43.1079054"/>
 <node id="6524278960" visible="true" version="1" changeset="70954634" timestamp="2019-06-05T13:21:42Z" user="dmgroom_ct" uid="437598" lat="-22.8472338" lon="-43.1083828"/>
 <node id="6524278961" visible="true" version="1" changeset="70954634" timestamp="2019-06-05T13:21:42Z" user="dmgroom_ct" uid="437598" lat="-22.8469174" lon="-43.1083292"/>
 <node id="6524278962" visible="true" version="1" changeset="70954634" timestamp="2019-06-05T13:21:42Z" user="dmgroom_ct" uid="437598" lat="-22.8466455" lon="-43.1080636"/>
 <node id="7556410778" visible="true" version="2" changeset="87167607" timestamp="2020-06-26T04:35:27Z" user="Wynwood" uid="9625546" lat="-22.8213012" lon="-43.0932672"/>
 <node id="7556410779" visible="true" version="2" changeset="87167607" timestamp="2020-06-26T04:35:27Z" user="Wynwood" uid="9625546" lat="-22.8217401" lon="-43.0932136"/>
 <node id="7556410780" visible="true" version="2" changeset="87167607" timestamp="2020-06-26T04:35:27Z" user="Wynwood" uid="9625546" lat="-22.8222048" lon="-43.0934429"/>
 <node id="7556410781" visible="true" version="2" changeset="87167607" timestamp="2020-06-26T04:35:27Z" user="Wynwood" uid="9625546" lat="-22.8230157" lon="-43.0948216"/>
 <node id="7556410782" visible="true" version="2" changeset="87167607" timestamp="2020-06-26T04:35:27Z" user="Wynwood" uid="9625546" lat="-22.8230577" lon="-43.0959401"/>
 <node id="7556410783" visible="true" version="3" changeset="88661160" timestamp="2020-07-29T07:36:00Z" user="ExmouthPlateau" uid="10653073" lat="-22.8246468" lon="-43.0965871"/>
 <node id="7556410784" visible="true" version="3" changeset="88661160" timestamp="2020-07-29T07:36:00Z" user="ExmouthPlateau" uid="10653073" lat="-22.8248791" lon="-43.0968872"/>
 <node id="7556428785" visible="true" version="2" changeset="87167607" timestamp="2020-06-26T04:35:27Z" user="Wynwood" uid="9625546" lat="-22.8250330" lon="-43.0972423"/>
 <node id="7556428786" visible="true" version="3" changeset="88661160" timestamp="2020-07-29T07:36:00Z" user="ExmouthPlateau" uid="10653073" lat="-22.8254953" lon="-43.0973804"/>
 <node id="7556428787" visible="true" version="3" changeset="88661160" timestamp="2020-07-29T07:36:00Z" user="ExmouthPlateau" uid="10653073" lat="-22.8256239" lon="-43.0974273"/>
 <node id="7556428788" visible="true" version="2" changeset="87167607" timestamp="2020-06-26T04:35:27Z" user="Wynwood" uid="9625546" lat="-22.8260664" lon="-43.0978927"/>
 <node id="7556428789" visible="true" version="2" changeset="87167607" timestamp="2020-06-26T04:35:27Z" user="Wynwood" uid="9625546" lat="-22.8194483" lon="-43.0959427"/>
 <node id="7556428790" visible="true" version="2" changeset="87167607" timestamp="2020-06-26T04:35:27Z" user="Wynwood" uid="9625546" lat="-22.8235312" lon="-43.0995516"/>
 <node id="7556428791" visible="true" version="2" changeset="87167607" timestamp="2020-06-26T04:35:27Z" user="Wynwood" uid="9625546" lat="-22.8245151" lon="-43.1005642"/>
 <node id="7654709191" visible="true" version="2" changeset="88661160" timestamp="2020-07-29T07:36:00Z" user="ExmouthPlateau" uid="10653073" lat="-22.8298339" lon="-43.1024458"/>
 <node id="7654709192" visible="true" version="1" changeset="87167607" timestamp="2020-06-26T04:35:27Z" user="Wynwood" uid="9625546" lat="-22.8299044" lon="-43.1032625"/>
 <node id="7654709193" visible="true" version="1" changeset="87167607" timestamp="2020-06-26T04:35:27Z" user="Wynwood" uid="9625546" lat="-22.8299241" lon="-43.1030788"/>
 <node id="7654709194" visible="true" version="1" changeset="87167607" timestamp="2020-06-26T04:35:27Z" user="Wynwood" uid="9625546" lat="-22.8298784" lon="-43.1033215"/>
 <node id="7654709195" visible="true" version="1" changeset="87167607" timestamp="2020-06-26T04:35:27Z" user="Wynwood" uid="9625546" lat="-22.8297387" lon="-43.1035562"/>
 <node id="7654709196" visible="true" version="2" changeset="88661160" timestamp="2020-07-29T07:36:00Z" user="ExmouthPlateau" uid="10653073" lat="-22.8296695" lon="-43.1036957"/>
 <node id="7654709197" visible="true" version="1" changeset="87167607" timestamp="2020-06-26T04:35:27Z" user="Wynwood" uid="9625546" lat="-22.8296052" lon="-43.1040041"/>
 <node id="7654709198" visible="true" version="1" changeset="87167607" timestamp="2020-06-26T04:35:27Z" user="Wynwood" uid="9625546" lat="-22.8295323" lon="-43.1042127"/>
 <node id="7654709199" visible="true" version="1" changeset="87167607" timestamp="2020-06-26T04:35:27Z" user="Wynwood" uid="9625546" lat="-22.8295923" lon="-43.1041610"/>
 <node id="7654709200" visible="true" version="1" changeset="87167607" timestamp="2020-06-26T04:35:27Z" user="Wynwood" uid="9625546" lat="-22.8294872" lon="-43.1042019"/>
 <node id="7654709201" visible="true" version="1" changeset="87167607" timestamp="2020-06-26T04:35:27Z" user="Wynwood" uid="9625546" lat="-22.8293512" lon="-43.1040350"/>
 <node id="7654709202" visible="true" version="2" changeset="88661160" timestamp="2020-07-29T07:36:00Z" user="ExmouthPlateau" uid="10653073" lat="-22.8292159" lon="-43.1037466"/>
 <node id="7654709203" visible="true" version="2" changeset="88661160" timestamp="2020-07-29T07:36:00Z" user="ExmouthPlateau" uid="10653073" lat="-22.8290663" lon="-43.1030761"/>
 <node id="7654709204" visible="true" version="2" changeset="88661160" timestamp="2020-07-29T07:36:00Z" user="ExmouthPlateau" uid="10653073" lat="-22.8288661" lon="-43.1027140"/>
 <node id="7654709205" visible="true" version="2" changeset="88661160" timestamp="2020-07-29T07:36:00Z" user="ExmouthPlateau" uid="10653073" lat="-22.8290280" lon="-43.1029312"/>
 <node id="7654709206" visible="true" version="1" changeset="87167607" timestamp="2020-06-26T04:35:27Z" user="Wynwood" uid="9625546" lat="-22.8281578" lon="-43.1023465"/>
 <node id="7654709207" visible="true" version="2" changeset="88661160" timestamp="2020-07-29T07:36:00Z" user="ExmouthPlateau" uid="10653073" lat="-22.8284841" lon="-43.1024578"/>
 <node id="7654709208" visible="true" version="1" changeset="87167607" timestamp="2020-06-26T04:35:27Z" user="Wynwood" uid="9625546" lat="-22.8286077" lon="-43.1025188"/>
 <node id="7654709209" visible="true" version="1" changeset="87167607" timestamp="2020-06-26T04:35:27Z" user="Wynwood" uid="9625546" lat="-22.8282110" lon="-43.1023707"/>
 <node id="7654709210" visible="true" version="1" changeset="87167607" timestamp="2020-06-26T04:35:27Z" user="Wynwood" uid="9625546" lat="-22.8283544" lon="-43.1024095"/>
 <node id="7654709211" visible="true" version="2" changeset="88661160" timestamp="2020-07-29T07:36:00Z" user="ExmouthPlateau" uid="10653073" lat="-22.8280762" lon="-43.1022500"/>
 <node id="7654709212" visible="true" version="2" changeset="88661160" timestamp="2020-07-29T07:36:00Z" user="ExmouthPlateau" uid="10653073" lat="-22.8280181" lon="-43.1019368"/>
 <node id="7654709213" visible="true" version="2" changeset="88661160" timestamp="2020-07-29T07:36:00Z" user="ExmouthPlateau" uid="10653073" lat="-22.8277610" lon="-43.1017484"/>
 <node id="7654709214" visible="true" version="2" changeset="88661160" timestamp="2020-07-29T07:36:00Z" user="ExmouthPlateau" uid="10653073" lat="-22.8279452" lon="-43.1018543"/>
 <node id="7654709215" visible="true" version="2" changeset="88661160" timestamp="2020-07-29T07:36:00Z" user="ExmouthPlateau" uid="10653073" lat="-22.8279934" lon="-43.1018952"/>
 <node id="7654709216" visible="true" version="2" changeset="88661160" timestamp="2020-07-29T07:36:00Z" user="ExmouthPlateau" uid="10653073" lat="-22.8280355" lon="-43.1019978"/>
 <node id="7654709217" visible="true" version="2" changeset="88661160" timestamp="2020-07-29T07:36:00Z" user="ExmouthPlateau" uid="10653073" lat="-22.8252283" lon="-43.1010202"/>
 <node id="7654709218" visible="true" version="2" changeset="88661160" timestamp="2020-07-29T07:36:00Z" user="ExmouthPlateau" uid="10653073" lat="-22.8246189" lon="-43.1010188"/>
 <node id="7654709219" visible="true" version="2" changeset="88661160" timestamp="2020-07-29T07:36:00Z" user="ExmouthPlateau" uid="10653073" lat="-22.8247734" lon="-43.1010389"/>
 <node id="7654709220" visible="true" version="2" changeset="88661160" timestamp="2020-07-29T07:36:00Z" user="ExmouthPlateau" uid="10653073" lat="-22.8245720" lon="-43.1009357"/>
 <node id="7654709221" visible="true" version="2" changeset="88661160" timestamp="2020-07-29T07:36:00Z" user="ExmouthPlateau" uid="10653073" lat="-22.8245930" lon="-43.1009947"/>
 <node id="7654709222" visible="true" version="1" changeset="87167607" timestamp="2020-06-26T04:35:27Z" user="Wynwood" uid="9625546" lat="-22.8244805" lon="-43.1004649"/>
 <node id="7654709223" visible="true" version="1" changeset="87167607" timestamp="2020-06-26T04:35:27Z" user="Wynwood" uid="9625546" lat="-22.8243309" lon="-43.1003282"/>
 <node id="7654709224" visible="true" version="1" changeset="87167607" timestamp="2020-06-26T04:35:27Z" user="Wynwood" uid="9625546" lat="-22.8234755" lon="-43.0994873"/>
 <node id="7654709225" visible="true" version="1" changeset="87167607" timestamp="2020-06-26T04:35:27Z" user="Wynwood" uid="9625546" lat="-22.8235917" lon="-43.0996563"/>
 <node id="7654709226" visible="true" version="1" changeset="87167607" timestamp="2020-06-26T04:35:27Z" user="Wynwood" uid="9625546" lat="-22.8237413" lon="-43.1001136"/>
 <node id="7654709227" visible="true" version="1" changeset="87167607" timestamp="2020-06-26T04:35:27Z" user="Wynwood" uid="9625546" lat="-22.8238377" lon="-43.1002061"/>
 <node id="7654709228" visible="true" version="1" changeset="87167607" timestamp="2020-06-26T04:35:27Z" user="Wynwood" uid="9625546" lat="-22.8231801" lon="-43.0989911"/>
 <node id="7654709229" visible="true" version="1" changeset="87167607" timestamp="2020-06-26T04:35:27Z" user="Wynwood" uid="9625546" lat="-22.8233037" lon="-43.0993263"/>
 <node id="7654709230" visible="true" version="1" changeset="87167607" timestamp="2020-06-26T04:35:27Z" user="Wynwood" uid="9625546" lat="-22.8231084" lon="-43.0983152"/>
 <node id="7654709231" visible="true" version="1" changeset="87167607" timestamp="2020-06-26T04:35:27Z" user="Wynwood" uid="9625546" lat="-22.8231307" lon="-43.0983835"/>
 <node id="7654709232" visible="true" version="1" changeset="87167607" timestamp="2020-06-26T04:35:27Z" user="Wynwood" uid="9625546" lat="-22.8231467" lon="-43.0985123"/>
 <node id="7654709233" visible="true" version="2" changeset="88661160" timestamp="2020-07-29T07:36:00Z" user="ExmouthPlateau" uid="10653073" lat="-22.8226053" lon="-43.0975655"/>
 <node id="7654709234" visible="true" version="2" changeset="88661160" timestamp="2020-07-29T07:36:00Z" user="ExmouthPlateau" uid="10653073" lat="-22.8227191" lon="-43.0976272"/>
 <node id="7654709235" visible="true" version="1" changeset="87167607" timestamp="2020-06-26T04:35:27Z" user="Wynwood" uid="9625546" lat="-22.8192703" lon="-43.0952373"/>
 <node id="7654709236" visible="true" version="1" changeset="87167607" timestamp="2020-06-26T04:35:27Z" user="Wynwood" uid="9625546" lat="-22.8192406" lon="-43.0956021"/>
 <node id="7654709237" visible="true" version="1" changeset="87167607" timestamp="2020-06-26T04:35:27Z" user="Wynwood" uid="9625546" lat="-22.8206041" lon="-43.0934577"/>
 <node id="7654709238" visible="true" version="1" changeset="87167607" timestamp="2020-06-26T04:35:27Z" user="Wynwood" uid="9625546" lat="-22.8207190" lon="-43.0934067"/>
 <node id="7654709239" visible="true" version="1" changeset="87167607" timestamp="2020-06-26T04:35:27Z" user="Wynwood" uid="9625546" lat="-22.8218550" lon="-43.0932243"/>
 <node id="7654709240" visible="true" version="1" changeset="87167607" timestamp="2020-06-26T04:35:27Z" user="Wynwood" uid="9625546" lat="-22.8221690" lon="-43.0933718"/>
 <node id="7654709241" visible="true" version="1" changeset="87167607" timestamp="2020-06-26T04:35:27Z" user="Wynwood" uid="9625546" lat="-22.8239539" lon="-43.0965650"/>
 <node id="7654709242" visible="true" version="1" changeset="87167607" timestamp="2020-06-26T04:35:27Z" user="Wynwood" uid="9625546" lat="-22.8246075" lon="-43.0965439"/>
 <node id="7654709243" visible="true" version="1" changeset="87167607" timestamp="2020-06-26T04:35:27Z" user="Wynwood" uid="9625546" lat="-22.8246347" lon="-43.0965519"/>
 <node id="7654709244" visible="true" version="1" changeset="87167607" timestamp="2020-06-26T04:35:27Z" user="Wynwood" uid="9625546" lat="-22.8244063" lon="-43.0966569"/>
 <node id="7654709245" visible="true" version="1" changeset="87167607" timestamp="2020-06-26T04:35:27Z" user="Wynwood" uid="9625546" lat="-22.8244786" lon="-43.0966388"/>
 <node id="7654709246" visible="true" version="1" changeset="87167607" timestamp="2020-06-26T04:35:27Z" user="Wynwood" uid="9625546" lat="-22.8245899" lon="-43.0965509"/>
 <node id="7654709247" visible="true" version="2" changeset="88661160" timestamp="2020-07-29T07:36:00Z" user="ExmouthPlateau" uid="10653073" lat="-22.8247660" lon="-43.0967776"/>
 <node id="7654709248" visible="true" version="2" changeset="88661160" timestamp="2020-07-29T07:36:00Z" user="ExmouthPlateau" uid="10653073" lat="-22.8248628" lon="-43.0968587"/>
 <node id="7654709249" visible="true" version="2" changeset="88661160" timestamp="2020-07-29T07:36:00Z" user="ExmouthPlateau" uid="10653073" lat="-22.8246857" lon="-43.0966777"/>
 <node id="7654709250" visible="true" version="2" changeset="88661160" timestamp="2020-07-29T07:36:00Z" user="ExmouthPlateau" uid="10653073" lat="-22.8248346" lon="-43.0968319"/>
 <node id="7654709251" visible="true" version="1" changeset="87167607" timestamp="2020-06-26T04:35:27Z" user="Wynwood" uid="9625546" lat="-22.8248983" lon="-43.0969647"/>
 <node id="7654709252" visible="true" version="1" changeset="87167607" timestamp="2020-06-26T04:35:27Z" user="Wynwood" uid="9625546" lat="-22.8249749" lon="-43.0971712"/>
 <node id="7654709253" visible="true" version="1" changeset="87167607" timestamp="2020-06-26T04:35:27Z" user="Wynwood" uid="9625546" lat="-22.8251307" lon="-43.0972999"/>
 <node id="7654709254" visible="true" version="1" changeset="87167607" timestamp="2020-06-26T04:35:27Z" user="Wynwood" uid="9625546" lat="-22.8261195" lon="-43.0979665"/>
 <node id="7654709255" visible="true" version="2" changeset="88661160" timestamp="2020-07-29T07:36:00Z" user="ExmouthPlateau" uid="10653073" lat="-22.8257376" lon="-43.0974998"/>
 <node id="7654709256" visible="true" version="1" changeset="87167607" timestamp="2020-06-26T04:35:27Z" user="Wynwood" uid="9625546" lat="-22.8259959" lon="-43.0977760"/>
 <node id="7654709257" visible="true" version="1" changeset="87167607" timestamp="2020-06-26T04:35:27Z" user="Wynwood" uid="9625546" lat="-22.8263074" lon="-43.0981220"/>
 <node id="7654709258" visible="true" version="1" changeset="87167607" timestamp="2020-06-26T04:35:27Z" user="Wynwood" uid="9625546" lat="-22.8265052" lon="-43.0982977"/>
 <node id="7654709259" visible="true" version="1" changeset="87167607" timestamp="2020-06-26T04:35:27Z" user="Wynwood" uid="9625546" lat="-22.8265534" lon="-43.0983782"/>
 <node id="7654709260" visible="true" version="1" changeset="87167607" timestamp="2020-06-26T04:35:27Z" user="Wynwood" uid="9625546" lat="-22.8267981" lon="-43.0989468"/>
 <node id="7654709261" visible="true" version="1" changeset="87167607" timestamp="2020-06-26T04:35:27Z" user="Wynwood" uid="9625546" lat="-22.8266572" lon="-43.0985954"/>
 <node id="7654709262" visible="true" version="1" changeset="87167607" timestamp="2020-06-26T04:35:27Z" user="Wynwood" uid="9625546" lat="-22.8270899" lon="-43.0995101"/>
 <node id="7654709263" visible="true" version="1" changeset="87167607" timestamp="2020-06-26T04:35:27Z" user="Wynwood" uid="9625546" lat="-22.8269168" lon="-43.0992070"/>
 <node id="7654709264" visible="true" version="1" changeset="87167607" timestamp="2020-06-26T04:35:27Z" user="Wynwood" uid="9625546" lat="-22.8283556" lon="-43.1009558"/>
 <node id="7654709265" visible="true" version="1" changeset="87167607" timestamp="2020-06-26T04:35:27Z" user="Wynwood" uid="9625546" lat="-22.8285534" lon="-43.1010819"/>
 <node id="7654709266" visible="true" version="1" changeset="87167607" timestamp="2020-06-26T04:35:27Z" user="Wynwood" uid="9625546" lat="-22.8289168" lon="-43.1012589"/>
 <node id="7654709267" visible="true" version="1" changeset="87167607" timestamp="2020-06-26T04:35:27Z" user="Wynwood" uid="9625546" lat="-22.8294977" lon="-43.1018490"/>
 <node id="7654709268" visible="true" version="1" changeset="87167607" timestamp="2020-06-26T04:35:27Z" user="Wynwood" uid="9625546" lat="-22.8298636" lon="-43.1025946"/>
 <node id="7654709269" visible="true" version="1" changeset="87167607" timestamp="2020-06-26T04:35:27Z" user="Wynwood" uid="9625546" lat="-22.8299204" lon="-43.1031874"/>
 <node id="7764565425" visible="true" version="1" changeset="88661678" timestamp="2020-07-29T07:43:48Z" user="ExmouthPlateau" uid="10653073" lat="-22.8376393" lon="-43.0955525"/>
 <node id="7764565426" visible="true" version="1" changeset="88661678" timestamp="2020-07-29T07:43:48Z" user="ExmouthPlateau" uid="10653073" lat="-22.8377221" lon="-43.0956745"/>
 <node id="7764565427" visible="true" version="1" changeset="88661678" timestamp="2020-07-29T07:43:48Z" user="ExmouthPlateau" uid="10653073" lat="-22.8371919" lon="-43.0953620"/>
 <node id="7764565428" visible="true" version="1" changeset="88661678" timestamp="2020-07-29T07:43:48Z" user="ExmouthPlateau" uid="10653073" lat="-22.8366728" lon="-43.0953754"/>
 <node id="7764565429" visible="true" version="1" changeset="88661678" timestamp="2020-07-29T07:43:48Z" user="ExmouthPlateau" uid="10653073" lat="-22.8368236" lon="-43.0954050"/>
 <node id="7764565430" visible="true" version="1" changeset="88661678" timestamp="2020-07-29T07:43:48Z" user="ExmouthPlateau" uid="10653073" lat="-22.8367296" lon="-43.0953969"/>
 <node id="7764565431" visible="true" version="1" changeset="88661678" timestamp="2020-07-29T07:43:48Z" user="ExmouthPlateau" uid="10653073" lat="-22.8363477" lon="-43.0953553"/>
 <node id="7764565432" visible="true" version="1" changeset="88661678" timestamp="2020-07-29T07:43:48Z" user="ExmouthPlateau" uid="10653073" lat="-22.8364064" lon="-43.0952427"/>
 <node id="7764565433" visible="true" version="1" changeset="88661678" timestamp="2020-07-29T07:43:48Z" user="ExmouthPlateau" uid="10653073" lat="-22.8363576" lon="-43.0952789"/>
 <node id="7764565434" visible="true" version="1" changeset="88661678" timestamp="2020-07-29T07:43:48Z" user="ExmouthPlateau" uid="10653073" lat="-22.8359954" lon="-43.0964510"/>
 <node id="7764565435" visible="true" version="2" changeset="88663750" timestamp="2020-07-29T08:15:35Z" user="ExmouthPlateau" uid="10653073" lat="-22.8357680" lon="-43.0966146"/>
 <node id="7764565436" visible="true" version="2" changeset="88663750" timestamp="2020-07-29T08:15:35Z" user="ExmouthPlateau" uid="10653073" lat="-22.8354782" lon="-43.0963960"/>
 <node id="7764565437" visible="true" version="1" changeset="88661678" timestamp="2020-07-29T07:43:48Z" user="ExmouthPlateau" uid="10653073" lat="-22.8356778" lon="-43.0959454"/>
 <node id="7764565438" visible="true" version="2" changeset="88663750" timestamp="2020-07-29T08:15:35Z" user="ExmouthPlateau" uid="10653073" lat="-22.8358100" lon="-43.0951636"/>
 <node id="7764565439" visible="true" version="1" changeset="88661678" timestamp="2020-07-29T07:43:48Z" user="ExmouthPlateau" uid="10653073" lat="-22.8351747" lon="-43.0955069"/>
 <node id="7764565440" visible="true" version="2" changeset="88663750" timestamp="2020-07-29T08:15:35Z" user="ExmouthPlateau" uid="10653073" lat="-22.8351636" lon="-43.0956182"/>
 <node id="7764565441" visible="true" version="1" changeset="88661678" timestamp="2020-07-29T07:43:48Z" user="ExmouthPlateau" uid="10653073" lat="-22.8351426" lon="-43.0956785"/>
 <node id="7764565442" visible="true" version="2" changeset="88663750" timestamp="2020-07-29T08:15:35Z" user="ExmouthPlateau" uid="10653073" lat="-22.8347910" lon="-43.0953205"/>
 <node id="7764565443" visible="true" version="2" changeset="88663750" timestamp="2020-07-29T08:15:35Z" user="ExmouthPlateau" uid="10653073" lat="-22.8348404" lon="-43.0953473"/>
 <node id="7764565444" visible="true" version="1" changeset="88661678" timestamp="2020-07-29T07:43:48Z" user="ExmouthPlateau" uid="10653073" lat="-22.8338102" lon="-43.0959763"/>
 <node id="7764565445" visible="true" version="1" changeset="88661678" timestamp="2020-07-29T07:43:48Z" user="ExmouthPlateau" uid="10653073" lat="-22.8338794" lon="-43.0958328"/>
 <node id="7764565446" visible="true" version="1" changeset="88661678" timestamp="2020-07-29T07:43:48Z" user="ExmouthPlateau" uid="10653073" lat="-22.8338572" lon="-43.0966240"/>
 <node id="7764565447" visible="true" version="1" changeset="88661678" timestamp="2020-07-29T07:43:48Z" user="ExmouthPlateau" uid="10653073" lat="-22.8337917" lon="-43.0963893"/>
 <node id="7764565448" visible="true" version="1" changeset="88661678" timestamp="2020-07-29T07:43:48Z" user="ExmouthPlateau" uid="10653073" lat="-22.8340920" lon="-43.0974863"/>
 <node id="7764565449" visible="true" version="1" changeset="88661678" timestamp="2020-07-29T07:43:48Z" user="ExmouthPlateau" uid="10653073" lat="-22.8341328" lon="-43.0973496"/>
 <node id="7764565450" visible="true" version="1" changeset="88661678" timestamp="2020-07-29T07:43:48Z" user="ExmouthPlateau" uid="10653073" lat="-22.8336440" lon="-43.0974408"/>
 <node id="7764565451" visible="true" version="1" changeset="88661678" timestamp="2020-07-29T07:43:48Z" user="ExmouthPlateau" uid="10653073" lat="-22.8334691" lon="-43.0971316"/>
 <node id="7764565452" visible="true" version="1" changeset="88661678" timestamp="2020-07-29T07:43:48Z" user="ExmouthPlateau" uid="10653073" lat="-22.8336013" lon="-43.0973489"/>
 <node id="7764565453" visible="true" version="1" changeset="88661678" timestamp="2020-07-29T07:43:48Z" user="ExmouthPlateau" uid="10653073" lat="-22.8337262" lon="-43.0976607"/>
 <node id="7764565454" visible="true" version="1" changeset="88661678" timestamp="2020-07-29T07:43:48Z" user="ExmouthPlateau" uid="10653073" lat="-22.8337496" lon="-43.0976620"/>
 <node id="7764565455" visible="true" version="1" changeset="88661678" timestamp="2020-07-29T07:43:48Z" user="ExmouthPlateau" uid="10653073" lat="-22.8334258" lon="-43.0970773"/>
 <node id="7764565456" visible="true" version="1" changeset="88661678" timestamp="2020-07-29T07:43:48Z" user="ExmouthPlateau" uid="10653073" lat="-22.8327905" lon="-43.0967957"/>
 <node id="7764565457" visible="true" version="2" changeset="88663750" timestamp="2020-07-29T08:15:35Z" user="ExmouthPlateau" uid="10653073" lat="-22.8330983" lon="-43.0968748"/>
 <node id="7764565458" visible="true" version="1" changeset="88661678" timestamp="2020-07-29T07:43:48Z" user="ExmouthPlateau" uid="10653073" lat="-22.8332342" lon="-43.0970398"/>
 <node id="7764565459" visible="true" version="1" changeset="88661678" timestamp="2020-07-29T07:43:48Z" user="ExmouthPlateau" uid="10653073" lat="-22.8331576" lon="-43.0969968"/>
 <node id="7764565460" visible="true" version="2" changeset="88663750" timestamp="2020-07-29T08:15:35Z" user="ExmouthPlateau" uid="10653073" lat="-22.8325421" lon="-43.0967809"/>
 <node id="7764565461" visible="true" version="2" changeset="88663750" timestamp="2020-07-29T08:15:35Z" user="ExmouthPlateau" uid="10653073" lat="-22.8317485" lon="-43.0973958"/>
 <node id="7764565462" visible="true" version="1" changeset="88661678" timestamp="2020-07-29T07:43:48Z" user="ExmouthPlateau" uid="10653073" lat="-22.8317152" lon="-43.0976057"/>
 <node id="7764565463" visible="true" version="1" changeset="88661678" timestamp="2020-07-29T07:43:48Z" user="ExmouthPlateau" uid="10653073" lat="-22.8307498" lon="-43.0984077"/>
 <node id="7764565464" visible="true" version="1" changeset="88661678" timestamp="2020-07-29T07:43:48Z" user="ExmouthPlateau" uid="10653073" lat="-22.8317930" lon="-43.0979852"/>
 <node id="7764565465" visible="true" version="1" changeset="88661678" timestamp="2020-07-29T07:43:48Z" user="ExmouthPlateau" uid="10653073" lat="-22.8317559" lon="-43.0980228"/>
 <node id="7764565466" visible="true" version="1" changeset="88661678" timestamp="2020-07-29T07:43:48Z" user="ExmouthPlateau" uid="10653073" lat="-22.8303518" lon="-43.0974501"/>
 <node id="7764565467" visible="true" version="2" changeset="88663750" timestamp="2020-07-29T08:15:35Z" user="ExmouthPlateau" uid="10653073" lat="-22.8304000" lon="-43.0974944"/>
 <node id="7764565468" visible="true" version="1" changeset="88661678" timestamp="2020-07-29T07:43:48Z" user="ExmouthPlateau" uid="10653073" lat="-22.8292752" lon="-43.0972731"/>
 <node id="7764565469" visible="true" version="1" changeset="88661678" timestamp="2020-07-29T07:43:48Z" user="ExmouthPlateau" uid="10653073" lat="-22.8293815" lon="-43.0973201"/>
 <node id="7764565470" visible="true" version="1" changeset="88661678" timestamp="2020-07-29T07:43:48Z" user="ExmouthPlateau" uid="10653073" lat="-22.8288451" lon="-43.0969244"/>
 <node id="7764565471" visible="true" version="2" changeset="88663750" timestamp="2020-07-29T08:15:35Z" user="ExmouthPlateau" uid="10653073" lat="-22.8283815" lon="-43.0968346"/>
 <node id="7764565472" visible="true" version="1" changeset="88661678" timestamp="2020-07-29T07:43:48Z" user="ExmouthPlateau" uid="10653073" lat="-22.8281071" lon="-43.0971075"/>
 <node id="7764565473" visible="true" version="1" changeset="88661678" timestamp="2020-07-29T07:43:48Z" user="ExmouthPlateau" uid="10653073" lat="-22.8280670" lon="-43.0971075"/>
 <node id="7764565474" visible="true" version="1" changeset="88661678" timestamp="2020-07-29T07:43:48Z" user="ExmouthPlateau" uid="10653073" lat="-22.8276362" lon="-43.0963129"/>
 <node id="7764565475" visible="true" version="1" changeset="88661678" timestamp="2020-07-29T07:43:48Z" user="ExmouthPlateau" uid="10653073" lat="-22.8276350" lon="-43.0963370"/>
 <node id="7764565476" visible="true" version="1" changeset="88661678" timestamp="2020-07-29T07:43:48Z" user="ExmouthPlateau" uid="10653073" lat="-22.8275163" lon="-43.0965275"/>
 <node id="7764565477" visible="true" version="1" changeset="88661678" timestamp="2020-07-29T07:43:48Z" user="ExmouthPlateau" uid="10653073" lat="-22.8275231" lon="-43.0965865"/>
 <node id="7764586507" visible="true" version="1" changeset="88661160" timestamp="2020-07-29T07:36:00Z" user="ExmouthPlateau" uid="10653073" lat="-22.8290725" lon="-43.1013501"/>
 <node id="7764705672" visible="true" version="1" changeset="88663750" timestamp="2020-07-29T08:15:35Z" user="ExmouthPlateau" uid="10653073" lat="-22.8304408" lon="-43.0975655"/>
 <node id="7764705673" visible="true" version="1" changeset="88663750" timestamp="2020-07-29T08:15:35Z" user="ExmouthPlateau" uid="10653073" lat="-22.8317182" lon="-43.0974495"/>
 <node id="7764705674" visible="true" version="1" changeset="88663750" timestamp="2020-07-29T08:15:35Z" user="ExmouthPlateau" uid="10653073" lat="-22.8343540" lon="-43.0984211"/>
 <node id="7764705675" visible="true" version="1" changeset="88663750" timestamp="2020-07-29T08:15:35Z" user="ExmouthPlateau" uid="10653073" lat="-22.8343133" lon="-43.0984452"/>
 <node id="7764705676" visible="true" version="1" changeset="88663750" timestamp="2020-07-29T08:15:35Z" user="ExmouthPlateau" uid="10653073" lat="-22.8354170" lon="-43.0950724"/>
 <node id="7764705677" visible="true" version="1" changeset="88663750" timestamp="2020-07-29T08:15:35Z" user="ExmouthPlateau" uid="10653073" lat="-22.8358990" lon="-43.0965516"/>
 <node id="7764705678" visible="true" version="1" changeset="88663750" timestamp="2020-07-29T08:15:35Z" user="ExmouthPlateau" uid="10653073" lat="-22.8357155" lon="-43.0966187"/>
 <node id="7764705679" visible="true" version="1" changeset="88663750" timestamp="2020-07-29T08:15:35Z" user="ExmouthPlateau" uid="10653073" lat="-22.8354856" lon="-43.0964483"/>
 <node id="7764705680" visible="true" version="1" changeset="88663750" timestamp="2020-07-29T08:15:35Z" user="ExmouthPlateau" uid="10653073" lat="-22.8380472" lon="-43.0979698"/>
 <node id="7764705681" visible="true" version="1" changeset="88663750" timestamp="2020-07-29T08:15:35Z" user="ExmouthPlateau" uid="10653073" lat="-22.8381708" lon="-43.0980241"/>
 <node id="7764705684" visible="true" version="1" changeset="88663750" timestamp="2020-07-29T08:15:35Z" user="ExmouthPlateau" uid="10653073" lat="-22.8397326" lon="-43.0961718"/>
 <node id="7764709385" visible="true" version="1" changeset="88663750" timestamp="2020-07-29T08:15:35Z" user="ExmouthPlateau" uid="10653073" lat="-22.8397847" lon="-43.0961882"/>
 <node id="7764709390" visible="true" version="1" changeset="88663750" timestamp="2020-07-29T08:15:35Z" user="ExmouthPlateau" uid="10653073" lat="-22.8284149" lon="-43.0977653"/>
 <node id="7764709391" visible="true" version="1" changeset="88663750" timestamp="2020-07-29T08:15:35Z" user="ExmouthPlateau" uid="10653073" lat="-22.8289511" lon="-43.0970030"/>
 <node id="7764709392" visible="true" version="1" changeset="88663750" timestamp="2020-07-29T08:15:35Z" user="ExmouthPlateau" uid="10653073" lat="-22.8289210" lon="-43.0969779"/>
 <node id="7764709393" visible="true" version="1" changeset="88663750" timestamp="2020-07-29T08:15:35Z" user="ExmouthPlateau" uid="10653073" lat="-22.8283803" lon="-43.0977452"/>
 <node id="7764709394" visible="true" version="1" changeset="88663750" timestamp="2020-07-29T08:15:35Z" user="ExmouthPlateau" uid="10653073" lat="-22.8278673" lon="-43.0968909"/>
 <node id="7764709395" visible="true" version="1" changeset="88663750" timestamp="2020-07-29T08:15:35Z" user="ExmouthPlateau" uid="10653073" lat="-22.8348067" lon="-43.0953195"/>
 <node id="7764709396" visible="true" version="1" changeset="88663750" timestamp="2020-07-29T08:15:35Z" user="ExmouthPlateau" uid="10653073" lat="-22.8347632" lon="-43.0953366"/>
 <node id="7764709397" visible="true" version="1" changeset="88663750" timestamp="2020-07-29T08:15:35Z" user="ExmouthPlateau" uid="10653073" lat="-22.8350042" lon="-43.0956598"/>
 <node id="7764709398" visible="true" version="1" changeset="88663750" timestamp="2020-07-29T08:15:35Z" user="ExmouthPlateau" uid="10653073" lat="-22.8353342" lon="-43.0950710"/>
 <node id="7764709399" visible="true" version="1" changeset="88663750" timestamp="2020-07-29T08:15:35Z" user="ExmouthPlateau" uid="10653073" lat="-22.8357322" lon="-43.0951434"/>
 <node id="7764709400" visible="true" version="1" changeset="88663750" timestamp="2020-07-29T08:15:35Z" user="ExmouthPlateau" uid="10653073" lat="-22.8370349" lon="-43.0953500"/>
 <node id="7764709401" visible="true" version="1" changeset="88663750" timestamp="2020-07-29T08:15:35Z" user="ExmouthPlateau" uid="10653073" lat="-22.8368347" lon="-43.0969191"/>
 <node id="7764709402" visible="true" version="1" changeset="88663750" timestamp="2020-07-29T08:15:35Z" user="ExmouthPlateau" uid="10653073" lat="-22.8368643" lon="-43.0967159"/>
 <node id="7764709403" visible="true" version="1" changeset="88663750" timestamp="2020-07-29T08:15:35Z" user="ExmouthPlateau" uid="10653073" lat="-22.8366400" lon="-43.0967937"/>
 <node id="7764709404" visible="true" version="1" changeset="88663750" timestamp="2020-07-29T08:15:35Z" user="ExmouthPlateau" uid="10653073" lat="-22.8369719" lon="-43.0967635"/>
 <node id="7764709405" visible="true" version="1" changeset="88663750" timestamp="2020-07-29T08:15:35Z" user="ExmouthPlateau" uid="10653073" lat="-22.8369113" lon="-43.0967313"/>
 <node id="7764709406" visible="true" version="1" changeset="88663750" timestamp="2020-07-29T08:15:35Z" user="ExmouthPlateau" uid="10653073" lat="-22.8371752" lon="-43.0973992"/>
 <node id="7764709407" visible="true" version="1" changeset="88663750" timestamp="2020-07-29T08:15:35Z" user="ExmouthPlateau" uid="10653073" lat="-22.8372500" lon="-43.0974723"/>
 <node id="7764709408" visible="true" version="1" changeset="88663750" timestamp="2020-07-29T08:15:35Z" user="ExmouthPlateau" uid="10653073" lat="-22.8376813" lon="-43.0975527"/>
 <node id="7764709409" visible="true" version="1" changeset="88663750" timestamp="2020-07-29T08:15:35Z" user="ExmouthPlateau" uid="10653073" lat="-22.8382190" lon="-43.0980174"/>
 <node id="7764709410" visible="true" version="1" changeset="88663750" timestamp="2020-07-29T08:15:35Z" user="ExmouthPlateau" uid="10653073" lat="-22.8398084" lon="-43.0973522"/>
 <node id="7764709411" visible="true" version="1" changeset="88663750" timestamp="2020-07-29T08:15:35Z" user="ExmouthPlateau" uid="10653073" lat="-22.8401236" lon="-43.0972825"/>
 <node id="7764709412" visible="true" version="1" changeset="88663750" timestamp="2020-07-29T08:15:35Z" user="ExmouthPlateau" uid="10653073" lat="-22.8404066" lon="-43.0974367"/>
 <node id="7764709413" visible="true" version="1" changeset="88663750" timestamp="2020-07-29T08:15:35Z" user="ExmouthPlateau" uid="10653073" lat="-22.8405438" lon="-43.0970398"/>
 <node id="7764709414" visible="true" version="1" changeset="88663750" timestamp="2020-07-29T08:15:35Z" user="ExmouthPlateau" uid="10653073" lat="-22.8405104" lon="-43.0970854"/>
 <node id="7764709415" visible="true" version="1" changeset="88663750" timestamp="2020-07-29T08:15:35Z" user="ExmouthPlateau" uid="10653073" lat="-22.8405512" lon="-43.0973844"/>
 <node id="7764709416" visible="true" version="1" changeset="88663750" timestamp="2020-07-29T08:15:35Z" user="ExmouthPlateau" uid="10653073" lat="-22.8404610" lon="-43.0974501"/>
 <node id="7764709417" visible="true" version="1" changeset="88663750" timestamp="2020-07-29T08:15:35Z" user="ExmouthPlateau" uid="10653073" lat="-22.8411086" lon="-43.0971792"/>
 <node id="7764709418" visible="true" version="1" changeset="88663750" timestamp="2020-07-29T08:15:35Z" user="ExmouthPlateau" uid="10653073" lat="-22.8419886" lon="-43.0971685"/>
 <node id="7764709419" visible="true" version="1" changeset="88663750" timestamp="2020-07-29T08:15:35Z" user="ExmouthPlateau" uid="10653073" lat="-22.8417464" lon="-43.0971471"/>
 <node id="7764709420" visible="true" version="1" changeset="88663750" timestamp="2020-07-29T08:15:35Z" user="ExmouthPlateau" uid="10653073" lat="-22.8401446" lon="-43.0963478"/>
 <node id="7764709421" visible="true" version="1" changeset="88663750" timestamp="2020-07-29T08:15:35Z" user="ExmouthPlateau" uid="10653073" lat="-22.8392424" lon="-43.0961184"/>
 <node id="7764709422" visible="true" version="1" changeset="88663750" timestamp="2020-07-29T08:15:35Z" user="ExmouthPlateau" uid="10653073" lat="-22.8392164" lon="-43.0962257"/>
 <node id="7764709423" visible="true" version="1" changeset="88663750" timestamp="2020-07-29T08:15:35Z" user="ExmouthPlateau" uid="10653073" lat="-22.8392213" lon="-43.0961439"/>
 <node id="7764709424" visible="true" version="1" changeset="88663750" timestamp="2020-07-29T08:15:35Z" user="ExmouthPlateau" uid="10653073" lat="-22.8398251" lon="-43.0974850"/>
 <node id="7764709425" visible="true" version="1" changeset="88663750" timestamp="2020-07-29T08:15:35Z" user="ExmouthPlateau" uid="10653073" lat="-22.8398307" lon="-43.0974361"/>
 <node id="7764724718" visible="true" version="1" changeset="88664480" timestamp="2020-07-29T08:26:42Z" user="ExmouthPlateau" uid="10653073" lat="-22.8396824" lon="-43.1068580"/>
 <node id="7764724719" visible="true" version="1" changeset="88664480" timestamp="2020-07-29T08:26:42Z" user="ExmouthPlateau" uid="10653073" lat="-22.8341155" lon="-43.1055772"/>
 <node id="7764724720" visible="true" version="1" changeset="88664480" timestamp="2020-07-29T08:26:42Z" user="ExmouthPlateau" uid="10653073" lat="-22.8338065" lon="-43.1057636"/>
 <node id="7764724721" visible="true" version="1" changeset="88664480" timestamp="2020-07-29T08:26:42Z" user="ExmouthPlateau" uid="10653073" lat="-22.8336322" lon="-43.1063175"/>
 <node id="7764724722" visible="true" version="1" changeset="88664480" timestamp="2020-07-29T08:26:42Z" user="ExmouthPlateau" uid="10653073" lat="-22.8336792" lon="-43.1060024"/>
 <node id="7764724723" visible="true" version="1" changeset="88664480" timestamp="2020-07-29T08:26:42Z" user="ExmouthPlateau" uid="10653073" lat="-22.8342972" lon="-43.1054136"/>
 <node id="7764724724" visible="true" version="1" changeset="88664480" timestamp="2020-07-29T08:26:42Z" user="ExmouthPlateau" uid="10653073" lat="-22.8349819" lon="-43.1047712"/>
 <node id="7764724725" visible="true" version="1" changeset="88664480" timestamp="2020-07-29T08:26:42Z" user="ExmouthPlateau" uid="10653073" lat="-22.8367951" lon="-43.1056456"/>
 <node id="7764724726" visible="true" version="1" changeset="88664480" timestamp="2020-07-29T08:26:42Z" user="ExmouthPlateau" uid="10653073" lat="-22.8373031" lon="-43.1057891"/>
 <node id="7764724727" visible="true" version="1" changeset="88664480" timestamp="2020-07-29T08:26:42Z" user="ExmouthPlateau" uid="10653073" lat="-22.8376307" lon="-43.1058133"/>
 <node id="7764724728" visible="true" version="1" changeset="88664480" timestamp="2020-07-29T08:26:42Z" user="ExmouthPlateau" uid="10653073" lat="-22.8380608" lon="-43.1057931"/>
 <node id="7764724729" visible="true" version="1" changeset="88664480" timestamp="2020-07-29T08:26:42Z" user="ExmouthPlateau" uid="10653073" lat="-22.8391348" lon="-43.1063470"/>
 <node id="7764724730" visible="true" version="1" changeset="88664480" timestamp="2020-07-29T08:26:42Z" user="ExmouthPlateau" uid="10653073" lat="-22.8396552" lon="-43.1064074"/>
 <node id="7764724731" visible="true" version="1" changeset="88664480" timestamp="2020-07-29T08:26:42Z" user="ExmouthPlateau" uid="10653073" lat="-22.8395544" lon="-43.1062203"/>
 <node id="7764724732" visible="true" version="1" changeset="88664480" timestamp="2020-07-29T08:26:42Z" user="ExmouthPlateau" uid="10653073" lat="-22.8395581" lon="-43.1065446"/>
 <node id="7764724733" visible="true" version="1" changeset="88664480" timestamp="2020-07-29T08:26:42Z" user="ExmouthPlateau" uid="10653073" lat="-22.8403231" lon="-43.1080153"/>
 <node id="7764724734" visible="true" version="1" changeset="88664480" timestamp="2020-07-29T08:26:42Z" user="ExmouthPlateau" uid="10653073" lat="-22.8405549" lon="-43.1078665"/>
 <node id="7764724735" visible="true" version="1" changeset="88664480" timestamp="2020-07-29T08:26:42Z" user="ExmouthPlateau" uid="10653073" lat="-22.8404486" lon="-43.1076720"/>
 <node id="7764729394" visible="true" version="1" changeset="88664209" timestamp="2020-07-29T08:22:45Z" user="ExmouthPlateau" uid="10653073" lat="-22.8317077" lon="-43.1123820"/>
 <node id="7764729395" visible="true" version="1" changeset="88664209" timestamp="2020-07-29T08:22:45Z" user="ExmouthPlateau" uid="10653073" lat="-22.8305829" lon="-43.1113601"/>
 <node id="7764729396" visible="true" version="1" changeset="88664209" timestamp="2020-07-29T08:22:45Z" user="ExmouthPlateau" uid="10653073" lat="-22.8311935" lon="-43.1087543"/>
 <node id="7764729397" visible="true" version="1" changeset="88664209" timestamp="2020-07-29T08:22:45Z" user="ExmouthPlateau" uid="10653073" lat="-22.8310971" lon="-43.1098661"/>
 <node id="7764729398" visible="true" version="1" changeset="88664209" timestamp="2020-07-29T08:22:45Z" user="ExmouthPlateau" uid="10653073" lat="-22.8311911" lon="-43.1096408"/>
 <node id="7764729399" visible="true" version="1" changeset="88664209" timestamp="2020-07-29T08:22:45Z" user="ExmouthPlateau" uid="10653073" lat="-22.8312133" lon="-43.1092814"/>
 <node id="7764729400" visible="true" version="1" changeset="88664209" timestamp="2020-07-29T08:22:45Z" user="ExmouthPlateau" uid="10653073" lat="-22.8313221" lon="-43.1083882"/>
 <node id="7764729401" visible="true" version="1" changeset="88664209" timestamp="2020-07-29T08:22:45Z" user="ExmouthPlateau" uid="10653073" lat="-22.8312034" lon="-43.1086229"/>
 <node id="7764729402" visible="true" version="2" changeset="88664480" timestamp="2020-07-29T08:26:42Z" user="ExmouthPlateau" uid="10653073" lat="-22.8354825" lon="-43.1049617"/>
 <node id="7764729403" visible="true" version="1" changeset="88664209" timestamp="2020-07-29T08:22:45Z" user="ExmouthPlateau" uid="10653073" lat="-22.8356308" lon="-43.1050086"/>
 <node id="7764729404" visible="true" version="2" changeset="88664480" timestamp="2020-07-29T08:26:42Z" user="ExmouthPlateau" uid="10653073" lat="-22.8349152" lon="-43.1047913"/>
 <node id="7764729405" visible="true" version="1" changeset="88664209" timestamp="2020-07-29T08:22:45Z" user="ExmouthPlateau" uid="10653073" lat="-22.8361821" lon="-43.1051829"/>
 <node id="7764729406" visible="true" version="2" changeset="88664480" timestamp="2020-07-29T08:26:42Z" user="ExmouthPlateau" uid="10653073" lat="-22.8360202" lon="-43.1050904"/>
 <node id="7764729407" visible="true" version="1" changeset="88664209" timestamp="2020-07-29T08:22:45Z" user="ExmouthPlateau" uid="10653073" lat="-22.8364021" lon="-43.1054136"/>
 <node id="7764729408" visible="true" version="2" changeset="88664480" timestamp="2020-07-29T08:26:42Z" user="ExmouthPlateau" uid="10653073" lat="-22.8365294" lon="-43.1055048"/>
 <node id="7764729409" visible="true" version="2" changeset="88664480" timestamp="2020-07-29T08:26:42Z" user="ExmouthPlateau" uid="10653073" lat="-22.8369434" lon="-43.1056993"/>
 <node id="7764729410" visible="true" version="2" changeset="88664480" timestamp="2020-07-29T08:26:42Z" user="ExmouthPlateau" uid="10653073" lat="-22.8381349" lon="-43.1058066"/>
 <node id="7764729411" visible="true" version="1" changeset="88664209" timestamp="2020-07-29T08:22:45Z" user="ExmouthPlateau" uid="10653073" lat="-22.8402843" lon="-43.1079175"/>
 <node id="7764729412" visible="true" version="1" changeset="88664209" timestamp="2020-07-29T08:22:45Z" user="ExmouthPlateau" uid="10653073" lat="-22.8379384" lon="-43.1106654"/>
 <node id="7764729413" visible="true" version="1" changeset="88664209" timestamp="2020-07-29T08:22:45Z" user="ExmouthPlateau" uid="10653073" lat="-22.8374885" lon="-43.1109685"/>
 <node id="7764729414" visible="true" version="1" changeset="88664209" timestamp="2020-07-29T08:22:45Z" user="ExmouthPlateau" uid="10653073" lat="-22.8367704" lon="-43.1115733"/>
 <node id="7764729415" visible="true" version="1" changeset="88664209" timestamp="2020-07-29T08:22:45Z" user="ExmouthPlateau" uid="10653073" lat="-22.8366592" lon="-43.1115840"/>
 <node id="7764729416" visible="true" version="1" changeset="88664209" timestamp="2020-07-29T08:22:45Z" user="ExmouthPlateau" uid="10653073" lat="-22.8362056" lon="-43.1114419"/>
 <node id="7768778568" visible="true" version="3" changeset="124455324" timestamp="2022-08-03T22:30:37Z" user="Fidelis Assis" uid="1675654" lat="-22.8212041" lon="-43.0845282"/>
 <node id="7768778570" visible="true" version="3" changeset="124455324" timestamp="2022-08-03T22:30:37Z" user="Fidelis Assis" uid="1675654" lat="-22.8211750" lon="-43.0847472"/>
 <node id="7768778574" visible="true" version="2" changeset="124455324" timestamp="2022-08-03T22:30:37Z" user="Fidelis Assis" uid="1675654" lat="-22.8213422" lon="-43.0865123"/>
 <node id="7768778577" visible="true" version="1" changeset="88709408" timestamp="2020-07-30T05:20:12Z" user="ExmouthPlateau" uid="10653073" lat="-22.8225361" lon="-43.0890092"/>
 <node id="7768778578" visible="true" version="1" changeset="88709408" timestamp="2020-07-30T05:20:12Z" user="ExmouthPlateau" uid="10653073" lat="-22.8221232" lon="-43.0892225"/>
 <node id="7768778579" visible="true" version="1" changeset="88709408" timestamp="2020-07-30T05:20:12Z" user="ExmouthPlateau" uid="10653073" lat="-22.8216900" lon="-43.0893673"/>
 <node id="7768778580" visible="true" version="1" changeset="88709408" timestamp="2020-07-30T05:20:12Z" user="ExmouthPlateau" uid="10653073" lat="-22.8218414" lon="-43.0896992"/>
 <node id="7768778581" visible="true" version="1" changeset="88709408" timestamp="2020-07-30T05:20:12Z" user="ExmouthPlateau" uid="10653073" lat="-22.8217363" lon="-43.0896865"/>
 <node id="7768778582" visible="true" version="2" changeset="88714080" timestamp="2020-07-30T06:46:15Z" user="ExmouthPlateau" uid="10653073" lat="-22.8220021" lon="-43.0892533"/>
 <node id="7768778583" visible="true" version="1" changeset="88709408" timestamp="2020-07-30T05:20:12Z" user="ExmouthPlateau" uid="10653073" lat="-22.8226177" lon="-43.0889502"/>
 <node id="7768778584" visible="true" version="1" changeset="88709408" timestamp="2020-07-30T05:20:12Z" user="ExmouthPlateau" uid="10653073" lat="-22.8217512" lon="-43.0892915"/>
 <node id="7768841785" visible="true" version="1" changeset="88709408" timestamp="2020-07-30T05:20:12Z" user="ExmouthPlateau" uid="10653073" lat="-22.8217147" lon="-43.0893137"/>
 <node id="7768841786" visible="true" version="1" changeset="88709408" timestamp="2020-07-30T05:20:12Z" user="ExmouthPlateau" uid="10653073" lat="-22.8216826" lon="-43.0894256"/>
 <node id="7768841787" visible="true" version="1" changeset="88709408" timestamp="2020-07-30T05:20:12Z" user="ExmouthPlateau" uid="10653073" lat="-22.8216980" lon="-43.0896369"/>
 <node id="7768841788" visible="true" version="1" changeset="88709408" timestamp="2020-07-30T05:20:12Z" user="ExmouthPlateau" uid="10653073" lat="-22.8225584" lon="-43.0893304"/>
 <node id="7768841789" visible="true" version="1" changeset="88709408" timestamp="2020-07-30T05:20:12Z" user="ExmouthPlateau" uid="10653073" lat="-22.8226758" lon="-43.0892593"/>
 <node id="7768841790" visible="true" version="1" changeset="88709408" timestamp="2020-07-30T05:20:12Z" user="ExmouthPlateau" uid="10653073" lat="-22.8230268" lon="-43.0891822"/>
 <node id="7768841791" visible="true" version="1" changeset="88709408" timestamp="2020-07-30T05:20:12Z" user="ExmouthPlateau" uid="10653073" lat="-22.8230126" lon="-43.0891762"/>
 <node id="7768841792" visible="true" version="1" changeset="88709408" timestamp="2020-07-30T05:20:12Z" user="ExmouthPlateau" uid="10653073" lat="-22.8231684" lon="-43.0893639"/>
 <node id="7768841793" visible="true" version="1" changeset="88709408" timestamp="2020-07-30T05:20:12Z" user="ExmouthPlateau" uid="10653073" lat="-22.8231690" lon="-43.0893841"/>
 <node id="7768841794" visible="true" version="1" changeset="88709408" timestamp="2020-07-30T05:20:12Z" user="ExmouthPlateau" uid="10653073" lat="-22.8226245" lon="-43.0897991"/>
 <node id="7768841795" visible="true" version="1" changeset="88709408" timestamp="2020-07-30T05:20:12Z" user="ExmouthPlateau" uid="10653073" lat="-22.8226152" lon="-43.0898421"/>
 <node id="7768841796" visible="true" version="1" changeset="88709408" timestamp="2020-07-30T05:20:12Z" user="ExmouthPlateau" uid="10653073" lat="-22.8226943" lon="-43.0899902"/>
 <node id="7768841797" visible="true" version="1" changeset="88709408" timestamp="2020-07-30T05:20:12Z" user="ExmouthPlateau" uid="10653073" lat="-22.8227320" lon="-43.0899969"/>
 <node id="7768841798" visible="true" version="1" changeset="88709408" timestamp="2020-07-30T05:20:12Z" user="ExmouthPlateau" uid="10653073" lat="-22.8234607" lon="-43.0904724"/>
 <node id="7768841799" visible="true" version="1" changeset="88709408" timestamp="2020-07-30T05:20:12Z" user="ExmouthPlateau" uid="10653073" lat="-22.8231542" lon="-43.0898957"/>
 <node id="7768841800" visible="true" version="1" changeset="88709408" timestamp="2020-07-30T05:20:12Z" user="ExmouthPlateau" uid="10653073" lat="-22.8232889" lon="-43.0896047"/>
 <node id="7768841801" visible="true" version="1" changeset="88709408" timestamp="2020-07-30T05:20:12Z" user="ExmouthPlateau" uid="10653073" lat="-22.8233124" lon="-43.0896194"/>
 <node id="7768841802" visible="true" version="1" changeset="88709408" timestamp="2020-07-30T05:20:12Z" user="ExmouthPlateau" uid="10653073" lat="-22.8233186" lon="-43.0896610"/>
 <node id="7768841803" visible="true" version="1" changeset="88709408" timestamp="2020-07-30T05:20:12Z" user="ExmouthPlateau" uid="10653073" lat="-22.8233192" lon="-43.0896422"/>
 <node id="7768841804" visible="true" version="1" changeset="88709408" timestamp="2020-07-30T05:20:12Z" user="ExmouthPlateau" uid="10653073" lat="-22.8231467" lon="-43.0900432"/>
 <node id="7768841805" visible="true" version="1" changeset="88709408" timestamp="2020-07-30T05:20:12Z" user="ExmouthPlateau" uid="10653073" lat="-22.8233977" lon="-43.0904214"/>
 <node id="7768841806" visible="true" version="1" changeset="88709408" timestamp="2020-07-30T05:20:12Z" user="ExmouthPlateau" uid="10653073" lat="-22.8243297" lon="-43.0912516"/>
 <node id="7768841807" visible="true" version="1" changeset="88709408" timestamp="2020-07-30T05:20:12Z" user="ExmouthPlateau" uid="10653073" lat="-22.8241814" lon="-43.0910879"/>
 <node id="7768841808" visible="true" version="1" changeset="88709408" timestamp="2020-07-30T05:20:12Z" user="ExmouthPlateau" uid="10653073" lat="-22.8260021" lon="-43.0951595"/>
 <node id="7768841809" visible="true" version="2" changeset="88714080" timestamp="2020-07-30T06:46:15Z" user="ExmouthPlateau" uid="10653073" lat="-22.8261294" lon="-43.0952360"/>
 <node id="7769034947" visible="true" version="1" changeset="88714080" timestamp="2020-07-30T06:46:15Z" user="ExmouthPlateau" uid="10653073" lat="-22.8208899" lon="-43.0836713"/>
 <node id="7769034951" visible="true" version="2" changeset="124455324" timestamp="2022-08-03T22:30:37Z" user="Fidelis Assis" uid="1675654" lat="-22.8208347" lon="-43.0839835"/>
 <node id="7769034952" visible="true" version="2" changeset="124455324" timestamp="2022-08-03T22:30:37Z" user="Fidelis Assis" uid="1675654" lat="-22.8208252" lon="-43.0839561"/>
 <node id="7769034955" visible="true" version="2" changeset="124455324" timestamp="2022-08-03T22:30:37Z" user="Fidelis Assis" uid="1675654" lat="-22.8209291" lon="-43.0841394"/>
 <node id="7769034956" visible="true" version="2" changeset="124455324" timestamp="2022-08-03T22:30:37Z" user="Fidelis Assis" uid="1675654" lat="-22.8209205" lon="-43.0841156"/>
 <node id="7769034958" visible="true" version="1" changeset="88714080" timestamp="2020-07-30T06:46:15Z" user="ExmouthPlateau" uid="10653073" lat="-22.8211572" lon="-43.0844726"/>
 <node id="7769034961" visible="true" version="1" changeset="88714080" timestamp="2020-07-30T06:46:15Z" user="ExmouthPlateau" uid="10653073" lat="-22.8267514" lon="-43.0955265"/>
 <node id="7769034966" visible="true" version="1" changeset="88714080" timestamp="2020-07-30T06:46:15Z" user="ExmouthPlateau" uid="10653073" lat="-22.8242145" lon="-43.0911245"/>
 <node id="7769034968" visible="true" version="1" changeset="88714080" timestamp="2020-07-30T06:46:15Z" user="ExmouthPlateau" uid="10653073" lat="-22.8220752" lon="-43.0892325"/>
 <node id="7769034972" visible="true" version="2" changeset="124455324" timestamp="2022-08-03T22:30:37Z" user="Fidelis Assis" uid="1675654" lat="-22.8211790" lon="-43.0844674"/>
 <node id="7769034974" visible="true" version="1" changeset="88714080" timestamp="2020-07-30T06:46:15Z" user="ExmouthPlateau" uid="10653073" lat="-22.8209496" lon="-43.0843388"/>
 <node id="7769034975" visible="true" version="2" changeset="124455324" timestamp="2022-08-03T22:30:37Z" user="Fidelis Assis" uid="1675654" lat="-22.8210873" lon="-43.0840656"/>
 <node id="7769034976" visible="true" version="1" changeset="88714080" timestamp="2020-07-30T06:46:15Z" user="ExmouthPlateau" uid="10653073" lat="-22.8211047" lon="-43.0842416"/>
 <node id="7769034977" visible="true" version="1" changeset="88714080" timestamp="2020-07-30T06:46:15Z" user="ExmouthPlateau" uid="10653073" lat="-22.8211238" lon="-43.0842208"/>
 <node id="7769034978" visible="true" version="1" changeset="88714080" timestamp="2020-07-30T06:46:15Z" user="ExmouthPlateau" uid="10653073" lat="-22.8209737" lon="-43.0843026"/>
 <node id="7769034979" visible="true" version="1" changeset="88714080" timestamp="2020-07-30T06:46:15Z" user="ExmouthPlateau" uid="10653073" lat="-22.8210126" lon="-43.0845058"/>
 <node id="7769034980" visible="true" version="1" changeset="88714080" timestamp="2020-07-30T06:46:15Z" user="ExmouthPlateau" uid="10653073" lat="-22.8210435" lon="-43.0845273"/>
 <node id="7769034981" visible="true" version="1" changeset="88714080" timestamp="2020-07-30T06:46:15Z" user="ExmouthPlateau" uid="10653073" lat="-22.8209570" lon="-43.0843154"/>
 <node id="7769034982" visible="true" version="1" changeset="88714080" timestamp="2020-07-30T06:46:15Z" user="ExmouthPlateau" uid="10653073" lat="-22.8209526" lon="-43.0843643"/>
 <node id="7769034983" visible="true" version="1" changeset="88714080" timestamp="2020-07-30T06:46:15Z" user="ExmouthPlateau" uid="10653073" lat="-22.8210237" lon="-43.0845239"/>
 <node id="7769042793" visible="true" version="1" changeset="88714080" timestamp="2020-07-30T06:46:15Z" user="ExmouthPlateau" uid="10653073" lat="-22.8221702" lon="-43.0895765"/>
 <node id="7769042794" visible="true" version="2" changeset="124455324" timestamp="2022-08-03T22:30:37Z" user="Fidelis Assis" uid="1675654" lat="-22.8215874" lon="-43.0871207"/>
 <node id="7769042795" visible="true" version="2" changeset="124455324" timestamp="2022-08-03T22:30:37Z" user="Fidelis Assis" uid="1675654" lat="-22.8211348" lon="-43.0855251"/>
 <node id="7769042796" visible="true" version="2" changeset="124455324" timestamp="2022-08-03T22:30:37Z" user="Fidelis Assis" uid="1675654" lat="-22.8209790" lon="-43.0838446"/>
 <node id="7769042797" visible="true" version="1" changeset="88714080" timestamp="2020-07-30T06:46:15Z" user="ExmouthPlateau" uid="10653073" lat="-22.8208847" lon="-43.0836639"/>
 <node id="7769042802" visible="true" version="1" changeset="88714080" timestamp="2020-07-30T06:46:15Z" user="ExmouthPlateau" uid="10653073" lat="-22.8202295" lon="-43.0821106"/>
 <node id="7769042803" visible="true" version="1" changeset="88714080" timestamp="2020-07-30T06:46:15Z" user="ExmouthPlateau" uid="10653073" lat="-22.8202202" lon="-43.0822004"/>
 <node id="7769042804" visible="true" version="1" changeset="88714080" timestamp="2020-07-30T06:46:15Z" user="ExmouthPlateau" uid="10653073" lat="-22.8202338" lon="-43.0822695"/>
 <node id="7769042805" visible="true" version="1" changeset="88714080" timestamp="2020-07-30T06:46:15Z" user="ExmouthPlateau" uid="10653073" lat="-22.8205466" lon="-43.0827161"/>
 <node id="7769042806" visible="true" version="1" changeset="88714080" timestamp="2020-07-30T06:46:15Z" user="ExmouthPlateau" uid="10653073" lat="-22.8205466" lon="-43.0827657"/>
 <node id="7769042807" visible="true" version="2" changeset="124455324" timestamp="2022-08-03T22:30:37Z" user="Fidelis Assis" uid="1675654" lat="-22.8205276" lon="-43.0831133"/>
 <node id="7769042808" visible="true" version="1" changeset="88714080" timestamp="2020-07-30T06:46:15Z" user="ExmouthPlateau" uid="10653073" lat="-22.8204885" lon="-43.0828596"/>
 <node id="7769042809" visible="true" version="1" changeset="88714080" timestamp="2020-07-30T06:46:15Z" user="ExmouthPlateau" uid="10653073" lat="-22.8211269" lon="-43.0841880"/>
 <node id="7772686164" visible="true" version="1" changeset="88778346" timestamp="2020-07-31T11:03:18Z" user="ExmouthPlateau" uid="10653073" lat="-22.8548337" lon="-43.1030137"/>
 <node id="7772686370" visible="true" version="1" changeset="88778346" timestamp="2020-07-31T11:03:18Z" user="ExmouthPlateau" uid="10653073" lat="-22.8545241" lon="-43.1025839"/>
 <node id="7772686371" visible="true" version="1" changeset="88778346" timestamp="2020-07-31T11:03:18Z" user="ExmouthPlateau" uid="10653073" lat="-22.8541225" lon="-43.1022969"/>
 <node id="7860235134" visible="true" version="1" changeset="90167868" timestamp="2020-08-31T05:42:09Z" user="EigerMt" uid="10653264" lat="-22.8449029" lon="-43.0971792"/>
 <node id="7860235135" visible="true" version="1" changeset="90167868" timestamp="2020-08-31T05:42:09Z" user="EigerMt" uid="10653264" lat="-22.8452008" lon="-43.0972745"/>
 <node id="7860235136" visible="true" version="1" changeset="90167868" timestamp="2020-08-31T05:42:09Z" user="EigerMt" uid="10653264" lat="-22.8458224" lon="-43.0974703"/>
 <node id="7860235137" visible="true" version="1" changeset="90167868" timestamp="2020-08-31T05:42:09Z" user="EigerMt" uid="10653264" lat="-22.8458521" lon="-43.0974770"/>
 <node id="7860235138" visible="true" version="1" changeset="90167868" timestamp="2020-08-31T05:42:09Z" user="EigerMt" uid="10653264" lat="-22.8458879" lon="-43.0974703"/>
 <node id="7860235139" visible="true" version="1" changeset="90167868" timestamp="2020-08-31T05:42:09Z" user="EigerMt" uid="10653264" lat="-22.8459201" lon="-43.0974394"/>
 <node id="7860235140" visible="true" version="1" changeset="90167868" timestamp="2020-08-31T05:42:09Z" user="EigerMt" uid="10653264" lat="-22.8460437" lon="-43.0971497"/>
 <node id="7860235141" visible="true" version="1" changeset="90167868" timestamp="2020-08-31T05:42:09Z" user="EigerMt" uid="10653264" lat="-22.8460585" lon="-43.0970424"/>
 <node id="7860235142" visible="true" version="1" changeset="90167868" timestamp="2020-08-31T05:42:09Z" user="EigerMt" uid="10653264" lat="-22.8460474" lon="-43.0970036"/>
 <node id="7860235143" visible="true" version="1" changeset="90167868" timestamp="2020-08-31T05:42:09Z" user="EigerMt" uid="10653264" lat="-22.8460239" lon="-43.0969727"/>
 <node id="7860235144" visible="true" version="1" changeset="90167868" timestamp="2020-08-31T05:42:09Z" user="EigerMt" uid="10653264" lat="-22.8459893" lon="-43.0969499"/>
 <node id="7860235145" visible="true" version="1" changeset="90167868" timestamp="2020-08-31T05:42:09Z" user="EigerMt" uid="10653264" lat="-22.8459621" lon="-43.0969365"/>
 <node id="7860235146" visible="true" version="1" changeset="90167868" timestamp="2020-08-31T05:42:09Z" user="EigerMt" uid="10653264" lat="-22.8454146" lon="-43.0967957"/>
 <node id="7860235147" visible="true" version="1" changeset="90167868" timestamp="2020-08-31T05:42:09Z" user="EigerMt" uid="10653264" lat="-22.8449647" lon="-43.0966683"/>
 <node id="7860235148" visible="true" version="1" changeset="90167868" timestamp="2020-08-31T05:42:09Z" user="EigerMt" uid="10653264" lat="-22.8445968" lon="-43.0965761"/>
 <node id="7860285715" visible="true" version="1" changeset="90169337" timestamp="2020-08-31T06:09:55Z" user="EigerMt" uid="10653264" lat="-22.8455913" lon="-43.0986692"/>
 <node id="7860285716" visible="true" version="1" changeset="90169337" timestamp="2020-08-31T06:09:55Z" user="EigerMt" uid="10653264" lat="-22.8456494" lon="-43.0988201"/>
 <node id="7860285717" visible="true" version="1" changeset="90169337" timestamp="2020-08-31T06:09:55Z" user="EigerMt" uid="10653264" lat="-22.8456395" lon="-43.0989502"/>
 <node id="7860285718" visible="true" version="1" changeset="90169337" timestamp="2020-08-31T06:09:55Z" user="EigerMt" uid="10653264" lat="-22.8456006" lon="-43.0990239"/>
 <node id="7860285719" visible="true" version="1" changeset="90169337" timestamp="2020-08-31T06:09:55Z" user="EigerMt" uid="10653264" lat="-22.8455709" lon="-43.0990481"/>
 <node id="7860285720" visible="true" version="1" changeset="90169337" timestamp="2020-08-31T06:09:55Z" user="EigerMt" uid="10653264" lat="-22.8454103" lon="-43.0991212"/>
 <node id="7860285721" visible="true" version="1" changeset="90169337" timestamp="2020-08-31T06:09:55Z" user="EigerMt" uid="10653264" lat="-22.8453577" lon="-43.0991232"/>
 <node id="7860285722" visible="true" version="1" changeset="90169337" timestamp="2020-08-31T06:09:55Z" user="EigerMt" uid="10653264" lat="-22.8453207" lon="-43.0991131"/>
 <node id="7860285723" visible="true" version="1" changeset="90169337" timestamp="2020-08-31T06:09:55Z" user="EigerMt" uid="10653264" lat="-22.8452811" lon="-43.0990923"/>
 <node id="7860285724" visible="true" version="1" changeset="90169337" timestamp="2020-08-31T06:09:55Z" user="EigerMt" uid="10653264" lat="-22.8446811" lon="-43.0986122"/>
 <node id="7860285725" visible="true" version="1" changeset="90169337" timestamp="2020-08-31T06:09:55Z" user="EigerMt" uid="10653264" lat="-22.8443214" lon="-43.0985230"/>
 <node id="7860285726" visible="true" version="1" changeset="90169337" timestamp="2020-08-31T06:09:55Z" user="EigerMt" uid="10653264" lat="-22.8444493" lon="-43.0985358"/>
 <node id="7860285727" visible="true" version="1" changeset="90169337" timestamp="2020-08-31T06:09:55Z" user="EigerMt" uid="10653264" lat="-22.8456581" lon="-43.0990481"/>
 <node id="7860285728" visible="true" version="1" changeset="90169337" timestamp="2020-08-31T06:09:55Z" user="EigerMt" uid="10653264" lat="-22.8453893" lon="-43.0991714"/>
 <node id="7860285729" visible="true" version="1" changeset="90169337" timestamp="2020-08-31T06:09:55Z" user="EigerMt" uid="10653264" lat="-22.8455098" lon="-43.0991500"/>
 <node id="7860285730" visible="true" version="1" changeset="90169337" timestamp="2020-08-31T06:09:55Z" user="EigerMt" uid="10653264" lat="-22.8460233" lon="-43.0989404"/>
 <node id="7860285731" visible="true" version="1" changeset="90169337" timestamp="2020-08-31T06:09:55Z" user="EigerMt" uid="10653264" lat="-22.8458777" lon="-43.0989398"/>
 <node id="7860285752" visible="true" version="1" changeset="90169337" timestamp="2020-08-31T06:09:55Z" user="EigerMt" uid="10653264" lat="-22.8470670" lon="-43.0994082"/>
 <node id="7860285753" visible="true" version="1" changeset="90169337" timestamp="2020-08-31T06:09:55Z" user="EigerMt" uid="10653264" lat="-22.8472598" lon="-43.0994940"/>
 <node id="7860285754" visible="true" version="1" changeset="90169337" timestamp="2020-08-31T06:09:55Z" user="EigerMt" uid="10653264" lat="-22.8477826" lon="-43.0996791"/>
 <node id="7860285755" visible="true" version="1" changeset="90169337" timestamp="2020-08-31T06:09:55Z" user="EigerMt" uid="10653264" lat="-22.8480557" lon="-43.0997555"/>
 <node id="7860285756" visible="true" version="1" changeset="90169337" timestamp="2020-08-31T06:09:55Z" user="EigerMt" uid="10653264" lat="-22.8483202" lon="-43.0998132"/>
 <node id="7860285757" visible="true" version="1" changeset="90169337" timestamp="2020-08-31T06:09:55Z" user="EigerMt" uid="10653264" lat="-22.8504681" lon="-43.1001062"/>
 <node id="7860285758" visible="true" version="1" changeset="90169337" timestamp="2020-08-31T06:09:55Z" user="EigerMt" uid="10653264" lat="-22.8505657" lon="-43.1001263"/>
 <node id="7860285759" visible="true" version="1" changeset="90169337" timestamp="2020-08-31T06:09:55Z" user="EigerMt" uid="10653264" lat="-22.8507041" lon="-43.1001612"/>
 <node id="7860285760" visible="true" version="1" changeset="90169337" timestamp="2020-08-31T06:09:55Z" user="EigerMt" uid="10653264" lat="-22.8511942" lon="-43.1003221"/>
 <node id="7860285761" visible="true" version="1" changeset="90169337" timestamp="2020-08-31T06:09:55Z" user="EigerMt" uid="10653264" lat="-22.8515037" lon="-43.1004428"/>
 <node id="7860285762" visible="true" version="1" changeset="90169337" timestamp="2020-08-31T06:09:55Z" user="EigerMt" uid="10653264" lat="-22.8516088" lon="-43.1004871"/>
 <node id="7860285763" visible="true" version="1" changeset="90169337" timestamp="2020-08-31T06:09:55Z" user="EigerMt" uid="10653264" lat="-22.8517219" lon="-43.1005414"/>
 <node id="7860285764" visible="true" version="1" changeset="90169337" timestamp="2020-08-31T06:09:55Z" user="EigerMt" uid="10653264" lat="-22.8517954" lon="-43.1005796"/>
 <node id="7860285765" visible="true" version="1" changeset="90169337" timestamp="2020-08-31T06:09:55Z" user="EigerMt" uid="10653264" lat="-22.8522292" lon="-43.1008378"/>
 <node id="7860285766" visible="true" version="1" changeset="90169337" timestamp="2020-08-31T06:09:55Z" user="EigerMt" uid="10653264" lat="-22.8459670" lon="-43.0985525"/>
 <node id="7860285767" visible="true" version="1" changeset="90169337" timestamp="2020-08-31T06:09:55Z" user="EigerMt" uid="10653264" lat="-22.8461821" lon="-43.0986518"/>
 <node id="7860285768" visible="true" version="1" changeset="90169337" timestamp="2020-08-31T06:09:55Z" user="EigerMt" uid="10653264" lat="-22.8464639" lon="-43.0987993"/>
 <node id="7860285769" visible="true" version="1" changeset="90169337" timestamp="2020-08-31T06:09:55Z" user="EigerMt" uid="10653264" lat="-22.8471918" lon="-43.0991748"/>
 <node id="7860285770" visible="true" version="1" changeset="90169337" timestamp="2020-08-31T06:09:55Z" user="EigerMt" uid="10653264" lat="-22.8476985" lon="-43.0994014"/>
 <node id="7860285771" visible="true" version="1" changeset="90169337" timestamp="2020-08-31T06:09:55Z" user="EigerMt" uid="10653264" lat="-22.8468822" lon="-43.0991178"/>
 <node id="7860285772" visible="true" version="1" changeset="90169337" timestamp="2020-08-31T06:09:55Z" user="EigerMt" uid="10653264" lat="-22.8471807" lon="-43.0992680"/>
 <node id="7860285773" visible="true" version="1" changeset="90169337" timestamp="2020-08-31T06:09:55Z" user="EigerMt" uid="10653264" lat="-22.8473852" lon="-43.0993565"/>
 <node id="7860285774" visible="true" version="1" changeset="90169337" timestamp="2020-08-31T06:09:55Z" user="EigerMt" uid="10653264" lat="-22.8475329" lon="-43.0994149"/>
 <node id="7860285775" visible="true" version="1" changeset="90169337" timestamp="2020-08-31T06:09:55Z" user="EigerMt" uid="10653264" lat="-22.8476676" lon="-43.0994658"/>
 <node id="7860285776" visible="true" version="1" changeset="90169337" timestamp="2020-08-31T06:09:55Z" user="EigerMt" uid="10653264" lat="-22.8478277" lon="-43.0995148"/>
 <node id="7860285777" visible="true" version="1" changeset="90169337" timestamp="2020-08-31T06:09:55Z" user="EigerMt" uid="10653264" lat="-22.8481626" lon="-43.0996006"/>
 <node id="7860285778" visible="true" version="1" changeset="90169337" timestamp="2020-08-31T06:09:55Z" user="EigerMt" uid="10653264" lat="-22.8483498" lon="-43.0996428"/>
 <node id="7860285779" visible="true" version="1" changeset="90169337" timestamp="2020-08-31T06:09:55Z" user="EigerMt" uid="10653264" lat="-22.8484567" lon="-43.0996616"/>
 <node id="7860285780" visible="true" version="1" changeset="90169337" timestamp="2020-08-31T06:09:55Z" user="EigerMt" uid="10653264" lat="-22.8485945" lon="-43.0996864"/>
 <node id="7860285781" visible="true" version="1" changeset="90169337" timestamp="2020-08-31T06:09:55Z" user="EigerMt" uid="10653264" lat="-22.8491420" lon="-43.0997595"/>
 <node id="7860285782" visible="true" version="1" changeset="90169337" timestamp="2020-08-31T06:09:55Z" user="EigerMt" uid="10653264" lat="-22.8502358" lon="-43.0998970"/>
 <node id="7860285783" visible="true" version="1" changeset="90169337" timestamp="2020-08-31T06:09:55Z" user="EigerMt" uid="10653264" lat="-22.8508698" lon="-43.1000244"/>
 <node id="7860285784" visible="true" version="1" changeset="90169337" timestamp="2020-08-31T06:09:55Z" user="EigerMt" uid="10653264" lat="-22.8507777" lon="-43.1000002"/>
 <node id="7860293185" visible="true" version="1" changeset="90169337" timestamp="2020-08-31T06:09:55Z" user="EigerMt" uid="10653264" lat="-22.8509618" lon="-43.1000539"/>
 <node id="7860293186" visible="true" version="1" changeset="90169337" timestamp="2020-08-31T06:09:55Z" user="EigerMt" uid="10653264" lat="-22.8511392" lon="-43.1001089"/>
 <node id="7860293187" visible="true" version="1" changeset="90169337" timestamp="2020-08-31T06:09:55Z" user="EigerMt" uid="10653264" lat="-22.8516385" lon="-43.1003127"/>
 <node id="7860293188" visible="true" version="1" changeset="90169337" timestamp="2020-08-31T06:09:55Z" user="EigerMt" uid="10653264" lat="-22.8519264" lon="-43.1004468"/>
 <node id="7860293189" visible="true" version="1" changeset="90169337" timestamp="2020-08-31T06:09:55Z" user="EigerMt" uid="10653264" lat="-22.8520852" lon="-43.1005414"/>
 <node id="7860293190" visible="true" version="1" changeset="90169337" timestamp="2020-08-31T06:09:55Z" user="EigerMt" uid="10653264" lat="-22.8523126" lon="-43.1006775"/>
 <node id="7860293211" visible="true" version="1" changeset="90169337" timestamp="2020-08-31T06:09:55Z" user="EigerMt" uid="10653264" lat="-22.8444727" lon="-43.0970362"/>
 <node id="7860318292" visible="true" version="1" changeset="90169792" timestamp="2020-08-31T06:17:35Z" user="EigerMt" uid="10653264" lat="-22.8383864" lon="-43.1084894"/>
 <node id="7860318293" visible="true" version="1" changeset="90169792" timestamp="2020-08-31T06:17:35Z" user="EigerMt" uid="10653264" lat="-22.8381176" lon="-43.1086765"/>
 <node id="7860318294" visible="true" version="1" changeset="90169792" timestamp="2020-08-31T06:17:35Z" user="EigerMt" uid="10653264" lat="-22.8380744" lon="-43.1087168"/>
 <node id="7860318295" visible="true" version="1" changeset="90169792" timestamp="2020-08-31T06:17:35Z" user="EigerMt" uid="10653264" lat="-22.8380509" lon="-43.1087503"/>
 <node id="7860318296" visible="true" version="1" changeset="90169792" timestamp="2020-08-31T06:17:35Z" user="EigerMt" uid="10653264" lat="-22.8380447" lon="-43.1087838"/>
 <node id="7860318297" visible="true" version="1" changeset="90169792" timestamp="2020-08-31T06:17:35Z" user="EigerMt" uid="10653264" lat="-22.8398591" lon="-43.1092498"/>
 <node id="7860318298" visible="true" version="1" changeset="90169792" timestamp="2020-08-31T06:17:35Z" user="EigerMt" uid="10653264" lat="-22.8398529" lon="-43.1092814"/>
 <node id="7860318299" visible="true" version="1" changeset="90169792" timestamp="2020-08-31T06:17:35Z" user="EigerMt" uid="10653264" lat="-22.8398356" lon="-43.1093089"/>
 <node id="7860318300" visible="true" version="1" changeset="90169792" timestamp="2020-08-31T06:17:35Z" user="EigerMt" uid="10653264" lat="-22.8394834" lon="-43.1094845"/>
 <node id="7860318301" visible="true" version="1" changeset="90169792" timestamp="2020-08-31T06:17:35Z" user="EigerMt" uid="10653264" lat="-22.8395044" lon="-43.1094899"/>
 <node id="7860318302" visible="true" version="1" changeset="90169792" timestamp="2020-08-31T06:17:35Z" user="EigerMt" uid="10653264" lat="-22.8383759" lon="-43.1063081"/>
 <node id="7860318303" visible="true" version="1" changeset="90169792" timestamp="2020-08-31T06:17:35Z" user="EigerMt" uid="10653264" lat="-22.8385514" lon="-43.1063001"/>
 <node id="7860331255" visible="true" version="1" changeset="90170531" timestamp="2020-08-31T06:28:48Z" user="EigerMt" uid="10653264" lat="-22.8399543" lon="-43.1085216"/>
 <node id="7860331256" visible="true" version="1" changeset="90170531" timestamp="2020-08-31T06:28:48Z" user="EigerMt" uid="10653264" lat="-22.8399438" lon="-43.1085491"/>
 <node id="7860331257" visible="true" version="1" changeset="90170531" timestamp="2020-08-31T06:28:48Z" user="EigerMt" uid="10653264" lat="-22.8403188" lon="-43.1080851"/>
 <node id="7860331258" visible="true" version="1" changeset="90170531" timestamp="2020-08-31T06:28:48Z" user="EigerMt" uid="10653264" lat="-22.8395309" lon="-43.1065361"/>
 <node id="8927292216" visible="true" version="1" changeset="108133963" timestamp="2021-07-16T18:34:44Z" user="UncoolGuyJake" uid="7674729" lat="-22.8376637" lon="-43.0954359"/>
 <node id="8973336084" visible="true" version="1" changeset="108998202" timestamp="2021-08-02T05:09:42Z" user="DoloresPark" uid="10653298" lat="-22.8307955" lon="-43.0980375"/>
 <node id="8973336085" visible="true" version="1" changeset="108998202" timestamp="2021-08-02T05:09:42Z" user="DoloresPark" uid="10653298" lat="-22.8304995" lon="-43.0969774">
  <tag k="barrier" v="gate"/>
 </node>
 <node id="8973336086" visible="true" version="1" changeset="108998202" timestamp="2021-08-02T05:09:42Z" user="DoloresPark" uid="10653298" lat="-22.8304832" lon="-43.0969160"/>
 <node id="8976091996" visible="true" version="2" changeset="178458636" timestamp="2026-02-12T13:38:51Z" user="DressyPear4" uid="3984659" lat="-22.8469033" lon="-43.0987440">
  <tag k="highway" v="turning_circle"/>
 </node>
 <node id="8976091997" visible="true" version="2" changeset="178458636" timestamp="2026-02-12T13:38:51Z" user="DressyPear4" uid="3984659" lat="-22.8473209" lon="-43.0989412"/>
 <node id="8976091998" visible="true" version="2" changeset="178458636" timestamp="2026-02-12T13:38:51Z" user="DressyPear4" uid="3984659" lat="-22.8478560" lon="-43.0991774"/>
 <node id="8976091999" visible="true" version="2" changeset="178458636" timestamp="2026-02-12T13:38:51Z" user="DressyPear4" uid="3984659" lat="-22.8479885" lon="-43.0992085"/>
 <node id="8976092000" visible="true" version="2" changeset="178458636" timestamp="2026-02-12T13:38:51Z" user="DressyPear4" uid="3984659" lat="-22.8486528" lon="-43.0993475"/>
 <node id="8976092001" visible="true" version="2" changeset="178458636" timestamp="2026-02-12T13:38:51Z" user="DressyPear4" uid="3984659" lat="-22.8491368" lon="-43.0994158"/>
 <node id="8976092002" visible="true" version="2" changeset="178458636" timestamp="2026-02-12T13:38:51Z" user="DressyPear4" uid="3984659" lat="-22.8497185" lon="-43.0995029"/>
 <node id="8976092003" visible="true" version="2" changeset="178458636" timestamp="2026-02-12T13:38:51Z" user="DressyPear4" uid="3984659" lat="-22.8497880" lon="-43.0994888"/>
 <node id="8976092004" visible="true" version="2" changeset="178458636" timestamp="2026-02-12T13:38:51Z" user="DressyPear4" uid="3984659" lat="-22.8498249" lon="-43.0994323"/>
 <node id="8976092005" visible="true" version="2" changeset="178458636" timestamp="2026-02-12T13:38:51Z" user="DressyPear4" uid="3984659" lat="-22.8497012" lon="-43.0984759"/>
 <node id="8976092006" visible="true" version="1" changeset="109063740" timestamp="2021-08-03T05:24:00Z" user="FrenchFrigateShoals" uid="10811212" lat="-22.8496796" lon="-43.0978310"/>
 <node id="8976092008" visible="true" version="1" changeset="109063740" timestamp="2021-08-03T05:24:00Z" user="FrenchFrigateShoals" uid="10811212" lat="-22.8496611" lon="-43.0968761"/>
 <node id="8976092009" visible="true" version="2" changeset="111160290" timestamp="2021-09-13T18:37:46Z" user="kikonit92" uid="10400530" lat="-22.8496871" lon="-43.0968432"/>
 <node id="8976092010" visible="true" version="2" changeset="111160290" timestamp="2021-09-13T18:37:46Z" user="kikonit92" uid="10400530" lat="-22.8503178" lon="-43.0968288"/>
 <node id="9088948947" visible="true" version="1" changeset="111160290" timestamp="2021-09-13T18:37:46Z" user="kikonit92" uid="10400530" lat="-22.8478324" lon="-43.0938269"/>
 <node id="9088948948" visible="true" version="1" changeset="111160290" timestamp="2021-09-13T18:37:46Z" user="kikonit92" uid="10400530" lat="-22.8478395" lon="-43.0939660"/>
 <node id="9088948949" visible="true" version="1" changeset="111160290" timestamp="2021-09-13T18:37:46Z" user="kikonit92" uid="10400530" lat="-22.8477934" lon="-43.0940731"/>
 <node id="9088948950" visible="true" version="1" changeset="111160290" timestamp="2021-09-13T18:37:46Z" user="kikonit92" uid="10400530" lat="-22.8479428" lon="-43.0943411"/>
 <node id="9088948951" visible="true" version="1" changeset="111160290" timestamp="2021-09-13T18:37:46Z" user="kikonit92" uid="10400530" lat="-22.8479788" lon="-43.0942847"/>
 <node id="9088948952" visible="true" version="1" changeset="111160290" timestamp="2021-09-13T18:37:46Z" user="kikonit92" uid="10400530" lat="-22.8480669" lon="-43.0946017"/>
 <node id="9088948953" visible="true" version="2" changeset="178458636" timestamp="2026-02-12T13:38:51Z" user="DressyPear4" uid="3984659" lat="-22.8481953" lon="-43.0948124"/>
 <node id="9088948954" visible="true" version="1" changeset="111160290" timestamp="2021-09-13T18:37:46Z" user="kikonit92" uid="10400530" lat="-22.8482682" lon="-43.0949350"/>
 <node id="9088948955" visible="true" version="1" changeset="111160290" timestamp="2021-09-13T18:37:46Z" user="kikonit92" uid="10400530" lat="-22.8482773" lon="-43.0951080"/>
 <node id="9088948956" visible="true" version="1" changeset="111160290" timestamp="2021-09-13T18:37:46Z" user="kikonit92" uid="10400530" lat="-22.8482009" lon="-43.0952923"/>
 <node id="9088948957" visible="true" version="1" changeset="111160290" timestamp="2021-09-13T18:37:46Z" user="kikonit92" uid="10400530" lat="-22.8482124" lon="-43.0954539"/>
 <node id="9088948958" visible="true" version="1" changeset="111160290" timestamp="2021-09-13T18:37:46Z" user="kikonit92" uid="10400530" lat="-22.8481791" lon="-43.0955262"/>
 <node id="9088948959" visible="true" version="1" changeset="111160290" timestamp="2021-09-13T18:37:46Z" user="kikonit92" uid="10400530" lat="-22.8483930" lon="-43.0957804"/>
 <node id="9088948960" visible="true" version="1" changeset="111160290" timestamp="2021-09-13T18:37:46Z" user="kikonit92" uid="10400530" lat="-22.8486383" lon="-43.0960162"/>
 <node id="9088948961" visible="true" version="1" changeset="111160290" timestamp="2021-09-13T18:37:46Z" user="kikonit92" uid="10400530" lat="-22.8486635" lon="-43.0963200"/>
 <node id="9088948962" visible="true" version="1" changeset="111160290" timestamp="2021-09-13T18:37:46Z" user="kikonit92" uid="10400530" lat="-22.8486401" lon="-43.0965020"/>
 <node id="9088948963" visible="true" version="1" changeset="111160290" timestamp="2021-09-13T18:37:46Z" user="kikonit92" uid="10400530" lat="-22.8485466" lon="-43.0966819"/>
 <node id="9088948964" visible="true" version="1" changeset="111160290" timestamp="2021-09-13T18:37:46Z" user="kikonit92" uid="10400530" lat="-22.8486697" lon="-43.0969947"/>
 <node id="9088948965" visible="true" version="1" changeset="111160290" timestamp="2021-09-13T18:37:46Z" user="kikonit92" uid="10400530" lat="-22.8494570" lon="-43.0976815"/>
 <node id="9088948966" visible="true" version="1" changeset="111160290" timestamp="2021-09-13T18:37:46Z" user="kikonit92" uid="10400530" lat="-22.8495858" lon="-43.0979246"/>
 <node id="9088948967" visible="true" version="1" changeset="111160290" timestamp="2021-09-13T18:37:46Z" user="kikonit92" uid="10400530" lat="-22.8484212" lon="-43.0982972"/>
 <node id="9088948968" visible="true" version="1" changeset="111160290" timestamp="2021-09-13T18:37:46Z" user="kikonit92" uid="10400530" lat="-22.8483535" lon="-43.0982792"/>
 <node id="9088948969" visible="true" version="1" changeset="111160290" timestamp="2021-09-13T18:37:46Z" user="kikonit92" uid="10400530" lat="-22.8481010" lon="-43.0979279"/>
 <node id="9088948970" visible="true" version="1" changeset="111160290" timestamp="2021-09-13T18:37:46Z" user="kikonit92" uid="10400530" lat="-22.8478978" lon="-43.0978201"/>
 <node id="9088948971" visible="true" version="2" changeset="178458636" timestamp="2026-02-12T13:38:51Z" user="DressyPear4" uid="3984659" lat="-22.8473037" lon="-43.0980884"/>
 <node id="9088948977" visible="true" version="1" changeset="111160290" timestamp="2021-09-13T18:37:46Z" user="kikonit92" uid="10400530" lat="-22.8494615" lon="-43.1004202"/>
 <node id="9603348470" visible="true" version="1" changeset="118866031" timestamp="2022-03-24T13:49:18Z" user="DressyPear4" uid="3984659" lat="-22.8449543" lon="-43.0953811"/>
 <node id="9764504831" visible="true" version="1" changeset="121371299" timestamp="2022-05-23T13:55:46Z" user="Fidelis Assis" uid="1675654" lat="-22.8482660" lon="-43.1053349"/>
 <node id="9764504832" visible="true" version="1" changeset="121371299" timestamp="2022-05-23T13:55:46Z" user="Fidelis Assis" uid="1675654" lat="-22.8482368" lon="-43.1054883"/>
 <node id="9764504833" visible="true" version="1" changeset="121371299" timestamp="2022-05-23T13:55:46Z" user="Fidelis Assis" uid="1675654" lat="-22.8482372" lon="-43.1056124"/>
 <node id="9764504834" visible="true" version="1" changeset="121371299" timestamp="2022-05-23T13:55:46Z" user="Fidelis Assis" uid="1675654" lat="-22.8483405" lon="-43.1057098"/>
 <node id="9764504835" visible="true" version="1" changeset="121371299" timestamp="2022-05-23T13:55:46Z" user="Fidelis Assis" uid="1675654" lat="-22.8484022" lon="-43.1059018"/>
 <node id="9764504836" visible="true" version="1" changeset="121371299" timestamp="2022-05-23T13:55:46Z" user="Fidelis Assis" uid="1675654" lat="-22.8483766" lon="-43.1060460"/>
 <node id="9764504837" visible="true" version="1" changeset="121371299" timestamp="2022-05-23T13:55:46Z" user="Fidelis Assis" uid="1675654" lat="-22.8483770" lon="-43.1060621"/>
 <node id="9764504838" visible="true" version="1" changeset="121371299" timestamp="2022-05-23T13:55:46Z" user="Fidelis Assis" uid="1675654" lat="-22.8482053" lon="-43.1061714"/>
 <node id="9764504839" visible="true" version="1" changeset="121371299" timestamp="2022-05-23T13:55:46Z" user="Fidelis Assis" uid="1675654" lat="-22.8480771" lon="-43.1062972"/>
 <node id="9764504840" visible="true" version="1" changeset="121371299" timestamp="2022-05-23T13:55:46Z" user="Fidelis Assis" uid="1675654" lat="-22.8480059" lon="-43.1063918"/>
 <node id="9764504841" visible="true" version="1" changeset="121371299" timestamp="2022-05-23T13:55:46Z" user="Fidelis Assis" uid="1675654" lat="-22.8478755" lon="-43.1064042"/>
 <node id="9764504842" visible="true" version="1" changeset="121371299" timestamp="2022-05-23T13:55:46Z" user="Fidelis Assis" uid="1675654" lat="-22.8477588" lon="-43.1063365"/>
 <node id="9764504843" visible="true" version="1" changeset="121371299" timestamp="2022-05-23T13:55:46Z" user="Fidelis Assis" uid="1675654" lat="-22.8475285" lon="-43.1063469"/>
 <node id="9764504844" visible="true" version="1" changeset="121371299" timestamp="2022-05-23T13:55:46Z" user="Fidelis Assis" uid="1675654" lat="-22.8474285" lon="-43.1063313"/>
 <node id="9764504845" visible="true" version="1" changeset="121371299" timestamp="2022-05-23T13:55:46Z" user="Fidelis Assis" uid="1675654" lat="-22.8473284" lon="-43.1062218"/>
 <node id="9764504846" visible="true" version="1" changeset="121371299" timestamp="2022-05-23T13:55:46Z" user="Fidelis Assis" uid="1675654" lat="-22.8471433" lon="-43.1061007"/>
 <node id="9764504847" visible="true" version="1" changeset="121371299" timestamp="2022-05-23T13:55:46Z" user="Fidelis Assis" uid="1675654" lat="-22.8470437" lon="-43.1060568"/>
 <node id="9764504848" visible="true" version="1" changeset="121371299" timestamp="2022-05-23T13:55:46Z" user="Fidelis Assis" uid="1675654" lat="-22.8467292" lon="-43.1059251"/>
 <node id="9764504849" visible="true" version="1" changeset="121371299" timestamp="2022-05-23T13:55:46Z" user="Fidelis Assis" uid="1675654" lat="-22.8465135" lon="-43.1058526"/>
 <node id="9764504850" visible="true" version="1" changeset="121371299" timestamp="2022-05-23T13:55:46Z" user="Fidelis Assis" uid="1675654" lat="-22.8462970" lon="-43.1057632"/>
 <node id="9764504851" visible="true" version="1" changeset="121371299" timestamp="2022-05-23T13:55:46Z" user="Fidelis Assis" uid="1675654" lat="-22.8461819" lon="-43.1056531"/>
 <node id="9764504852" visible="true" version="1" changeset="121371299" timestamp="2022-05-23T13:55:46Z" user="Fidelis Assis" uid="1675654" lat="-22.8461403" lon="-43.1054292"/>
 <node id="9764504853" visible="true" version="1" changeset="121371299" timestamp="2022-05-23T13:55:46Z" user="Fidelis Assis" uid="1675654" lat="-22.8460831" lon="-43.1052883"/>
 <node id="9764504854" visible="true" version="1" changeset="121371299" timestamp="2022-05-23T13:55:46Z" user="Fidelis Assis" uid="1675654" lat="-22.8460700" lon="-43.1050673"/>
 <node id="9764504855" visible="true" version="1" changeset="121371299" timestamp="2022-05-23T13:55:46Z" user="Fidelis Assis" uid="1675654" lat="-22.8460566" lon="-43.1048942"/>
 <node id="9764504856" visible="true" version="1" changeset="121371299" timestamp="2022-05-23T13:55:46Z" user="Fidelis Assis" uid="1675654" lat="-22.8460133" lon="-43.1046931"/>
 <node id="9764504857" visible="true" version="1" changeset="121371299" timestamp="2022-05-23T13:55:46Z" user="Fidelis Assis" uid="1675654" lat="-22.8458827" lon="-43.1045864"/>
 <node id="9764504858" visible="true" version="1" changeset="121371299" timestamp="2022-05-23T13:55:46Z" user="Fidelis Assis" uid="1675654" lat="-22.8458679" lon="-43.1044312"/>
 <node id="9764504859" visible="true" version="1" changeset="121371299" timestamp="2022-05-23T13:55:46Z" user="Fidelis Assis" uid="1675654" lat="-22.8458676" lon="-43.1042913"/>
 <node id="9764504860" visible="true" version="1" changeset="121371299" timestamp="2022-05-23T13:55:46Z" user="Fidelis Assis" uid="1675654" lat="-22.8458531" lon="-43.1042914"/>
 <node id="9764504861" visible="true" version="1" changeset="121371299" timestamp="2022-05-23T13:55:46Z" user="Fidelis Assis" uid="1675654" lat="-22.8458092" lon="-43.1041049"/>
 <node id="9764504862" visible="true" version="1" changeset="121371299" timestamp="2022-05-23T13:55:46Z" user="Fidelis Assis" uid="1675654" lat="-22.8457363" lon="-43.1039962"/>
 <node id="9764504863" visible="true" version="1" changeset="121371299" timestamp="2022-05-23T13:55:46Z" user="Fidelis Assis" uid="1675654" lat="-22.8457071" lon="-43.1039183"/>
 <node id="9764504864" visible="true" version="1" changeset="121371299" timestamp="2022-05-23T13:55:46Z" user="Fidelis Assis" uid="1675654" lat="-22.8457508" lon="-43.1038401"/>
 <node id="9764504865" visible="true" version="1" changeset="121371299" timestamp="2022-05-23T13:55:46Z" user="Fidelis Assis" uid="1675654" lat="-22.8458510" lon="-43.1036996"/>
 <node id="9764504866" visible="true" version="1" changeset="121371299" timestamp="2022-05-23T13:55:46Z" user="Fidelis Assis" uid="1675654" lat="-22.8459375" lon="-43.1036528"/>
 <node id="9764504867" visible="true" version="1" changeset="121371299" timestamp="2022-05-23T13:55:46Z" user="Fidelis Assis" uid="1675654" lat="-22.8460819" lon="-43.1036059"/>
 <node id="9764504868" visible="true" version="1" changeset="121371299" timestamp="2022-05-23T13:55:46Z" user="Fidelis Assis" uid="1675654" lat="-22.8461839" lon="-43.1035747"/>
 <node id="9764504869" visible="true" version="1" changeset="121371299" timestamp="2022-05-23T13:55:46Z" user="Fidelis Assis" uid="1675654" lat="-22.8462705" lon="-43.1035747"/>
 <node id="9764504870" visible="true" version="1" changeset="121371299" timestamp="2022-05-23T13:55:46Z" user="Fidelis Assis" uid="1675654" lat="-22.8463273" lon="-43.1034968"/>
 <node id="9764504871" visible="true" version="1" changeset="121371299" timestamp="2022-05-23T13:55:46Z" user="Fidelis Assis" uid="1675654" lat="-22.8464567" lon="-43.1034503"/>
 <node id="9764504872" visible="true" version="1" changeset="121371299" timestamp="2022-05-23T13:55:46Z" user="Fidelis Assis" uid="1675654" lat="-22.8466431" lon="-43.1034507"/>
 <node id="9764504873" visible="true" version="1" changeset="121371299" timestamp="2022-05-23T13:55:46Z" user="Fidelis Assis" uid="1675654" lat="-22.8469139" lon="-43.1035591"/>
 <node id="9764504874" visible="true" version="1" changeset="121371299" timestamp="2022-05-23T13:55:46Z" user="Fidelis Assis" uid="1675654" lat="-22.8471278" lon="-43.1036055"/>
 <node id="9764504875" visible="true" version="1" changeset="121371299" timestamp="2022-05-23T13:55:46Z" user="Fidelis Assis" uid="1675654" lat="-22.8473973" lon="-43.1037598"/>
 <node id="9764504876" visible="true" version="1" changeset="121371299" timestamp="2022-05-23T13:55:46Z" user="Fidelis Assis" uid="1675654" lat="-22.8475988" lon="-43.1038530"/>
 <node id="9764504877" visible="true" version="1" changeset="121371299" timestamp="2022-05-23T13:55:46Z" user="Fidelis Assis" uid="1675654" lat="-22.8477714" lon="-43.1040084"/>
 <node id="9764504878" visible="true" version="1" changeset="121371299" timestamp="2022-05-23T13:55:46Z" user="Fidelis Assis" uid="1675654" lat="-22.8479143" lon="-43.1041943"/>
 <node id="9764504879" visible="true" version="1" changeset="121371299" timestamp="2022-05-23T13:55:46Z" user="Fidelis Assis" uid="1675654" lat="-22.8479962" lon="-43.1044860"/>
 <node id="9764504880" visible="true" version="1" changeset="121371299" timestamp="2022-05-23T13:55:46Z" user="Fidelis Assis" uid="1675654" lat="-22.8480799" lon="-43.1046855"/>
 <node id="9764504881" visible="true" version="1" changeset="121371299" timestamp="2022-05-23T13:55:46Z" user="Fidelis Assis" uid="1675654" lat="-22.8480915" lon="-43.1048067"/>
 <node id="9764504882" visible="true" version="1" changeset="121371299" timestamp="2022-05-23T13:55:46Z" user="Fidelis Assis" uid="1675654" lat="-22.8481345" lon="-43.1049610"/>
 <node id="9764504883" visible="true" version="1" changeset="121371299" timestamp="2022-05-23T13:55:46Z" user="Fidelis Assis" uid="1675654" lat="-22.8482367" lon="-43.1051179"/>
 <node id="9764504884" visible="true" version="1" changeset="121371299" timestamp="2022-05-23T13:55:46Z" user="Fidelis Assis" uid="1675654" lat="-22.8467656" lon="-43.1076620"/>
 <node id="9764504885" visible="true" version="1" changeset="121371299" timestamp="2022-05-23T13:55:46Z" user="Fidelis Assis" uid="1675654" lat="-22.8467273" lon="-43.1075375"/>
 <node id="9764504886" visible="true" version="1" changeset="121371299" timestamp="2022-05-23T13:55:46Z" user="Fidelis Assis" uid="1675654" lat="-22.8467885" lon="-43.1075126"/>
 <node id="9764504887" visible="true" version="1" changeset="121371299" timestamp="2022-05-23T13:55:46Z" user="Fidelis Assis" uid="1675654" lat="-22.8469186" lon="-43.1075956"/>
 <node id="9764504888" visible="true" version="1" changeset="121371299" timestamp="2022-05-23T13:55:46Z" user="Fidelis Assis" uid="1675654" lat="-22.8469874" lon="-43.1076371"/>
 <node id="9764504889" visible="true" version="1" changeset="121371299" timestamp="2022-05-23T13:55:46Z" user="Fidelis Assis" uid="1675654" lat="-22.8470410" lon="-43.1077118"/>
 <node id="9764504890" visible="true" version="1" changeset="121371299" timestamp="2022-05-23T13:55:46Z" user="Fidelis Assis" uid="1675654" lat="-22.8472016" lon="-43.1079110"/>
 <node id="9764504891" visible="true" version="1" changeset="121371299" timestamp="2022-05-23T13:55:46Z" user="Fidelis Assis" uid="1675654" lat="-22.8472705" lon="-43.1079857"/>
 <node id="9764504892" visible="true" version="1" changeset="121371299" timestamp="2022-05-23T13:55:46Z" user="Fidelis Assis" uid="1675654" lat="-22.8473776" lon="-43.1081599"/>
 <node id="9764504893" visible="true" version="1" changeset="121371299" timestamp="2022-05-23T13:55:46Z" user="Fidelis Assis" uid="1675654" lat="-22.8474311" lon="-43.1083093"/>
 <node id="9764504894" visible="true" version="1" changeset="121371299" timestamp="2022-05-23T13:55:46Z" user="Fidelis Assis" uid="1675654" lat="-22.8473194" lon="-43.1084136"/>
 <node id="9764504895" visible="true" version="1" changeset="121371299" timestamp="2022-05-23T13:55:46Z" user="Fidelis Assis" uid="1675654" lat="-22.8472489" lon="-43.1084402"/>
 <node id="9764504896" visible="true" version="1" changeset="121371299" timestamp="2022-05-23T13:55:46Z" user="Fidelis Assis" uid="1675654" lat="-22.8472458" lon="-43.1084402"/>
 <node id="9764504897" visible="true" version="1" changeset="121371299" timestamp="2022-05-23T13:55:46Z" user="Fidelis Assis" uid="1675654" lat="-22.8471629" lon="-43.1084336"/>
 <node id="9764504898" visible="true" version="1" changeset="121371299" timestamp="2022-05-23T13:55:46Z" user="Fidelis Assis" uid="1675654" lat="-22.8471568" lon="-43.1084336"/>
 <node id="9764504899" visible="true" version="1" changeset="121371299" timestamp="2022-05-23T13:55:46Z" user="Fidelis Assis" uid="1675654" lat="-22.8470739" lon="-43.1084103"/>
 <node id="9764504900" visible="true" version="1" changeset="121371299" timestamp="2022-05-23T13:55:46Z" user="Fidelis Assis" uid="1675654" lat="-22.8469849" lon="-43.1083271"/>
 <node id="9764504901" visible="true" version="1" changeset="121371299" timestamp="2022-05-23T13:55:46Z" user="Fidelis Assis" uid="1675654" lat="-22.8469726" lon="-43.1083171"/>
 <node id="9764504902" visible="true" version="1" changeset="121371299" timestamp="2022-05-23T13:55:46Z" user="Fidelis Assis" uid="1675654" lat="-22.8468867" lon="-43.1082706"/>
 <node id="9764504903" visible="true" version="1" changeset="121371299" timestamp="2022-05-23T13:55:46Z" user="Fidelis Assis" uid="1675654" lat="-22.8468775" lon="-43.1082706"/>
 <node id="9764504904" visible="true" version="1" changeset="121371299" timestamp="2022-05-23T13:55:46Z" user="Fidelis Assis" uid="1675654" lat="-22.8468099" lon="-43.1082340"/>
 <node id="9764504905" visible="true" version="1" changeset="121371299" timestamp="2022-05-23T13:55:46Z" user="Fidelis Assis" uid="1675654" lat="-22.8466968" lon="-43.1081518"/>
 <node id="9764504906" visible="true" version="1" changeset="121371299" timestamp="2022-05-23T13:55:46Z" user="Fidelis Assis" uid="1675654" lat="-22.8466968" lon="-43.1080522"/>
 <node id="9764504907" visible="true" version="1" changeset="121371299" timestamp="2022-05-23T13:55:46Z" user="Fidelis Assis" uid="1675654" lat="-22.8466050" lon="-43.1080190"/>
 <node id="9764504908" visible="true" version="1" changeset="121371299" timestamp="2022-05-23T13:55:46Z" user="Fidelis Assis" uid="1675654" lat="-22.8465438" lon="-43.1080190"/>
 <node id="9764504909" visible="true" version="1" changeset="121371299" timestamp="2022-05-23T13:55:46Z" user="Fidelis Assis" uid="1675654" lat="-22.8464784" lon="-43.1079344"/>
 <node id="9764504910" visible="true" version="1" changeset="121371299" timestamp="2022-05-23T13:55:46Z" user="Fidelis Assis" uid="1675654" lat="-22.8464596" lon="-43.1078032"/>
 <node id="9764504911" visible="true" version="1" changeset="121371299" timestamp="2022-05-23T13:55:46Z" user="Fidelis Assis" uid="1675654" lat="-22.8465132" lon="-43.1077202"/>
 <node id="9764504912" visible="true" version="1" changeset="121371299" timestamp="2022-05-23T13:55:46Z" user="Fidelis Assis" uid="1675654" lat="-22.8466050" lon="-43.1076953"/>
 <node id="9764504913" visible="true" version="1" changeset="121371299" timestamp="2022-05-23T13:55:46Z" user="Fidelis Assis" uid="1675654" lat="-22.8467197" lon="-43.1077201"/>
 <node id="9764504939" visible="true" version="1" changeset="121371299" timestamp="2022-05-23T13:55:46Z" user="Fidelis Assis" uid="1675654" lat="-22.8311907" lon="-43.1094752"/>
 <node id="9764504940" visible="true" version="1" changeset="121371299" timestamp="2022-05-23T13:55:46Z" user="Fidelis Assis" uid="1675654" lat="-22.8311907" lon="-43.1083854"/>
 <node id="9764504941" visible="true" version="1" changeset="121371299" timestamp="2022-05-23T13:55:46Z" user="Fidelis Assis" uid="1675654" lat="-22.8318541" lon="-43.1077220"/>
 <node id="9764504942" visible="true" version="1" changeset="121371299" timestamp="2022-05-23T13:55:46Z" user="Fidelis Assis" uid="1675654" lat="-22.8321888" lon="-43.1076120"/>
 <node id="9764504943" visible="true" version="1" changeset="121371299" timestamp="2022-05-23T13:55:46Z" user="Fidelis Assis" uid="1675654" lat="-22.8323981" lon="-43.1071257"/>
 <node id="9764504944" visible="true" version="1" changeset="121371299" timestamp="2022-05-23T13:55:46Z" user="Fidelis Assis" uid="1675654" lat="-22.8329765" lon="-43.1068003"/>
 <node id="9764504945" visible="true" version="1" changeset="121371299" timestamp="2022-05-23T13:55:46Z" user="Fidelis Assis" uid="1675654" lat="-22.8333561" lon="-43.1066737"/>
 <node id="9764504946" visible="true" version="1" changeset="121371299" timestamp="2022-05-23T13:55:46Z" user="Fidelis Assis" uid="1675654" lat="-22.8336092" lon="-43.1063303"/>
 <node id="9764504947" visible="true" version="1" changeset="121371299" timestamp="2022-05-23T13:55:46Z" user="Fidelis Assis" uid="1675654" lat="-22.8335188" lon="-43.1057880"/>
 <node id="9764504948" visible="true" version="1" changeset="121371299" timestamp="2022-05-23T13:55:46Z" user="Fidelis Assis" uid="1675654" lat="-22.8340250" lon="-43.1055349"/>
 <node id="9764504949" visible="true" version="1" changeset="121371299" timestamp="2022-05-23T13:55:46Z" user="Fidelis Assis" uid="1675654" lat="-22.8344588" lon="-43.1051372"/>
 <node id="9764504950" visible="true" version="1" changeset="121371299" timestamp="2022-05-23T13:55:46Z" user="Fidelis Assis" uid="1675654" lat="-22.8347661" lon="-43.1047395"/>
 <node id="9764504951" visible="true" version="1" changeset="121371299" timestamp="2022-05-23T13:55:46Z" user="Fidelis Assis" uid="1675654" lat="-22.8353265" lon="-43.1049022"/>
 <node id="9764504952" visible="true" version="1" changeset="121371299" timestamp="2022-05-23T13:55:46Z" user="Fidelis Assis" uid="1675654" lat="-22.8358778" lon="-43.1050016"/>
 <node id="9764504953" visible="true" version="1" changeset="121371299" timestamp="2022-05-23T13:55:46Z" user="Fidelis Assis" uid="1675654" lat="-22.8360857" lon="-43.1050288"/>
 <node id="9764504954" visible="true" version="1" changeset="121371299" timestamp="2022-05-23T13:55:46Z" user="Fidelis Assis" uid="1675654" lat="-22.8368450" lon="-43.1056072"/>
 <node id="9764504955" visible="true" version="1" changeset="121371299" timestamp="2022-05-23T13:55:46Z" user="Fidelis Assis" uid="1675654" lat="-22.8376223" lon="-43.1058061"/>
 <node id="9764504956" visible="true" version="1" changeset="121371299" timestamp="2022-05-23T13:55:46Z" user="Fidelis Assis" uid="1675654" lat="-22.8382730" lon="-43.1056795"/>
 <node id="9764504957" visible="true" version="2" changeset="176607130" timestamp="2025-12-30T03:07:12Z" user="lucianoAF" uid="23222106" lat="-22.8393340" lon="-43.1061669"/>
 <node id="9764504958" visible="true" version="2" changeset="176607130" timestamp="2025-12-30T03:07:12Z" user="lucianoAF" uid="23222106" lat="-22.8397127" lon="-43.1058870"/>
 <node id="9764504959" visible="true" version="2" changeset="176607130" timestamp="2025-12-30T03:07:12Z" user="lucianoAF" uid="23222106" lat="-22.8400277" lon="-43.1064452"/>
 <node id="9764504961" visible="true" version="2" changeset="176607130" timestamp="2025-12-30T03:07:12Z" user="lucianoAF" uid="23222106" lat="-22.8403787" lon="-43.1071420"/>
 <node id="9764504962" visible="true" version="2" changeset="176607130" timestamp="2025-12-30T03:07:12Z" user="lucianoAF" uid="23222106" lat="-22.8405326" lon="-43.1074149"/>
 <node id="9764504964" visible="true" version="2" changeset="176607130" timestamp="2025-12-30T03:07:12Z" user="lucianoAF" uid="23222106" lat="-22.8408714" lon="-43.1080436"/>
 <node id="9764504965" visible="true" version="2" changeset="176607130" timestamp="2025-12-30T03:07:12Z" user="lucianoAF" uid="23222106" lat="-22.8405921" lon="-43.1082410"/>
 <node id="9764504966" visible="true" version="1" changeset="121371299" timestamp="2022-05-23T13:55:46Z" user="Fidelis Assis" uid="1675654" lat="-22.8405326" lon="-43.1085537"/>
 <node id="9764504967" visible="true" version="1" changeset="121371299" timestamp="2022-05-23T13:55:46Z" user="Fidelis Assis" uid="1675654" lat="-22.8403880" lon="-43.1091503"/>
 <node id="9764504968" visible="true" version="1" changeset="121371299" timestamp="2022-05-23T13:55:46Z" user="Fidelis Assis" uid="1675654" lat="-22.8401530" lon="-43.1095480"/>
 <node id="9764504969" visible="true" version="1" changeset="121371299" timestamp="2022-05-23T13:55:46Z" user="Fidelis Assis" uid="1675654" lat="-22.8392853" lon="-43.1100541"/>
 <node id="9764504970" visible="true" version="1" changeset="121371299" timestamp="2022-05-23T13:55:46Z" user="Fidelis Assis" uid="1675654" lat="-22.8385984" lon="-43.1105060"/>
 <node id="9764504971" visible="true" version="1" changeset="121371299" timestamp="2022-05-23T13:55:46Z" user="Fidelis Assis" uid="1675654" lat="-22.8382565" lon="-43.1107045"/>
 <node id="9764504972" visible="true" version="1" changeset="121371299" timestamp="2022-05-23T13:55:46Z" user="Fidelis Assis" uid="1675654" lat="-22.8374776" lon="-43.1111568"/>
 <node id="9764504973" visible="true" version="1" changeset="121371299" timestamp="2022-05-23T13:55:46Z" user="Fidelis Assis" uid="1675654" lat="-22.8369173" lon="-43.1116087"/>
 <node id="9764504974" visible="true" version="1" changeset="121371299" timestamp="2022-05-23T13:55:46Z" user="Fidelis Assis" uid="1675654" lat="-22.8367726" lon="-43.1119522"/>
 <node id="9764504975" visible="true" version="1" changeset="121371299" timestamp="2022-05-23T13:55:46Z" user="Fidelis Assis" uid="1675654" lat="-22.8364473" lon="-43.1115906"/>
 <node id="9764504976" visible="true" version="1" changeset="121371299" timestamp="2022-05-23T13:55:46Z" user="Fidelis Assis" uid="1675654" lat="-22.8358688" lon="-43.1118799"/>
 <node id="9764504977" visible="true" version="1" changeset="121371299" timestamp="2022-05-23T13:55:46Z" user="Fidelis Assis" uid="1675654" lat="-22.8352000" lon="-43.1123860"/>
 <node id="9764504978" visible="true" version="1" changeset="121371299" timestamp="2022-05-23T13:55:46Z" user="Fidelis Assis" uid="1675654" lat="-22.8348384" lon="-43.1127656"/>
 <node id="9764504979" visible="true" version="1" changeset="121371299" timestamp="2022-05-23T13:55:46Z" user="Fidelis Assis" uid="1675654" lat="-22.8348039" lon="-43.1130669"/>
 <node id="9764504980" visible="true" version="1" changeset="121371299" timestamp="2022-05-23T13:55:46Z" user="Fidelis Assis" uid="1675654" lat="-22.8347919" lon="-43.1131712"/>
 <node id="9764504981" visible="true" version="1" changeset="121371299" timestamp="2022-05-23T13:55:46Z" user="Fidelis Assis" uid="1675654" lat="-22.8348565" lon="-43.1136695"/>
 <node id="9764504982" visible="true" version="1" changeset="121371299" timestamp="2022-05-23T13:55:46Z" user="Fidelis Assis" uid="1675654" lat="-22.8351236" lon="-43.1138820"/>
 <node id="9764504983" visible="true" version="1" changeset="121371299" timestamp="2022-05-23T13:55:46Z" user="Fidelis Assis" uid="1675654" lat="-22.8347661" lon="-43.1145552"/>
 <node id="9764504984" visible="true" version="1" changeset="121371299" timestamp="2022-05-23T13:55:46Z" user="Fidelis Assis" uid="1675654" lat="-22.8341920" lon="-43.1150202"/>
 <node id="9764504985" visible="true" version="1" changeset="121371299" timestamp="2022-05-23T13:55:46Z" user="Fidelis Assis" uid="1675654" lat="-22.8335599" lon="-43.1155404"/>
 <node id="9764504986" visible="true" version="1" changeset="121371299" timestamp="2022-05-23T13:55:46Z" user="Fidelis Assis" uid="1675654" lat="-22.8330861" lon="-43.1151613"/>
 <node id="9764504987" visible="true" version="1" changeset="121371299" timestamp="2022-05-23T13:55:46Z" user="Fidelis Assis" uid="1675654" lat="-22.8324227" lon="-43.1149244"/>
 <node id="9764504988" visible="true" version="1" changeset="121371299" timestamp="2022-05-23T13:55:46Z" user="Fidelis Assis" uid="1675654" lat="-22.8320852" lon="-43.1144336"/>
 <node id="9764504989" visible="true" version="1" changeset="121371299" timestamp="2022-05-23T13:55:46Z" user="Fidelis Assis" uid="1675654" lat="-22.8319015" lon="-43.1141663"/>
 <node id="9764504990" visible="true" version="1" changeset="121371299" timestamp="2022-05-23T13:55:46Z" user="Fidelis Assis" uid="1675654" lat="-22.8319015" lon="-43.1131712"/>
 <node id="9764504991" visible="true" version="1" changeset="121371299" timestamp="2022-05-23T13:55:46Z" user="Fidelis Assis" uid="1675654" lat="-22.8315698" lon="-43.1125078"/>
 <node id="9764504992" visible="true" version="1" changeset="121371299" timestamp="2022-05-23T13:55:46Z" user="Fidelis Assis" uid="1675654" lat="-22.8303851" lon="-43.1115127"/>
 <node id="9764504993" visible="true" version="1" changeset="121371299" timestamp="2022-05-23T13:55:46Z" user="Fidelis Assis" uid="1675654" lat="-22.8305747" lon="-43.1107546"/>
 <node id="9764504994" visible="true" version="1" changeset="121371299" timestamp="2022-05-23T13:55:46Z" user="Fidelis Assis" uid="1675654" lat="-22.8310283" lon="-43.1098124"/>
 <node id="9764504995" visible="true" version="1" changeset="121371299" timestamp="2022-05-23T13:55:46Z" user="Fidelis Assis" uid="1675654" lat="-22.8222524" lon="-43.0932640"/>
 <node id="9764504996" visible="true" version="1" changeset="121371299" timestamp="2022-05-23T13:55:46Z" user="Fidelis Assis" uid="1675654" lat="-22.8222288" lon="-43.0935476"/>
 <node id="9764504997" visible="true" version="1" changeset="121371299" timestamp="2022-05-23T13:55:46Z" user="Fidelis Assis" uid="1675654" lat="-22.8225833" lon="-43.0939257"/>
 <node id="9764504998" visible="true" version="1" changeset="121371299" timestamp="2022-05-23T13:55:46Z" user="Fidelis Assis" uid="1675654" lat="-22.8229823" lon="-43.0944045"/>
 <node id="9764504999" visible="true" version="1" changeset="121371299" timestamp="2022-05-23T13:55:46Z" user="Fidelis Assis" uid="1675654" lat="-22.8231268" lon="-43.0950599"/>
 <node id="9764505000" visible="true" version="1" changeset="121371299" timestamp="2022-05-23T13:55:46Z" user="Fidelis Assis" uid="1675654" lat="-22.8229850" lon="-43.0956743"/>
 <node id="9764505001" visible="true" version="1" changeset="121371299" timestamp="2022-05-23T13:55:46Z" user="Fidelis Assis" uid="1675654" lat="-22.8232685" lon="-43.0961705"/>
 <node id="9764505002" visible="true" version="1" changeset="121371299" timestamp="2022-05-23T13:55:46Z" user="Fidelis Assis" uid="1675654" lat="-22.8236230" lon="-43.0963241"/>
 <node id="9764505003" visible="true" version="1" changeset="121371299" timestamp="2022-05-23T13:55:46Z" user="Fidelis Assis" uid="1675654" lat="-22.8239774" lon="-43.0964777"/>
 <node id="9764505004" visible="true" version="1" changeset="121371299" timestamp="2022-05-23T13:55:46Z" user="Fidelis Assis" uid="1675654" lat="-22.8245682" lon="-43.0962650"/>
 <node id="9764505005" visible="true" version="1" changeset="121371299" timestamp="2022-05-23T13:55:46Z" user="Fidelis Assis" uid="1675654" lat="-22.8250408" lon="-43.0961941"/>
 <node id="9764505006" visible="true" version="1" changeset="121371299" timestamp="2022-05-23T13:55:46Z" user="Fidelis Assis" uid="1675654" lat="-22.8248281" lon="-43.0966431"/>
 <node id="9764505007" visible="true" version="1" changeset="121371299" timestamp="2022-05-23T13:55:46Z" user="Fidelis Assis" uid="1675654" lat="-22.8251117" lon="-43.0972339"/>
 <node id="9764505008" visible="true" version="1" changeset="121371299" timestamp="2022-05-23T13:55:46Z" user="Fidelis Assis" uid="1675654" lat="-22.8257733" lon="-43.0974229"/>
 <node id="9764505009" visible="true" version="1" changeset="121371299" timestamp="2022-05-23T13:55:46Z" user="Fidelis Assis" uid="1675654" lat="-22.8261514" lon="-43.0978483"/>
 <node id="9764505010" visible="true" version="1" changeset="121371299" timestamp="2022-05-23T13:55:46Z" user="Fidelis Assis" uid="1675654" lat="-22.8266476" lon="-43.0983445"/>
 <node id="9764505011" visible="true" version="1" changeset="121371299" timestamp="2022-05-23T13:55:46Z" user="Fidelis Assis" uid="1675654" lat="-22.8271652" lon="-43.0994913"/>
 <node id="9764505012" visible="true" version="1" changeset="121371299" timestamp="2022-05-23T13:55:46Z" user="Fidelis Assis" uid="1675654" lat="-22.8275949" lon="-43.0999903"/>
 <node id="9764505013" visible="true" version="1" changeset="121371299" timestamp="2022-05-23T13:55:46Z" user="Fidelis Assis" uid="1675654" lat="-22.8285381" lon="-43.1010856"/>
 <node id="9764505014" visible="true" version="1" changeset="121371299" timestamp="2022-05-23T13:55:46Z" user="Fidelis Assis" uid="1675654" lat="-22.8290343" lon="-43.1012510"/>
 <node id="9764505015" visible="true" version="1" changeset="121371299" timestamp="2022-05-23T13:55:46Z" user="Fidelis Assis" uid="1675654" lat="-22.8296959" lon="-43.1019599"/>
 <node id="9764505016" visible="true" version="1" changeset="121371299" timestamp="2022-05-23T13:55:46Z" user="Fidelis Assis" uid="1675654" lat="-22.8300268" lon="-43.1028578"/>
 <node id="9764505017" visible="true" version="1" changeset="121371299" timestamp="2022-05-23T13:55:46Z" user="Fidelis Assis" uid="1675654" lat="-22.8298963" lon="-43.1036694"/>
 <node id="9764505018" visible="true" version="1" changeset="121371299" timestamp="2022-05-23T13:55:46Z" user="Fidelis Assis" uid="1675654" lat="-22.8293752" lon="-43.1043920"/>
 <node id="9764505019" visible="true" version="1" changeset="121371299" timestamp="2022-05-23T13:55:46Z" user="Fidelis Assis" uid="1675654" lat="-22.8291513" lon="-43.1042440"/>
 <node id="9764505020" visible="true" version="1" changeset="121371299" timestamp="2022-05-23T13:55:46Z" user="Fidelis Assis" uid="1675654" lat="-22.8290440" lon="-43.1035145"/>
 <node id="9764505021" visible="true" version="1" changeset="121371299" timestamp="2022-05-23T13:55:46Z" user="Fidelis Assis" uid="1675654" lat="-22.8289924" lon="-43.1034107"/>
 <node id="9764505022" visible="true" version="1" changeset="121371299" timestamp="2022-05-23T13:55:46Z" user="Fidelis Assis" uid="1675654" lat="-22.8288226" lon="-43.1030691"/>
 <node id="9764505023" visible="true" version="1" changeset="121371299" timestamp="2022-05-23T13:55:46Z" user="Fidelis Assis" uid="1675654" lat="-22.8285312" lon="-43.1027607"/>
 <node id="9764505024" visible="true" version="1" changeset="121371299" timestamp="2022-05-23T13:55:46Z" user="Fidelis Assis" uid="1675654" lat="-22.8281605" lon="-43.1026884"/>
 <node id="9764505025" visible="true" version="1" changeset="121371299" timestamp="2022-05-23T13:55:46Z" user="Fidelis Assis" uid="1675654" lat="-22.8277942" lon="-43.1022739"/>
 <node id="9764505026" visible="true" version="1" changeset="121371299" timestamp="2022-05-23T13:55:46Z" user="Fidelis Assis" uid="1675654" lat="-22.8273598" lon="-43.1020745"/>
 <node id="9764505027" visible="true" version="1" changeset="121371299" timestamp="2022-05-23T13:55:46Z" user="Fidelis Assis" uid="1675654" lat="-22.8269414" lon="-43.1018460"/>
 <node id="9764505028" visible="true" version="1" changeset="121371299" timestamp="2022-05-23T13:55:46Z" user="Fidelis Assis" uid="1675654" lat="-22.8261912" lon="-43.1016714"/>
 <node id="9764505029" visible="true" version="1" changeset="121371299" timestamp="2022-05-23T13:55:46Z" user="Fidelis Assis" uid="1675654" lat="-22.8252582" lon="-43.1013816"/>
 <node id="9764505030" visible="true" version="1" changeset="121371299" timestamp="2022-05-23T13:55:46Z" user="Fidelis Assis" uid="1675654" lat="-22.8249416" lon="-43.1012783"/>
 <node id="9764505031" visible="true" version="1" changeset="121371299" timestamp="2022-05-23T13:55:46Z" user="Fidelis Assis" uid="1675654" lat="-22.8246268" lon="-43.1013601"/>
 <node id="9764505032" visible="true" version="1" changeset="121371299" timestamp="2022-05-23T13:55:46Z" user="Fidelis Assis" uid="1675654" lat="-22.8243551" lon="-43.1012859"/>
 <node id="9764505033" visible="true" version="1" changeset="121371299" timestamp="2022-05-23T13:55:46Z" user="Fidelis Assis" uid="1675654" lat="-22.8242515" lon="-43.1008976"/>
 <node id="9764505034" visible="true" version="1" changeset="121371299" timestamp="2022-05-23T13:55:46Z" user="Fidelis Assis" uid="1675654" lat="-22.8240311" lon="-43.1005102"/>
 <node id="9764505035" visible="true" version="1" changeset="121371299" timestamp="2022-05-23T13:55:46Z" user="Fidelis Assis" uid="1675654" lat="-22.8236974" lon="-43.1004860"/>
 <node id="9764505036" visible="true" version="1" changeset="121371299" timestamp="2022-05-23T13:55:46Z" user="Fidelis Assis" uid="1675654" lat="-22.8234238" lon="-43.1002847"/>
 <node id="9764505037" visible="true" version="1" changeset="121371299" timestamp="2022-05-23T13:55:46Z" user="Fidelis Assis" uid="1675654" lat="-22.8233922" lon="-43.0998464"/>
 <node id="9764505038" visible="true" version="1" changeset="121371299" timestamp="2022-05-23T13:55:46Z" user="Fidelis Assis" uid="1675654" lat="-22.8231267" lon="-43.0995090"/>
 <node id="9764505039" visible="true" version="1" changeset="121371299" timestamp="2022-05-23T13:55:46Z" user="Fidelis Assis" uid="1675654" lat="-22.8230681" lon="-43.0991197"/>
 <node id="9764505040" visible="true" version="1" changeset="121371299" timestamp="2022-05-23T13:55:46Z" user="Fidelis Assis" uid="1675654" lat="-22.8228260" lon="-43.0984111"/>
 <node id="9764505041" visible="true" version="1" changeset="121371299" timestamp="2022-05-23T13:55:46Z" user="Fidelis Assis" uid="1675654" lat="-22.8225937" lon="-43.0978195"/>
 <node id="9764505042" visible="true" version="1" changeset="121371299" timestamp="2022-05-23T13:55:46Z" user="Fidelis Assis" uid="1675654" lat="-22.8221115" lon="-43.0974560"/>
 <node id="9764505043" visible="true" version="1" changeset="121371299" timestamp="2022-05-23T13:55:46Z" user="Fidelis Assis" uid="1675654" lat="-22.8214791" lon="-43.0973375"/>
 <node id="9764505044" visible="true" version="1" changeset="121371299" timestamp="2022-05-23T13:55:46Z" user="Fidelis Assis" uid="1675654" lat="-22.8205524" lon="-43.0968035"/>
 <node id="9764505045" visible="true" version="1" changeset="121371299" timestamp="2022-05-23T13:55:46Z" user="Fidelis Assis" uid="1675654" lat="-22.8203758" lon="-43.0967088"/>
 <node id="9764505046" visible="true" version="1" changeset="121371299" timestamp="2022-05-23T13:55:46Z" user="Fidelis Assis" uid="1675654" lat="-22.8197904" lon="-43.0963947"/>
 <node id="9764505047" visible="true" version="1" changeset="121371299" timestamp="2022-05-23T13:55:46Z" user="Fidelis Assis" uid="1675654" lat="-22.8193252" lon="-43.0959331"/>
 <node id="9764505048" visible="true" version="1" changeset="121371299" timestamp="2022-05-23T13:55:46Z" user="Fidelis Assis" uid="1675654" lat="-22.8192270" lon="-43.0952036"/>
 <node id="9764505049" visible="true" version="1" changeset="121371299" timestamp="2022-05-23T13:55:46Z" user="Fidelis Assis" uid="1675654" lat="-22.8194823" lon="-43.0946054"/>
 <node id="9764505050" visible="true" version="1" changeset="121371299" timestamp="2022-05-23T13:55:46Z" user="Fidelis Assis" uid="1675654" lat="-22.8199606" lon="-43.0938192"/>
 <node id="9764505051" visible="true" version="1" changeset="121371299" timestamp="2022-05-23T13:55:46Z" user="Fidelis Assis" uid="1675654" lat="-22.8204426" lon="-43.0933943"/>
 <node id="9764505052" visible="true" version="1" changeset="121371299" timestamp="2022-05-23T13:55:46Z" user="Fidelis Assis" uid="1675654" lat="-22.8213496" lon="-43.0931040"/>
 <node id="9930423716" visible="true" version="1" changeset="124455324" timestamp="2022-08-03T22:30:37Z" user="Fidelis Assis" uid="1675654" lat="-22.8211793" lon="-43.0868502"/>
 <node id="9930439617" visible="true" version="1" changeset="124455324" timestamp="2022-08-03T22:30:37Z" user="Fidelis Assis" uid="1675654" lat="-22.8224085" lon="-43.0883660"/>
 <node id="9930439618" visible="true" version="1" changeset="124455324" timestamp="2022-08-03T22:30:37Z" user="Fidelis Assis" uid="1675654" lat="-22.8224301" lon="-43.0881349"/>
 <node id="9930439619" visible="true" version="1" changeset="124455324" timestamp="2022-08-03T22:30:37Z" user="Fidelis Assis" uid="1675654" lat="-22.8225231" lon="-43.0886551"/>
 <node id="9930439620" visible="true" version="1" changeset="124455324" timestamp="2022-08-03T22:30:37Z" user="Fidelis Assis" uid="1675654" lat="-22.8224029" lon="-43.0882555"/>
 <node id="9930439621" visible="true" version="1" changeset="124455324" timestamp="2022-08-03T22:30:37Z" user="Fidelis Assis" uid="1675654" lat="-22.8207014" lon="-43.0868799"/>
 <node id="9930439622" visible="true" version="1" changeset="124455324" timestamp="2022-08-03T22:30:37Z" user="Fidelis Assis" uid="1675654" lat="-22.8210123" lon="-43.0867602"/>
 <node id="9930439625" visible="true" version="1" changeset="124455324" timestamp="2022-08-03T22:30:37Z" user="Fidelis Assis" uid="1675654" lat="-22.8211424" lon="-43.0853399"/>
 <node id="9930439629" visible="true" version="1" changeset="124455324" timestamp="2022-08-03T22:30:37Z" user="Fidelis Assis" uid="1675654" lat="-22.8212874" lon="-43.0850020"/>
 <node id="9930439630" visible="true" version="1" changeset="124455324" timestamp="2022-08-03T22:30:37Z" user="Fidelis Assis" uid="1675654" lat="-22.8212867" lon="-43.0849708"/>
 <node id="9930439631" visible="true" version="1" changeset="124455324" timestamp="2022-08-03T22:30:37Z" user="Fidelis Assis" uid="1675654" lat="-22.8212870" lon="-43.0849579"/>
 <node id="9930439632" visible="true" version="1" changeset="124455324" timestamp="2022-08-03T22:30:37Z" user="Fidelis Assis" uid="1675654" lat="-22.8212902" lon="-43.0848652"/>
 <node id="9930439634" visible="true" version="1" changeset="124455324" timestamp="2022-08-03T22:30:37Z" user="Fidelis Assis" uid="1675654" lat="-22.8212892" lon="-43.0848422"/>
 <node id="9930439635" visible="true" version="1" changeset="124455324" timestamp="2022-08-03T22:30:37Z" user="Fidelis Assis" uid="1675654" lat="-22.8210722" lon="-43.0848897"/>
 <node id="9930439638" visible="true" version="1" changeset="124455324" timestamp="2022-08-03T22:30:37Z" user="Fidelis Assis" uid="1675654" lat="-22.8212876" lon="-43.0847576"/>
 <node id="9930439639" visible="true" version="1" changeset="124455324" timestamp="2022-08-03T22:30:37Z" user="Fidelis Assis" uid="1675654" lat="-22.8212872" lon="-43.0847776"/>
 <node id="9930439641" visible="true" version="1" changeset="124455324" timestamp="2022-08-03T22:30:37Z" user="Fidelis Assis" uid="1675654" lat="-22.8212648" lon="-43.0847023"/>
 <node id="9930439642" visible="true" version="1" changeset="124455324" timestamp="2022-08-03T22:30:37Z" user="Fidelis Assis" uid="1675654" lat="-22.8212629" lon="-43.0846964"/>
 <node id="9930439645" visible="true" version="1" changeset="124455324" timestamp="2022-08-03T22:30:37Z" user="Fidelis Assis" uid="1675654" lat="-22.8210130" lon="-43.0845795"/>
 <node id="9930439646" visible="true" version="1" changeset="124455324" timestamp="2022-08-03T22:30:37Z" user="Fidelis Assis" uid="1675654" lat="-22.8210208" lon="-43.0846014"/>
 <node id="9930439649" visible="true" version="1" changeset="124455324" timestamp="2022-08-03T22:30:37Z" user="Fidelis Assis" uid="1675654" lat="-22.8210759" lon="-43.0840301"/>
 <node id="9930439652" visible="true" version="1" changeset="124455324" timestamp="2022-08-03T22:30:37Z" user="Fidelis Assis" uid="1675654" lat="-22.8209930" lon="-43.0838740"/>
 <node id="9930439653" visible="true" version="1" changeset="124455324" timestamp="2022-08-03T22:30:37Z" user="Fidelis Assis" uid="1675654" lat="-22.8205542" lon="-43.0831765"/>
 <node id="9930439656" visible="true" version="1" changeset="124455324" timestamp="2022-08-03T22:30:37Z" user="Fidelis Assis" uid="1675654" lat="-22.8196654" lon="-43.0839987"/>
 <node id="9930439657" visible="true" version="1" changeset="124455324" timestamp="2022-08-03T22:30:37Z" user="Fidelis Assis" uid="1675654" lat="-22.8196843" lon="-43.0839382"/>
 <node id="9930439658" visible="true" version="1" changeset="124455324" timestamp="2022-08-03T22:30:37Z" user="Fidelis Assis" uid="1675654" lat="-22.8197548" lon="-43.0842322"/>
 <node id="9930439659" visible="true" version="1" changeset="124455324" timestamp="2022-08-03T22:30:37Z" user="Fidelis Assis" uid="1675654" lat="-22.8198020" lon="-43.0841874"/>
 <node id="9930439660" visible="true" version="1" changeset="124455324" timestamp="2022-08-03T22:30:37Z" user="Fidelis Assis" uid="1675654" lat="-22.8197119" lon="-43.0841463"/>
 <node id="9930439661" visible="true" version="1" changeset="124455324" timestamp="2022-08-03T22:30:37Z" user="Fidelis Assis" uid="1675654" lat="-22.8196997" lon="-43.0841584"/>
 <node id="10049319675" visible="true" version="1" changeset="126586586" timestamp="2022-09-24T15:34:56Z" user="Fidelis Assis" uid="1675654" lat="-22.8443000" lon="-43.0975000">
  <tag k="name" v="Neves I"/>
  <tag k="place" v="suburb"/>
 </node>
 <node id="11802498868" visible="true" version="1" changeset="149745272" timestamp="2024-04-08T17:28:31Z" user="Fidelis Assis" uid="1675654" lat="-22.8439464" lon="-43.0975737">
  <tag k="distance" v="318"/>
  <tag k="highway" v="milestone"/>
 </node>
 <node id="11802576869" visible="true" version="1" changeset="149745272" timestamp="2024-04-08T17:28:31Z" user="Fidelis Assis" uid="1675654" lat="-22.8438949" lon="-43.0977167">
  <tag k="distance" v="318"/>
  <tag k="highway" v="milestone"/>
 </node>
 <node id="11839153999" visible="true" version="2" changeset="150449796" timestamp="2024-04-24T14:10:06Z" user="Fidelis Assis" uid="1675654" lat="-22.8439339" lon="-43.0975270">
  <tag k="traffic_sign" v="variable_message"/>
 </node>
 <node id="13095293998" visible="true" version="2" changeset="176607130" timestamp="2025-12-30T03:07:12Z" user="lucianoAF" uid="23222106" lat="-22.8335364" lon="-43.1068569"/>
 <node id="13095293999" visible="true" version="2" changeset="176607130" timestamp="2025-12-30T03:07:12Z" user="lucianoAF" uid="23222106" lat="-22.8347795" lon="-43.1050712"/>
 <node id="13095294000" visible="true" version="2" changeset="176607130" timestamp="2025-12-30T03:07:12Z" user="lucianoAF" uid="23222106" lat="-22.8359866" lon="-43.1054868"/>
 <node id="13095325101" visible="true" version="2" changeset="176607130" timestamp="2025-12-30T03:07:12Z" user="lucianoAF" uid="23222106" lat="-22.8373678" lon="-43.1061611"/>
 <node id="13095325102" visible="true" version="2" changeset="176607130" timestamp="2025-12-30T03:07:12Z" user="lucianoAF" uid="23222106" lat="-22.8378892" lon="-43.1061184"/>
 <node id="13095325103" visible="true" version="1" changeset="170950002" timestamp="2025-08-25T00:22:20Z" user="lucianoAF" uid="23222106" lat="-22.8387492" lon="-43.1063066"/>
 <node id="13095325104" visible="true" version="2" changeset="176607130" timestamp="2025-12-30T03:07:12Z" user="lucianoAF" uid="23222106" lat="-22.8390358" lon="-43.1065094"/>
 <node id="13095325105" visible="true" version="1" changeset="170950002" timestamp="2025-08-25T00:22:20Z" user="lucianoAF" uid="23222106" lat="-22.8393739" lon="-43.1071215"/>
 <node id="13095325106" visible="true" version="2" changeset="176607130" timestamp="2025-12-30T03:07:12Z" user="lucianoAF" uid="23222106" lat="-22.8390297" lon="-43.1073228"/>
 <node id="13095325107" visible="true" version="1" changeset="170950002" timestamp="2025-08-25T00:22:20Z" user="lucianoAF" uid="23222106" lat="-22.8389136" lon="-43.1071844"/>
 <node id="13095325108" visible="true" version="1" changeset="170950002" timestamp="2025-08-25T00:22:20Z" user="lucianoAF" uid="23222106" lat="-22.8388810" lon="-43.1071412"/>
 <node id="13095325109" visible="true" version="1" changeset="170950002" timestamp="2025-08-25T00:22:20Z" user="lucianoAF" uid="23222106" lat="-22.8387288" lon="-43.1071058"/>
 <node id="13095325110" visible="true" version="1" changeset="170950002" timestamp="2025-08-25T00:22:20Z" user="lucianoAF" uid="23222106" lat="-22.8364311" lon="-43.1099407"/>
 <node id="13095325111" visible="true" version="2" changeset="176607130" timestamp="2025-12-30T03:07:12Z" user="lucianoAF" uid="23222106" lat="-22.8354661" lon="-43.1105659"/>
 <node id="13095325112" visible="true" version="2" changeset="176607130" timestamp="2025-12-30T03:07:12Z" user="lucianoAF" uid="23222106" lat="-22.8337297" lon="-43.1103723"/>
 <node id="13095325113" visible="true" version="2" changeset="176607130" timestamp="2025-12-30T03:07:12Z" user="lucianoAF" uid="23222106" lat="-22.8328474" lon="-43.1103720"/>
 <node id="13095325114" visible="true" version="2" changeset="176607130" timestamp="2025-12-30T03:07:12Z" user="lucianoAF" uid="23222106" lat="-22.8327508" lon="-43.1084162"/>
 <node id="13095325117" visible="true" version="2" changeset="176607130" timestamp="2025-12-30T03:07:12Z" user="lucianoAF" uid="23222106" lat="-22.8327551" lon="-43.1081310"/>
 <node id="13194889304" visible="true" version="1" changeset="172852769" timestamp="2025-10-05T04:07:08Z" user="lucianoAF" uid="23222106" lat="-22.8398420" lon="-43.1075627"/>
 <node id="13194889305" visible="true" version="1" changeset="172852769" timestamp="2025-10-05T04:07:08Z" user="lucianoAF" uid="23222106" lat="-22.8398812" lon="-43.1075397"/>
 <node id="13194889306" visible="true" version="1" changeset="172852769" timestamp="2025-10-05T04:07:08Z" user="lucianoAF" uid="23222106" lat="-22.8398524" lon="-43.1074941"/>
 <node id="13194889307" visible="true" version="1" changeset="172852769" timestamp="2025-10-05T04:07:08Z" user="lucianoAF" uid="23222106" lat="-22.8398139" lon="-43.1075195"/>
 <node id="13194889308" visible="true" version="1" changeset="172852769" timestamp="2025-10-05T04:07:08Z" user="lucianoAF" uid="23222106" lat="-22.8398262" lon="-43.1075383"/>
 <node id="13194889318" visible="true" version="1" changeset="172852769" timestamp="2025-10-05T04:07:08Z" user="lucianoAF" uid="23222106" lat="-22.8381959" lon="-43.1085329"/>
 <node id="13194889320" visible="true" version="1" changeset="172852769" timestamp="2025-10-05T04:07:08Z" user="lucianoAF" uid="23222106" lat="-22.8382334" lon="-43.1085959"/>
 <node id="13323767070" visible="true" version="8" changeset="179169740" timestamp="2026-02-28T12:57:31Z" user="lucianoAF" uid="23222106" lat="-22.8382228" lon="-43.1080717">
  <tag k="capacity" v="80"/>
  <tag k="content" v="drinking_water"/>
  <tag k="height" v="5"/>
  <tag k="man_made" v="storage_tank"/>
  <tag k="material" v="concrete"/>
  <tag k="name" v="CON"/>
 </node>
 <node id="13323767075" visible="true" version="5" changeset="179169740" timestamp="2026-02-28T12:57:31Z" user="lucianoAF" uid="23222106" lat="-22.8382981" lon="-43.1081786">
  <tag k="pipeline" v="valve"/>
  <tag k="ref" v="V-CON-IN"/>
  <tag k="valve" v="gate"/>
 </node>
 <node id="13323767093" visible="true" version="1" changeset="174981909" timestamp="2025-11-22T10:17:40Z" user="lucianoAF" uid="23222106" lat="-22.8382691" lon="-43.1084704"/>
 <node id="13323822511" visible="true" version="1" changeset="174982536" timestamp="2025-11-22T10:37:12Z" user="lucianoAF" uid="23222106" lat="-22.8394685" lon="-43.1093994"/>
 <node id="13323822512" visible="true" version="1" changeset="174982536" timestamp="2025-11-22T10:37:12Z" user="lucianoAF" uid="23222106" lat="-22.8393380" lon="-43.1091486"/>
 <node id="13323822513" visible="true" version="1" changeset="174982536" timestamp="2025-11-22T10:37:12Z" user="lucianoAF" uid="23222106" lat="-22.8396354" lon="-43.1089326"/>
 <node id="13323822514" visible="true" version="1" changeset="174982536" timestamp="2025-11-22T10:37:12Z" user="lucianoAF" uid="23222106" lat="-22.8397863" lon="-43.1091904"/>
 <node id="13323822515" visible="true" version="1" changeset="174982536" timestamp="2025-11-22T10:37:12Z" user="lucianoAF" uid="23222106" lat="-22.8396943" lon="-43.1092519"/>
 <node id="13323822516" visible="true" version="1" changeset="174982536" timestamp="2025-11-22T10:37:12Z" user="lucianoAF" uid="23222106" lat="-22.8397135" lon="-43.1092833"/>
 <node id="13323822517" visible="true" version="1" changeset="174982536" timestamp="2025-11-22T10:37:12Z" user="lucianoAF" uid="23222106" lat="-22.8395669" lon="-43.1093889"/>
 <node id="13323822518" visible="true" version="1" changeset="174982536" timestamp="2025-11-22T10:37:12Z" user="lucianoAF" uid="23222106" lat="-22.8395391" lon="-43.1093436"/>
 <node id="13323822519" visible="true" version="1" changeset="174982536" timestamp="2025-11-22T10:37:12Z" user="lucianoAF" uid="23222106" lat="-22.8395461" lon="-43.1091862">
  <tag k="landuse" v="military"/>
  <tag k="military" v="base"/>
  <tag k="military_service" v="navy"/>
  <tag k="name" v="CMASM"/>
 </node>
 <node id="13380044424" visible="true" version="1" changeset="175985871" timestamp="2025-12-16T03:00:03Z" user="lucianoAF" uid="23222106" lat="-22.8398413" lon="-43.1075282">
  <tag k="man_made" v="pumping_station"/>
  <tag k="name" v="CB01"/>
 </node>
 <node id="13411796724" visible="true" version="7" changeset="178880304" timestamp="2026-02-21T23:19:29Z" user="lucianoAF" uid="23222106" lat="-22.8387801" lon="-43.1062243">
  <tag k="pipeline" v="valve"/>
  <tag k="ref" v="V-IE-IN"/>
 </node>
 <node id="13411796725" visible="true" version="7" changeset="179169740" timestamp="2026-02-28T12:57:31Z" user="lucianoAF" uid="23222106" lat="-22.8381491" lon="-43.1079089">
  <tag k="amenity" v="clock"/>
  <tag k="display" v="analog"/>
  <tag k="name" v="HID-AV/AZ"/>
  <tag k="pipeline" v="valve"/>
 </node>
 <node id="13417219202" visible="true" version="1" changeset="176607130" timestamp="2025-12-30T03:07:12Z" user="lucianoAF" uid="23222106" lat="-22.8308584" lon="-43.1153927">
  <tag k="seamark:buoy_special_purpose:colour" v="yellow"/>
  <tag k="seamark:buoy_special_purpose:shape" v="conical"/>
  <tag k="seamark:name" v="2"/>
  <tag k="seamark:type" v="buoy_special_purpose"/>
 </node>
 <node id="13417219203" visible="true" version="1" changeset="176607130" timestamp="2025-12-30T03:07:12Z" user="lucianoAF" uid="23222106" lat="-22.8346391" lon="-43.1168698"/>
 <node id="13417219204" visible="true" version="2" changeset="178879363" timestamp="2026-02-21T22:36:08Z" user="lucianoAF" uid="23222106" lat="-22.8395145" lon="-43.1047584">
  <tag k="seamark:buoy_lateral:category" v="port"/>
  <tag k="seamark:buoy_lateral:colour" v="green"/>
  <tag k="seamark:buoy_lateral:shape" v="pillar"/>
  <tag k="seamark:buoy_lateral:system" v="iala-b"/>
  <tag k="seamark:light:character" v="Q"/>
  <tag k="seamark:light:colour" v="green"/>
  <tag k="seamark:name" v="2"/>
  <tag k="seamark:topmark:colour" v="green"/>
  <tag k="seamark:topmark:shape" v="cylinder"/>
  <tag k="seamark:type" v="buoy_lateral"/>
 </node>
 <node id="13417219205" visible="true" version="6" changeset="179169740" timestamp="2026-02-28T12:57:31Z" user="lucianoAF" uid="23222106" lat="-22.8382061" lon="-43.1079094">
  <tag k="amenity" v="clock"/>
  <tag k="display" v="analog"/>
  <tag k="name" v="HID-AV"/>
 </node>
 <node id="13417219206" visible="true" version="1" changeset="176607130" timestamp="2025-12-30T03:07:12Z" user="lucianoAF" uid="23222106" lat="-22.8392508" lon="-43.1071897">
  <tag k="barrier" v="gate"/>
  <tag k="locked" v="yes"/>
  <tag k="wheelchair" v="yes"/>
 </node>
 <node id="13417219207" visible="true" version="1" changeset="176607130" timestamp="2025-12-30T03:07:12Z" user="lucianoAF" uid="23222106" lat="-22.8367914" lon="-43.1058438"/>
 <node id="13417219208" visible="true" version="1" changeset="176607130" timestamp="2025-12-30T03:07:12Z" user="lucianoAF" uid="23222106" lat="-22.8365232" lon="-43.1056701"/>
 <node id="13417219209" visible="true" version="1" changeset="176607130" timestamp="2025-12-30T03:07:12Z" user="lucianoAF" uid="23222106" lat="-22.8353345" lon="-43.1052519"/>
 <node id="13417219210" visible="true" version="1" changeset="176607130" timestamp="2025-12-30T03:07:12Z" user="lucianoAF" uid="23222106" lat="-22.8327708" lon="-43.1079949"/>
 <node id="13417219211" visible="true" version="1" changeset="176607130" timestamp="2025-12-30T03:07:12Z" user="lucianoAF" uid="23222106" lat="-22.8325871" lon="-43.1079917"/>
 <node id="13417219212" visible="true" version="1" changeset="176607130" timestamp="2025-12-30T03:07:12Z" user="lucianoAF" uid="23222106" lat="-22.8323719" lon="-43.1077438"/>
 <node id="13417219213" visible="true" version="1" changeset="176607130" timestamp="2025-12-30T03:07:12Z" user="lucianoAF" uid="23222106" lat="-22.8344064" lon="-43.1099958"/>
 <node id="13417219214" visible="true" version="1" changeset="176607130" timestamp="2025-12-30T03:07:12Z" user="lucianoAF" uid="23222106" lat="-22.8339542" lon="-43.1103298"/>
 <node id="13417219215" visible="true" version="1" changeset="176607130" timestamp="2025-12-30T03:07:12Z" user="lucianoAF" uid="23222106" lat="-22.8348980" lon="-43.1100542"/>
 <node id="13417219216" visible="true" version="1" changeset="176607130" timestamp="2025-12-30T03:07:12Z" user="lucianoAF" uid="23222106" lat="-22.8344873" lon="-43.1099476"/>
 <node id="13417219217" visible="true" version="1" changeset="176607130" timestamp="2025-12-30T03:07:12Z" user="lucianoAF" uid="23222106" lat="-22.8353304" lon="-43.1101770"/>
 <node id="13417219218" visible="true" version="1" changeset="176607130" timestamp="2025-12-30T03:07:12Z" user="lucianoAF" uid="23222106" lat="-22.8355452" lon="-43.1105069"/>
 <node id="13417219219" visible="true" version="1" changeset="176607130" timestamp="2025-12-30T03:07:12Z" user="lucianoAF" uid="23222106" lat="-22.8354618" lon="-43.1103736"/>
 <node id="13417219220" visible="true" version="1" changeset="176607130" timestamp="2025-12-30T03:07:12Z" user="lucianoAF" uid="23222106" lat="-22.8392264" lon="-43.1068346"/>
 <node id="13448596760" visible="true" version="3" changeset="178880304" timestamp="2026-02-21T23:19:29Z" user="lucianoAF" uid="23222106" lat="-22.8429112" lon="-43.0995975">
  <tag k="pipeline" v="valve"/>
  <tag k="ref" v="V-IF-OUT"/>
 </node>
 <node id="13448596761" visible="true" version="2" changeset="178879363" timestamp="2026-02-21T22:36:08Z" user="lucianoAF" uid="23222106" lat="-22.8437351" lon="-43.0993110"/>
 <node id="13448596762" visible="true" version="2" changeset="178879363" timestamp="2026-02-21T22:36:08Z" user="lucianoAF" uid="23222106" lat="-22.8447314" lon="-43.0999557"/>
 <node id="13448596764" visible="true" version="1" changeset="177108529" timestamp="2026-01-11T18:53:54Z" user="lucianoAF" uid="23222106" lat="-22.8373017" lon="-43.1087712"/>
 <node id="13448596767" visible="true" version="3" changeset="178880304" timestamp="2026-02-21T23:19:29Z" user="lucianoAF" uid="23222106" lat="-22.8371020" lon="-43.1092269">
  <tag k="pipeline" v="valve"/>
  <tag k="ref" v="V-CAV-IN"/>
  <tag k="valve" v="gate"/>
 </node>
 <node id="13448596770" visible="true" version="5" changeset="179169740" timestamp="2026-02-28T12:57:31Z" user="lucianoAF" uid="23222106" lat="-22.8381767" lon="-43.1078300">
  <tag k="name" v="V-CON-AV"/>
  <tag k="pipeline" v="valve"/>
 </node>
 <node id="13448596771" visible="true" version="5" changeset="179169740" timestamp="2026-02-28T12:57:31Z" user="lucianoAF" uid="23222106" lat="-22.8382639" lon="-43.1078262">
  <tag k="name" v="V-CON-AZ"/>
  <tag k="pipeline" v="valve"/>
 </node>
 <node id="13482520205" visible="true" version="1" changeset="177661274" timestamp="2026-01-24T20:52:20Z" user="lucianoAF" uid="23222106" lat="-22.8357756" lon="-43.1109687">
  <tag k="man_made" v="wastewater_plant"/>
  <tag k="name" v="ETE"/>
 </node>
 <node id="13546263133" visible="true" version="1" changeset="178458636" timestamp="2026-02-12T13:38:51Z" user="DressyPear4" uid="3984659" lat="-22.8458178" lon="-43.0981556"/>
 <node id="13546263134" visible="true" version="1" changeset="178458636" timestamp="2026-02-12T13:38:51Z" user="DressyPear4" uid="3984659" lat="-22.8466905" lon="-43.0973665"/>
 <node id="13546263135" visible="true" version="1" changeset="178458636" timestamp="2026-02-12T13:38:51Z" user="DressyPear4" uid="3984659" lat="-22.8464637" lon="-43.0978111"/>
 <node id="13546263136" visible="true" version="1" changeset="178458636" timestamp="2026-02-12T13:38:51Z" user="DressyPear4" uid="3984659" lat="-22.8466556" lon="-43.0979201"/>
 <node id="13546263137" visible="true" version="1" changeset="178458636" timestamp="2026-02-12T13:38:51Z" user="DressyPear4" uid="3984659" lat="-22.8467881" lon="-43.0976562"/>
 <node id="13546263138" visible="true" version="1" changeset="178458636" timestamp="2026-02-12T13:38:51Z" user="DressyPear4" uid="3984659" lat="-22.8463801" lon="-43.0984689"/>
 <node id="13546263139" visible="true" version="1" changeset="178458636" timestamp="2026-02-12T13:38:51Z" user="DressyPear4" uid="3984659" lat="-22.8460870" lon="-43.0975973"/>
 <node id="13546263140" visible="true" version="1" changeset="178458636" timestamp="2026-02-12T13:38:51Z" user="DressyPear4" uid="3984659" lat="-22.8475479" lon="-43.0984265"/>
 <node id="13546263141" visible="true" version="1" changeset="178458636" timestamp="2026-02-12T13:38:51Z" user="DressyPear4" uid="3984659" lat="-22.8467643" lon="-43.0971050"/>
 <node id="13546263142" visible="true" version="1" changeset="178458636" timestamp="2026-02-12T13:38:51Z" user="DressyPear4" uid="3984659" lat="-22.8469075" lon="-43.0976374"/>
 <node id="13546263143" visible="true" version="1" changeset="178458636" timestamp="2026-02-12T13:38:51Z" user="DressyPear4" uid="3984659" lat="-22.8468033" lon="-43.0978871"/>
 <node id="13583629912" visible="true" version="3" changeset="179169740" timestamp="2026-02-28T12:57:31Z" user="lucianoAF" uid="23222106" lat="-22.8382524" lon="-43.1079085">
  <tag k="amenity" v="clock"/>
  <tag k="display" v="analog"/>
  <tag k="name" v="HID-AZ"/>
 </node>
 <node id="13588504866" visible="true" version="2" changeset="179169740" timestamp="2026-02-28T12:57:31Z" user="lucianoAF" uid="23222106" lat="-22.8384676" lon="-43.1083677">
  <tag k="capacity" v="80"/>
  <tag k="content" v="drinking_water"/>
  <tag k="height" v="5"/>
  <tag k="man_made" v="storage_tank"/>
  <tag k="material" v="concrete"/>
  <tag k="name" v="CB03"/>
 </node>
 <node id="13588504867" visible="true" version="1" changeset="178879363" timestamp="2026-02-21T22:36:08Z" user="lucianoAF" uid="23222106" lat="-22.8389980" lon="-43.1080397">
  <tag k="capacity" v="80"/>
  <tag k="content" v="drinking_water"/>
  <tag k="height" v="5"/>
  <tag k="man_made" v="storage_tank"/>
  <tag k="material" v="concrete"/>
  <tag k="name" v="CIE"/>
 </node>
 <node id="13588504868" visible="true" version="3" changeset="179169740" timestamp="2026-02-28T12:57:31Z" user="lucianoAF" uid="23222106" lat="-22.8370714" lon="-43.1093764">
  <tag k="capacity" v="80"/>
  <tag k="content" v="drinking_water"/>
  <tag k="height" v="5"/>
  <tag k="man_made" v="storage_tank"/>
  <tag k="material" v="concrete"/>
  <tag k="name" v="CAV"/>
 </node>
 <node id="13588504869" visible="true" version="1" changeset="178879363" timestamp="2026-02-21T22:36:08Z" user="lucianoAF" uid="23222106" lat="-22.8405209" lon="-43.1036951"/>
 <node id="13588504870" visible="true" version="1" changeset="178879363" timestamp="2026-02-21T22:36:08Z" user="lucianoAF" uid="23222106" lat="-22.8387264" lon="-43.1062263">
  <tag k="amenity" v="clock"/>
  <tag k="display" v="analog"/>
  <tag k="name" v="HID-PRAIA"/>
 </node>
 <node id="13588504871" visible="true" version="1" changeset="178879363" timestamp="2026-02-21T22:36:08Z" user="lucianoAF" uid="23222106" lat="-22.8453336" lon="-43.1004551">
  <tag k="amenity" v="clock"/>
  <tag k="display" v="analog"/>
  <tag k="name" v="HID-IF"/>
 </node>
 <node id="13588504872" visible="true" version="2" changeset="178880304" timestamp="2026-02-21T23:19:29Z" user="lucianoAF" uid="23222106" lat="-22.8452744" lon="-43.1004506">
  <tag k="pipeline" v="valve"/>
  <tag k="ref" v="V-IF-OUT"/>
 </node>
 <node id="13588504873" visible="true" version="1" changeset="178879363" timestamp="2026-02-21T22:36:08Z" user="lucianoAF" uid="23222106" lat="-22.8453673" lon="-43.1004556">
  <tag k="capacity" v="80"/>
  <tag k="content" v="drinking_water"/>
  <tag k="height" v="5"/>
  <tag k="man_made" v="storage_tank"/>
  <tag k="material" v="concrete"/>
  <tag k="name" v="CBIF"/>
 </node>
 <node id="13588504874" visible="true" version="2" changeset="179169740" timestamp="2026-02-28T12:57:31Z" user="lucianoAF" uid="23222106" lat="-22.8379227" lon="-43.1090019">
  <tag k="man_made" v="pumping_station"/>
  <tag k="name" v="CB02"/>
 </node>
 <node id="13588504876" visible="true" version="1" changeset="178879363" timestamp="2026-02-21T22:36:08Z" user="lucianoAF" uid="23222106" lat="-22.8381776" lon="-43.1079373"/>
 <node id="13588504877" visible="true" version="1" changeset="178879363" timestamp="2026-02-21T22:36:08Z" user="lucianoAF" uid="23222106" lat="-22.8382653" lon="-43.1079360"/>
 <node id="13588504878" visible="true" version="2" changeset="178880304" timestamp="2026-02-21T23:19:29Z" user="lucianoAF" uid="23222106" lat="-22.8389134" lon="-43.1080688">
  <tag k="pipeline" v="valve"/>
  <tag k="ref" v="V-CIE-OUT"/>
 </node>
 <node id="13588504879" visible="true" version="1" changeset="178879363" timestamp="2026-02-21T22:36:08Z" user="lucianoAF" uid="23222106" lat="-22.8396037" lon="-43.1075900"/>
 <node id="13588504880" visible="true" version="3" changeset="179169740" timestamp="2026-02-28T12:57:31Z" user="lucianoAF" uid="23222106" lat="-22.8384262" lon="-43.1083955">
  <tag k="pipeline" v="valve"/>
  <tag k="ref" v="V-CB03-OUT"/>
  <tag k="valve" v="gate"/>
 </node>
 <node id="13588504881" visible="true" version="2" changeset="178880304" timestamp="2026-02-21T23:19:29Z" user="lucianoAF" uid="23222106" lat="-22.8390359" lon="-43.1079857">
  <tag k="pipeline" v="valve"/>
  <tag k="ref" v="V-CIE-IN"/>
 </node>
 <node id="13588504882" visible="true" version="3" changeset="179169740" timestamp="2026-02-28T12:57:31Z" user="lucianoAF" uid="23222106" lat="-22.8385100" lon="-43.1083444">
  <tag k="pipeline" v="valve"/>
  <tag k="ref" v="V-CB03-IN"/>
 </node>
 <node id="13588527844" visible="true" version="1" changeset="178880304" timestamp="2026-02-21T23:19:29Z" user="lucianoAF" uid="23222106" lat="-22.8371832" lon="-43.1092265">
  <tag k="pipeline" v="valve"/>
  <tag k="ref" v="V-CAV-AV"/>
  <tag k="valve" v="gate"/>
 </node>
 <node id="13588527845" visible="true" version="1" changeset="178880304" timestamp="2026-02-21T23:19:29Z" user="lucianoAF" uid="23222106" lat="-22.8373497" lon="-43.1092272">
  <tag k="pipeline" v="valve"/>
  <tag k="ref" v="V-CAV-AZ"/>
 </node>
 <node id="13588527846" visible="true" version="1" changeset="178880304" timestamp="2026-02-21T23:19:29Z" user="lucianoAF" uid="23222106" lat="-22.8372611" lon="-43.1092268">
  <tag k="pipeline" v="valve"/>
  <tag k="ref" v="V-CAV-OUT"/>
 </node>
 <node id="13607533961" visible="true" version="1" changeset="179169740" timestamp="2026-02-28T12:57:31Z" user="lucianoAF" uid="23222106" lat="-22.8382645" lon="-43.1081691">
  <tag k="pipeline" v="valve"/>
  <tag k="ref" v="V-CON-OUT"/>
  <tag k="valve" v="gate"/>
 </node>
 <node id="13607533962" visible="true" version="1" changeset="179169740" timestamp="2026-02-28T12:57:31Z" user="lucianoAF" uid="23222106" lat="-22.8381195" lon="-43.1079399">
  <tag k="pipeline" v="valve"/>
  <tag k="ref" v="V-CON-AVAZ"/>
 </node>
 <way id="10938269" visible="true" version="7" changeset="44180882" timestamp="2016-12-05T11:37:06Z" user="erickdeoliveiraleal" uid="463504">
  <nd ref="97354158"/>
  <nd ref="148182940"/>
  <nd ref="97407531"/>
  <nd ref="4357430985"/>
  <nd ref="148182942"/>
  <nd ref="4357430984"/>
  <nd ref="2946697668"/>
  <nd ref="2946697669"/>
  <nd ref="2946697670"/>
  <nd ref="2946697678"/>
  <nd ref="148182944"/>
  <nd ref="2946697672"/>
  <nd ref="2946697671"/>
  <nd ref="2946697677"/>
  <nd ref="97357039"/>
  <nd ref="2946697676"/>
  <nd ref="2946697675"/>
  <nd ref="2946697674"/>
  <nd ref="2946697673"/>
  <nd ref="148182945"/>
  <nd ref="2946697684"/>
  <nd ref="2946697685"/>
  <nd ref="2946697686"/>
  <nd ref="2946697682"/>
  <nd ref="2946697683"/>
  <nd ref="1934609880"/>
  <nd ref="97354158"/>
  <tag k="name" v="Ilha Ananaz"/>
  <tag k="natural" v="coastline"/>
  <tag k="place" v="islet"/>
 </way>
 <way id="10938336" visible="true" version="7" changeset="70954634" timestamp="2019-06-05T13:21:42Z" user="dmgroom_ct" uid="437598">
  <nd ref="97399523"/>
  <nd ref="6524278958"/>
  <nd ref="6524278959"/>
  <nd ref="97402097"/>
  <nd ref="4357430982"/>
  <nd ref="4357430981"/>
  <nd ref="4357430980"/>
  <nd ref="97346718"/>
  <nd ref="6524278962"/>
  <nd ref="1934609815"/>
  <nd ref="6524278961"/>
  <nd ref="148183588"/>
  <nd ref="6524278960"/>
  <nd ref="97399523"/>
  <tag k="coastline:survey_quality" v="complete"/>
  <tag k="name" v="Ilha do Mexingueiro"/>
  <tag k="natural" v="coastline"/>
  <tag k="place" v="islet"/>
 </way>
 <way id="10938579" visible="true" version="14" changeset="88664480" timestamp="2020-07-29T08:26:42Z" user="ExmouthPlateau" uid="10653073">
  <nd ref="97357275"/>
  <nd ref="7764724718"/>
  <nd ref="6487131400"/>
  <nd ref="7764724732"/>
  <nd ref="6487131405"/>
  <nd ref="6487131475"/>
  <nd ref="6487131401"/>
  <nd ref="320958351"/>
  <nd ref="6487131402"/>
  <nd ref="6487131403"/>
  <nd ref="6487131404"/>
  <nd ref="7764724729"/>
  <nd ref="6487131408"/>
  <nd ref="6487131409"/>
  <nd ref="7764729410"/>
  <nd ref="7764724728"/>
  <nd ref="320958352"/>
  <nd ref="7764724727"/>
  <nd ref="7764724726"/>
  <nd ref="97409581"/>
  <nd ref="7764729409"/>
  <nd ref="7764724725"/>
  <nd ref="7764729408"/>
  <nd ref="7764729407"/>
  <nd ref="7764729405"/>
  <nd ref="320958353"/>
  <nd ref="7764729406"/>
  <nd ref="7764729403"/>
  <nd ref="7764729402"/>
  <nd ref="148178657"/>
  <nd ref="7764724724"/>
  <nd ref="7764729404"/>
  <nd ref="6487131418"/>
  <nd ref="6487131417"/>
  <nd ref="6487131416"/>
  <nd ref="7764724723"/>
  <nd ref="7764724719"/>
  <nd ref="97354596"/>
  <nd ref="6487131415"/>
  <nd ref="7764724720"/>
  <nd ref="6487131414"/>
  <nd ref="7764724722"/>
  <nd ref="6487131419"/>
  <nd ref="6487131420"/>
  <nd ref="7764724721"/>
  <nd ref="6487131421"/>
  <nd ref="97405758"/>
  <nd ref="6487131422"/>
  <nd ref="6487131423"/>
  <nd ref="320958354"/>
  <nd ref="6487131424"/>
  <nd ref="6487131425"/>
  <nd ref="320958355"/>
  <nd ref="7764729400"/>
  <nd ref="97347021"/>
  <nd ref="7764729401"/>
  <nd ref="7764729396"/>
  <nd ref="7764729399"/>
  <nd ref="7764729398"/>
  <nd ref="320958356"/>
  <nd ref="7764729397"/>
  <nd ref="6487131428"/>
  <nd ref="6487131429"/>
  <nd ref="6487131430"/>
  <nd ref="97403816"/>
  <nd ref="7764729395"/>
  <nd ref="6487131431"/>
  <nd ref="320958357"/>
  <nd ref="6487131432"/>
  <nd ref="7764729394"/>
  <nd ref="6487131433"/>
  <nd ref="6487131434"/>
  <nd ref="148178483"/>
  <nd ref="6487131435"/>
  <nd ref="6487131436"/>
  <nd ref="97400882"/>
  <nd ref="6487131437"/>
  <nd ref="6487131438"/>
  <nd ref="97346246"/>
  <nd ref="6487131439"/>
  <nd ref="6487131440"/>
  <nd ref="6487131441"/>
  <nd ref="97341584"/>
  <nd ref="6487131442"/>
  <nd ref="6487131443"/>
  <nd ref="6487131444"/>
  <nd ref="6487131445"/>
  <nd ref="6487131446"/>
  <nd ref="97357606"/>
  <nd ref="2577407895"/>
  <nd ref="2577407894"/>
  <nd ref="6487131387"/>
  <nd ref="6487131388"/>
  <nd ref="7764729416"/>
  <nd ref="148178410"/>
  <nd ref="320958358"/>
  <nd ref="6487131389"/>
  <nd ref="7764729415"/>
  <nd ref="6487131390"/>
  <nd ref="320958359"/>
  <nd ref="7764729414"/>
  <nd ref="6487131391"/>
  <nd ref="7764729413"/>
  <nd ref="7764729412"/>
  <nd ref="6487131392"/>
  <nd ref="6487131393"/>
  <nd ref="6487131394"/>
  <nd ref="6487131395"/>
  <nd ref="148178412"/>
  <nd ref="6487131396"/>
  <nd ref="6487131397"/>
  <nd ref="7764724733"/>
  <nd ref="7764729411"/>
  <nd ref="97357275"/>
  <tag k="name" v="Ilha do Engenho"/>
  <tag k="natural" v="coastline"/>
  <tag k="place" v="island"/>
  <tag k="wikidata" v="Q22044808"/>
 </way>
 <way id="10938690" visible="true" version="53" changeset="126586586" timestamp="2022-09-24T15:34:59Z" user="Fidelis Assis" uid="1675654">
  <nd ref="589229283"/>
  <nd ref="7769042802"/>
  <nd ref="2122847821"/>
  <nd ref="7769042803"/>
  <nd ref="2122847818"/>
  <nd ref="7769042804"/>
  <nd ref="7769042805"/>
  <nd ref="164201027"/>
  <nd ref="7769042806"/>
  <nd ref="7769042808"/>
  <nd ref="164201028"/>
  <nd ref="7769042807"/>
  <nd ref="589229288"/>
  <nd ref="9930439660"/>
  <nd ref="9930439661"/>
  <nd ref="9930439658"/>
  <nd ref="9930439659"/>
  <nd ref="9930439656"/>
  <nd ref="2122847829"/>
  <nd ref="9930439657"/>
  <nd ref="9930439653"/>
  <nd ref="7769042797"/>
  <nd ref="7769034947"/>
  <nd ref="7769042796"/>
  <nd ref="7769034952"/>
  <nd ref="7769034951"/>
  <nd ref="9930439652"/>
  <nd ref="9930439649"/>
  <nd ref="7769034956"/>
  <nd ref="7769034955"/>
  <nd ref="7769034975"/>
  <nd ref="7769042809"/>
  <nd ref="7769034977"/>
  <nd ref="7769034976"/>
  <nd ref="7769034978"/>
  <nd ref="7769034981"/>
  <nd ref="7769034974"/>
  <nd ref="7769034982"/>
  <nd ref="7769034979"/>
  <nd ref="7769034983"/>
  <nd ref="7769034980"/>
  <nd ref="7769034958"/>
  <nd ref="7769034972"/>
  <nd ref="2122632022"/>
  <nd ref="9930439645"/>
  <nd ref="9930439646"/>
  <nd ref="7768778568"/>
  <nd ref="9930439642"/>
  <nd ref="7768778570"/>
  <nd ref="9930439641"/>
  <nd ref="9930439638"/>
  <nd ref="2122847858"/>
  <nd ref="2122847862"/>
  <nd ref="9930439639"/>
  <nd ref="9930439634"/>
  <nd ref="9930439635"/>
  <nd ref="2122847865"/>
  <nd ref="9930439632"/>
  <nd ref="9930439631"/>
  <nd ref="2122847870"/>
  <nd ref="2122847873"/>
  <nd ref="9930439630"/>
  <nd ref="9930439629"/>
  <nd ref="97340978"/>
  <nd ref="2122847877"/>
  <nd ref="9930439625"/>
  <nd ref="7769042795"/>
  <nd ref="164201425"/>
  <nd ref="1870625314"/>
  <nd ref="7768778574"/>
  <nd ref="9930439622"/>
  <nd ref="9930439621"/>
  <nd ref="97398410"/>
  <nd ref="589221519"/>
  <nd ref="9930423716"/>
  <nd ref="7769042794"/>
  <nd ref="589221522"/>
  <nd ref="97338058"/>
  <nd ref="9930439618"/>
  <nd ref="9930439620"/>
  <nd ref="9930439617"/>
  <nd ref="589221532"/>
  <nd ref="9930439619"/>
  <nd ref="589221537"/>
  <nd ref="1870625439"/>
  <nd ref="7768778583"/>
  <nd ref="7768778577"/>
  <nd ref="7768778578"/>
  <nd ref="7769034968"/>
  <nd ref="7768778582"/>
  <nd ref="7768778584"/>
  <nd ref="7768841785"/>
  <nd ref="7768778579"/>
  <nd ref="7768841786"/>
  <nd ref="7768841787"/>
  <nd ref="7768778581"/>
  <nd ref="1870625368"/>
  <nd ref="7768778580"/>
  <nd ref="7769042793"/>
  <nd ref="97396471"/>
  <nd ref="7768841788"/>
  <nd ref="7768841789"/>
  <nd ref="1870625483"/>
  <nd ref="1870625525"/>
  <nd ref="7768841791"/>
  <nd ref="7768841790"/>
  <nd ref="7768841792"/>
  <nd ref="7768841793"/>
  <nd ref="2122632033"/>
  <nd ref="7768841794"/>
  <nd ref="2122632026"/>
  <nd ref="7768841795"/>
  <nd ref="7768841796"/>
  <nd ref="2122632028"/>
  <nd ref="7768841797"/>
  <nd ref="2122632034"/>
  <nd ref="7768841800"/>
  <nd ref="7768841801"/>
  <nd ref="7768841803"/>
  <nd ref="7768841802"/>
  <nd ref="1870625762"/>
  <nd ref="1870625593"/>
  <nd ref="7768841799"/>
  <nd ref="1870625685"/>
  <nd ref="7768841804"/>
  <nd ref="1870625556"/>
  <nd ref="97402255"/>
  <nd ref="7768841805"/>
  <nd ref="7768841798"/>
  <nd ref="97343033"/>
  <nd ref="2122707004"/>
  <nd ref="7768841807"/>
  <nd ref="7769034966"/>
  <nd ref="7768841806"/>
  <nd ref="1870162506"/>
  <nd ref="97400391"/>
  <nd ref="1870162529"/>
  <nd ref="2122707022"/>
  <nd ref="2122707034"/>
  <nd ref="2122707037"/>
  <nd ref="2122707038"/>
  <nd ref="2122707041"/>
  <nd ref="2122707043"/>
  <nd ref="2122707044"/>
  <nd ref="2122707045"/>
  <nd ref="97348747"/>
  <nd ref="7768841808"/>
  <nd ref="1870162532"/>
  <nd ref="7768841809"/>
  <nd ref="2122707059"/>
  <nd ref="2122707069"/>
  <nd ref="7769034961"/>
  <nd ref="97357526"/>
  <nd ref="97341402"/>
  <nd ref="2122707114"/>
  <nd ref="2122707118"/>
  <nd ref="2122707146"/>
  <nd ref="2122707153"/>
  <nd ref="1870162619"/>
  <nd ref="7764565474"/>
  <nd ref="7764565475"/>
  <nd ref="7764565476"/>
  <nd ref="1870162652"/>
  <nd ref="7764565477"/>
  <nd ref="7764709394"/>
  <nd ref="7764565473"/>
  <nd ref="1870162719"/>
  <nd ref="7764565472"/>
  <nd ref="97396866"/>
  <nd ref="1870162731"/>
  <nd ref="7764565471"/>
  <nd ref="1870162737"/>
  <nd ref="7764565470"/>
  <nd ref="1870162743"/>
  <nd ref="7764709392"/>
  <nd ref="7764709391"/>
  <nd ref="7764565468"/>
  <nd ref="1870162744"/>
  <nd ref="7764565469"/>
  <nd ref="97343749"/>
  <nd ref="97399145"/>
  <nd ref="7764565466"/>
  <nd ref="7764565467"/>
  <nd ref="7764705672"/>
  <nd ref="7764565463"/>
  <nd ref="97346117"/>
  <nd ref="97401061"/>
  <nd ref="7764565465"/>
  <nd ref="7764565464"/>
  <nd ref="1870162789"/>
  <nd ref="7764565462"/>
  <nd ref="97348550"/>
  <nd ref="7764705673"/>
  <nd ref="7764565461"/>
  <nd ref="1870162955"/>
  <nd ref="2122632056"/>
  <nd ref="97403109"/>
  <nd ref="7764565460"/>
  <nd ref="7764565456"/>
  <nd ref="97351329"/>
  <nd ref="1870163043"/>
  <nd ref="7764565457"/>
  <nd ref="7764565459"/>
  <nd ref="1870163158"/>
  <nd ref="7764565458"/>
  <nd ref="1870163749"/>
  <nd ref="1870164141"/>
  <nd ref="7764565455"/>
  <nd ref="7764565451"/>
  <nd ref="7764565452"/>
  <nd ref="7764565450"/>
  <nd ref="1870164314"/>
  <nd ref="7764565453"/>
  <nd ref="7764565454"/>
  <nd ref="2122848574"/>
  <nd ref="2122848577"/>
  <nd ref="7764565448"/>
  <nd ref="1870164366"/>
  <nd ref="7764565449"/>
  <nd ref="97405042"/>
  <nd ref="7764565446"/>
  <nd ref="1870164253"/>
  <nd ref="7764565447"/>
  <nd ref="7764565444"/>
  <nd ref="97353837"/>
  <nd ref="7764565445"/>
  <nd ref="1870164446"/>
  <nd ref="7764709396"/>
  <nd ref="7764565442"/>
  <nd ref="7764709395"/>
  <nd ref="1870165675"/>
  <nd ref="7764565443"/>
  <nd ref="1870165037"/>
  <tag k="natural" v="coastline"/>
 </way>
 <way id="10939063" visible="true" version="11" changeset="88661160" timestamp="2020-07-29T07:36:00Z" user="ExmouthPlateau" uid="10653073">
  <nd ref="97410103"/>
  <nd ref="7654709267"/>
  <nd ref="97357246"/>
  <nd ref="7764586507"/>
  <nd ref="7654709266"/>
  <nd ref="7654709265"/>
  <nd ref="7654709264"/>
  <nd ref="97409567"/>
  <nd ref="97354936"/>
  <nd ref="97403850"/>
  <nd ref="7654709262"/>
  <nd ref="7654709263"/>
  <nd ref="7654709260"/>
  <nd ref="7654709261"/>
  <nd ref="7654709259"/>
  <nd ref="7654709258"/>
  <nd ref="1971469863"/>
  <nd ref="7654709257"/>
  <nd ref="1971469707"/>
  <nd ref="7654709254"/>
  <nd ref="7556428788"/>
  <nd ref="7654709256"/>
  <nd ref="97347066"/>
  <nd ref="7654709255"/>
  <nd ref="7556428787"/>
  <nd ref="7556428786"/>
  <nd ref="97405861"/>
  <nd ref="7654709253"/>
  <nd ref="7556428785"/>
  <nd ref="7654709252"/>
  <nd ref="1971469327"/>
  <nd ref="7654709251"/>
  <nd ref="7556410784"/>
  <nd ref="7654709248"/>
  <nd ref="7654709250"/>
  <nd ref="7654709247"/>
  <nd ref="1971469270"/>
  <nd ref="7654709249"/>
  <nd ref="7556410783"/>
  <nd ref="7654709243"/>
  <nd ref="97349673"/>
  <nd ref="7654709242"/>
  <nd ref="7654709246"/>
  <nd ref="1971469139"/>
  <nd ref="7654709245"/>
  <nd ref="7654709244"/>
  <nd ref="1971469034"/>
  <nd ref="7654709241"/>
  <nd ref="97343780"/>
  <nd ref="1971468711"/>
  <nd ref="97398971"/>
  <nd ref="7556410782"/>
  <nd ref="1971468553"/>
  <nd ref="1971468481"/>
  <nd ref="97346045"/>
  <nd ref="97401256"/>
  <nd ref="7556410781"/>
  <nd ref="1971468433"/>
  <nd ref="1971468382"/>
  <nd ref="97338983"/>
  <nd ref="97358007"/>
  <nd ref="97341313"/>
  <nd ref="97397125"/>
  <nd ref="7556410780"/>
  <nd ref="7654709240"/>
  <nd ref="1971468272"/>
  <nd ref="97354514"/>
  <nd ref="7654709239"/>
  <nd ref="7556410779"/>
  <nd ref="7556410778"/>
  <nd ref="1971468217"/>
  <nd ref="7654709238"/>
  <nd ref="7654709237"/>
  <nd ref="1971468192"/>
  <nd ref="97407052"/>
  <nd ref="1971468190"/>
  <nd ref="1971468188"/>
  <nd ref="97356315"/>
  <nd ref="7654709235"/>
  <nd ref="1971468185"/>
  <nd ref="7654709236"/>
  <nd ref="1971468186"/>
  <nd ref="7556428789"/>
  <nd ref="97409518"/>
  <nd ref="1971468189"/>
  <nd ref="97349495"/>
  <nd ref="97403672"/>
  <nd ref="1971468250"/>
  <nd ref="1971468305"/>
  <nd ref="7654709233"/>
  <nd ref="7654709234"/>
  <nd ref="97352119"/>
  <nd ref="1971468524"/>
  <nd ref="1971468596"/>
  <nd ref="7654709230"/>
  <nd ref="7654709231"/>
  <nd ref="7654709232"/>
  <nd ref="97405653"/>
  <nd ref="7654709228"/>
  <nd ref="1971468631"/>
  <nd ref="7654709229"/>
  <nd ref="1971468671"/>
  <nd ref="7654709224"/>
  <nd ref="7556428790"/>
  <nd ref="7654709225"/>
  <nd ref="1971468806"/>
  <nd ref="1971468768"/>
  <nd ref="7654709226"/>
  <nd ref="7654709227"/>
  <nd ref="1971468914"/>
  <nd ref="1971468959"/>
  <nd ref="7654709223"/>
  <nd ref="1971469068"/>
  <nd ref="7654709222"/>
  <nd ref="7556428791"/>
  <nd ref="1971469107"/>
  <nd ref="7654709220"/>
  <nd ref="7654709221"/>
  <nd ref="7654709218"/>
  <nd ref="1971469246"/>
  <nd ref="7654709219"/>
  <nd ref="97400499"/>
  <nd ref="7654709217"/>
  <nd ref="1971469515"/>
  <nd ref="97343272"/>
  <nd ref="97402644"/>
  <nd ref="1971469886"/>
  <nd ref="7654709213"/>
  <nd ref="7654709214"/>
  <nd ref="7654709215"/>
  <nd ref="7654709212"/>
  <nd ref="7654709216"/>
  <nd ref="97345676"/>
  <nd ref="7654709211"/>
  <nd ref="97396431"/>
  <nd ref="7654709206"/>
  <nd ref="7654709209"/>
  <nd ref="7654709210"/>
  <nd ref="7654709207"/>
  <nd ref="7654709208"/>
  <nd ref="1971469920"/>
  <nd ref="7654709204"/>
  <nd ref="97337651"/>
  <nd ref="7654709205"/>
  <nd ref="7654709203"/>
  <nd ref="1971470007"/>
  <nd ref="7654709202"/>
  <nd ref="1971470067"/>
  <nd ref="7654709201"/>
  <nd ref="97398258"/>
  <nd ref="7654709200"/>
  <nd ref="7654709198"/>
  <nd ref="97352561"/>
  <nd ref="7654709199"/>
  <nd ref="7654709197"/>
  <nd ref="1971470102"/>
  <nd ref="7654709196"/>
  <nd ref="7654709195"/>
  <nd ref="1971470130"/>
  <nd ref="7654709194"/>
  <nd ref="7654709192"/>
  <nd ref="7654709269"/>
  <nd ref="7654709193"/>
  <nd ref="1971470177"/>
  <nd ref="7654709268"/>
  <nd ref="7654709191"/>
  <nd ref="97410103"/>
  <tag k="alt_name" v="Ilha dos Tavares"/>
  <tag k="name" v="Ilha do Tavares"/>
  <tag k="natural" v="coastline"/>
  <tag k="place" v="islet"/>
 </way>
 <way id="103428642" visible="true" version="17" changeset="178871764" timestamp="2026-02-21T18:24:47Z" user="Pedro Souza Costa" uid="21298810">
  <nd ref="320891513"/>
  <nd ref="320891514"/>
  <nd ref="11802576869"/>
  <nd ref="320891515"/>
  <nd ref="1830310765"/>
  <tag k="highway" v="motorway"/>
  <tag k="lanes" v="2"/>
  <tag k="maxspeed" v="100"/>
  <tag k="maxspeed:hgv" v="80"/>
  <tag k="name" v="Rodovia Governador Mário Covas"/>
  <tag k="official_name" v="Rodovia Governador Mário Covas"/>
  <tag k="oneway" v="yes"/>
  <tag k="ref" v="BR-101"/>
  <tag k="surface" v="paved"/>
 </way>
 <way id="103428987" visible="true" version="1" changeset="7505353" timestamp="2011-03-09T16:58:10Z" user="Nighto" uid="12293">
  <nd ref="1194277867"/>
  <nd ref="1194277857"/>
  <nd ref="1194277860"/>
  <nd ref="1194277854"/>
  <nd ref="1194277867"/>
  <tag k="leisure" v="pitch"/>
  <tag k="source" v="Bing"/>
  <tag k="sport" v="soccer"/>
 </way>
 <way id="172091099" visible="true" version="20" changeset="178871764" timestamp="2026-02-21T18:24:47Z" user="Pedro Souza Costa" uid="21298810">
  <nd ref="1830310754"/>
  <nd ref="1870176616"/>
  <nd ref="320891516"/>
  <nd ref="1870177369"/>
  <nd ref="320891517"/>
  <nd ref="7860285752"/>
  <nd ref="7860285753"/>
  <nd ref="320891518"/>
  <nd ref="7860285754"/>
  <nd ref="7860285755"/>
  <nd ref="7860285756"/>
  <nd ref="320891519"/>
  <nd ref="320891520"/>
  <nd ref="7860285757"/>
  <nd ref="7860285758"/>
  <nd ref="7860285759"/>
  <nd ref="320891521"/>
  <nd ref="7860285760"/>
  <nd ref="7860285761"/>
  <nd ref="7860285762"/>
  <nd ref="7860285763"/>
  <nd ref="7860285764"/>
  <nd ref="320891522"/>
  <nd ref="7860285765"/>
  <nd ref="320891523"/>
  <nd ref="320891524"/>
  <nd ref="1979089570"/>
  <tag k="highway" v="motorway"/>
  <tag k="lanes" v="2"/>
  <tag k="maxspeed" v="100"/>
  <tag k="maxspeed:hgv" v="80"/>
  <tag k="name" v="Rodovia Governador Mário Covas"/>
  <tag k="official_name" v="Rodovia Governador Mário Covas"/>
  <tag k="oneway" v="yes"/>
  <tag k="ref" v="BR-101"/>
  <tag k="surface" v="paved"/>
 </way>
 <way id="172091106" visible="true" version="12" changeset="178871764" timestamp="2026-02-21T18:24:47Z" user="Pedro Souza Costa" uid="21298810">
  <nd ref="1830310765"/>
  <nd ref="1830310754"/>
  <tag k="bridge" v="viaduct"/>
  <tag k="highway" v="motorway"/>
  <tag k="lanes" v="2"/>
  <tag k="layer" v="1"/>
  <tag k="maxspeed" v="100"/>
  <tag k="maxspeed:hgv" v="80"/>
  <tag k="name" v="Rodovia Governador Mário Covas"/>
  <tag k="official_name" v="Rodovia Governador Mário Covas"/>
  <tag k="oneway" v="yes"/>
  <tag k="ref" v="BR-101"/>
  <tag k="surface" v="paved"/>
 </way>
 <way id="172091109" visible="true" version="12" changeset="178871764" timestamp="2026-02-21T18:24:47Z" user="Pedro Souza Costa" uid="21298810">
  <nd ref="1830310749"/>
  <nd ref="1830310753"/>
  <tag k="bridge" v="viaduct"/>
  <tag k="highway" v="motorway"/>
  <tag k="lanes" v="2"/>
  <tag k="layer" v="1"/>
  <tag k="maxspeed" v="100"/>
  <tag k="maxspeed:hgv" v="80"/>
  <tag k="name" v="Rodovia Governador Mário Covas"/>
  <tag k="official_name" v="Rodovia Governador Mário Covas"/>
  <tag k="oneway" v="yes"/>
  <tag k="ref" v="BR-101"/>
  <tag k="surface" v="paved"/>
 </way>
 <way id="176501818" visible="true" version="13" changeset="106180142" timestamp="2021-06-10T22:21:50Z" user="tomincolorado" uid="10304315">
  <nd ref="1870174809"/>
  <nd ref="1870175183"/>
  <nd ref="7860293211"/>
  <nd ref="1870175328"/>
  <tag k="highway" v="tertiary"/>
  <tag k="lanes" v="2"/>
  <tag k="name" v="Avenida Paiva"/>
  <tag k="surface" v="paved"/>
 </way>
 <way id="176501820" visible="true" version="10" changeset="109428754" timestamp="2021-08-09T20:57:15Z" user="Ikohl" uid="10140113">
  <nd ref="1870174875"/>
  <nd ref="7860285725"/>
  <nd ref="1870175214"/>
  <nd ref="7860285726"/>
  <nd ref="1870175352"/>
  <nd ref="1870175755"/>
  <nd ref="1870176068"/>
  <nd ref="1870176298"/>
  <nd ref="7860285728"/>
  <nd ref="1870176487"/>
  <nd ref="7860285729"/>
  <nd ref="1870176918"/>
  <nd ref="7860285727"/>
  <nd ref="1870177181"/>
  <nd ref="1870177261"/>
  <nd ref="7860285731"/>
  <nd ref="1870177314"/>
  <nd ref="7860285730"/>
  <nd ref="1870177369"/>
  <tag k="destination" v="Niterói;Rio de Janeiro"/>
  <tag k="destination:ref" v="BR-101"/>
  <tag k="highway" v="motorway_link"/>
  <tag k="lanes" v="1"/>
  <tag k="name" v="Via Marginal Governador Mário Covas"/>
  <tag k="oneway" v="yes"/>
  <tag k="surface" v="paved"/>
 </way>
 <way id="176501821" visible="true" version="12" changeset="106974938" timestamp="2021-06-25T16:58:13Z" user="Corban8" uid="4240913">
  <nd ref="1870176616"/>
  <nd ref="7860285715"/>
  <nd ref="1870177031"/>
  <nd ref="7860285716"/>
  <nd ref="1870177127"/>
  <nd ref="7860285717"/>
  <nd ref="1870177098"/>
  <nd ref="7860285718"/>
  <nd ref="7860285719"/>
  <nd ref="1870176841"/>
  <nd ref="1870176387"/>
  <nd ref="7860285720"/>
  <nd ref="7860285721"/>
  <nd ref="7860285722"/>
  <nd ref="7860285723"/>
  <nd ref="1870176254"/>
  <nd ref="1870175900"/>
  <nd ref="7860285724"/>
  <nd ref="1870175227"/>
  <nd ref="1870174990"/>
  <tag k="destination" v="Paiva;São Gonçaio;Itaboraí"/>
  <tag k="highway" v="motorway_link"/>
  <tag k="lanes" v="1"/>
  <tag k="name" v="Via Marginal Governador Mário Covas"/>
  <tag k="oneway" v="yes"/>
  <tag k="surface" v="paved"/>
 </way>
 <way id="176501838" visible="true" version="10" changeset="106180142" timestamp="2021-06-10T22:21:50Z" user="tomincolorado" uid="10304315">
  <nd ref="1870174515"/>
  <nd ref="2656149799"/>
  <nd ref="2656149800"/>
  <nd ref="1870174628"/>
  <nd ref="2656149794"/>
  <nd ref="1870174875"/>
  <nd ref="1870174960"/>
  <nd ref="1870175103"/>
  <nd ref="2656149795"/>
  <nd ref="2656149796"/>
  <nd ref="1870174990"/>
  <nd ref="1870174929"/>
  <nd ref="1870174741"/>
  <nd ref="1870174597"/>
  <nd ref="2656149797"/>
  <nd ref="1870174492"/>
  <nd ref="1870174330"/>
  <nd ref="2656149798"/>
  <nd ref="1870174022"/>
  <nd ref="1870173571"/>
  <nd ref="1870174170"/>
  <nd ref="1870174515"/>
  <tag k="highway" v="tertiary"/>
  <tag k="junction" v="roundabout"/>
  <tag k="lanes" v="1"/>
  <tag k="surface" v="paved"/>
 </way>
 <way id="176501861" visible="true" version="4" changeset="36848245" timestamp="2016-01-28T00:28:09Z" user="Skippern" uid="31385">
  <nd ref="1870174022"/>
  <nd ref="1870173300"/>
  <nd ref="1870173081"/>
  <nd ref="1870172708"/>
  <nd ref="1870172591"/>
  <nd ref="2947966130"/>
  <nd ref="2947966933"/>
  <nd ref="2947966938"/>
  <nd ref="2947966952"/>
  <nd ref="2947966962"/>
  <nd ref="2947966970"/>
  <nd ref="2947966997"/>
  <nd ref="2947967002"/>
  <nd ref="2947967025"/>
  <tag k="highway" v="service"/>
  <tag k="surface" v="paved"/>
 </way>
 <way id="176501874" visible="true" version="4" changeset="36848245" timestamp="2016-01-28T00:28:04Z" user="Skippern" uid="31385">
  <nd ref="1870174628"/>
  <nd ref="1870174788"/>
  <nd ref="1870175017"/>
  <nd ref="2947966940"/>
  <nd ref="1870176152"/>
  <nd ref="1870177156"/>
  <nd ref="2947966972"/>
  <nd ref="2947966978"/>
  <nd ref="2947966981"/>
  <nd ref="2947966962"/>
  <tag k="highway" v="service"/>
  <tag k="surface" v="paved"/>
 </way>
 <way id="186450284" visible="true" version="4" changeset="178879363" timestamp="2026-02-21T22:36:08Z" user="lucianoAF" uid="23222106">
  <nd ref="13448596760"/>
  <nd ref="13588504869"/>
  <nd ref="13411796724"/>
  <tag k="diameter" v="500"/>
  <tag k="layer" v="-1"/>
  <tag k="location" v="underwater"/>
  <tag k="man_made" v="pipeline"/>
  <tag k="seamark:type" v="pipeline_submarine"/>
  <tag k="substance" v="water"/>
 </way>
 <way id="187152697" visible="true" version="19" changeset="178871764" timestamp="2026-02-21T18:24:47Z" user="Pedro Souza Costa" uid="21298810">
  <nd ref="1979089610"/>
  <nd ref="2559695156"/>
  <nd ref="2557482145"/>
  <nd ref="345227577"/>
  <nd ref="7860293190"/>
  <nd ref="7860293189"/>
  <nd ref="7860293188"/>
  <nd ref="162960253"/>
  <nd ref="7860293187"/>
  <nd ref="164191462"/>
  <nd ref="7860293186"/>
  <nd ref="7860293185"/>
  <nd ref="7860285783"/>
  <nd ref="7860285784"/>
  <nd ref="164191464"/>
  <nd ref="7860285782"/>
  <nd ref="164191465"/>
  <nd ref="7860285781"/>
  <nd ref="164191467"/>
  <nd ref="7860285780"/>
  <nd ref="7860285779"/>
  <nd ref="7860285778"/>
  <nd ref="7860285777"/>
  <nd ref="164191468"/>
  <nd ref="7860285776"/>
  <nd ref="7860285775"/>
  <nd ref="7860285774"/>
  <nd ref="7860285773"/>
  <nd ref="7860285772"/>
  <nd ref="164191469"/>
  <nd ref="7860285771"/>
  <nd ref="4357430978"/>
  <nd ref="1830310749"/>
  <tag k="highway" v="motorway"/>
  <tag k="lanes" v="2"/>
  <tag k="maxspeed" v="100"/>
  <tag k="maxspeed:hgv" v="80"/>
  <tag k="name" v="Rodovia Governador Mário Covas"/>
  <tag k="official_name" v="Rodovia Governador Mário Covas"/>
  <tag k="oneway" v="yes"/>
  <tag k="ref" v="BR-101"/>
  <tag k="surface" v="paved"/>
 </way>
 <way id="202289722" visible="true" version="2" changeset="88663750" timestamp="2020-07-29T08:15:35Z" user="ExmouthPlateau" uid="10653073">
  <nd ref="2122632062"/>
  <nd ref="2122632063"/>
  <nd ref="2122632064"/>
  <nd ref="2122632061"/>
  <nd ref="97403109"/>
  <nd ref="2122632056"/>
  <nd ref="2122632057"/>
  <nd ref="2122632058"/>
  <nd ref="2122632059"/>
  <nd ref="2122632062"/>
  <tag k="area" v="yes"/>
  <tag k="man_made" v="pier"/>
 </way>
 <way id="202317160" visible="true" version="2" changeset="88663750" timestamp="2020-07-29T08:15:35Z" user="ExmouthPlateau" uid="10653073">
  <nd ref="2122848574"/>
  <nd ref="7764705674"/>
  <nd ref="7764705675"/>
  <nd ref="2122848594"/>
  <nd ref="2122848598"/>
  <nd ref="2122848577"/>
  <nd ref="2122848574"/>
  <tag k="area" v="yes"/>
  <tag k="man_made" v="pier"/>
 </way>
 <way id="202317778" visible="true" version="3" changeset="118866031" timestamp="2022-03-24T13:49:18Z" user="DressyPear4" uid="3984659">
  <nd ref="2122859489"/>
  <nd ref="2122859493"/>
  <nd ref="2122859503"/>
  <nd ref="2122859496"/>
  <nd ref="2122859489"/>
  <tag k="building" v="industrial"/>
 </way>
 <way id="202317783" visible="true" version="1" changeset="14737179" timestamp="2013-01-21T19:14:44Z" user="Alexandrecw" uid="893594">
  <nd ref="2122859494"/>
  <nd ref="2122859504"/>
  <nd ref="2122859506"/>
  <nd ref="2122859501"/>
  <nd ref="2122859494"/>
  <tag k="building" v="yes"/>
 </way>
 <way id="202552368" visible="true" version="1" changeset="14758001" timestamp="2013-01-23T14:46:08Z" user="Alexandrecw" uid="893594">
  <nd ref="2125167370"/>
  <nd ref="2125167358"/>
  <nd ref="2125167353"/>
  <nd ref="2125167355"/>
  <nd ref="2125167359"/>
  <nd ref="2125167360"/>
  <nd ref="2125167367"/>
  <nd ref="2125167369"/>
  <nd ref="2125167376"/>
  <nd ref="2125167378"/>
  <nd ref="2125167370"/>
  <tag k="landuse" v="grass"/>
 </way>
 <way id="202552374" visible="true" version="3" changeset="178458636" timestamp="2026-02-12T13:38:51Z" user="DressyPear4" uid="3984659">
  <nd ref="2125167383"/>
  <nd ref="2125167414"/>
  <nd ref="2125167408"/>
  <nd ref="2125167405"/>
  <nd ref="2125167406"/>
  <nd ref="2125167417"/>
  <nd ref="2125167422"/>
  <nd ref="2125167455"/>
  <nd ref="9088948947"/>
  <nd ref="9088948948"/>
  <nd ref="9088948949"/>
  <nd ref="9088948951"/>
  <nd ref="9088948950"/>
  <nd ref="9088948952"/>
  <nd ref="2125167494"/>
  <nd ref="9088948953"/>
  <nd ref="9088948954"/>
  <nd ref="9088948955"/>
  <nd ref="9088948956"/>
  <nd ref="2125167550"/>
  <nd ref="9088948957"/>
  <nd ref="9088948958"/>
  <nd ref="9088948959"/>
  <nd ref="9088948960"/>
  <nd ref="2125167525"/>
  <nd ref="9088948961"/>
  <nd ref="9088948962"/>
  <nd ref="9088948963"/>
  <nd ref="2125167519"/>
  <nd ref="9088948964"/>
  <nd ref="2125167532"/>
  <nd ref="2125167502"/>
  <nd ref="9088948965"/>
  <nd ref="9088948966"/>
  <nd ref="2125167504"/>
  <nd ref="2125167511"/>
  <nd ref="2125167516"/>
  <nd ref="2125167514"/>
  <nd ref="2125167491"/>
  <nd ref="9088948967"/>
  <nd ref="9088948968"/>
  <nd ref="9088948969"/>
  <nd ref="9088948970"/>
  <nd ref="2125167442"/>
  <nd ref="2125167419"/>
  <nd ref="9088948971"/>
  <nd ref="2125167411"/>
  <nd ref="13546263143"/>
  <nd ref="13546263142"/>
  <nd ref="13546263141"/>
  <nd ref="2125167383"/>
  <tag k="natural" v="scrub"/>
 </way>
 <way id="249350741" visible="true" version="5" changeset="106223149" timestamp="2021-06-11T15:48:05Z" user="tomincolorado" uid="10304315">
  <nd ref="1870174836"/>
  <nd ref="1870175040"/>
  <nd ref="1870175122"/>
  <nd ref="1870175183"/>
  <tag k="highway" v="motorway_link"/>
  <tag k="lanes" v="1"/>
  <tag k="name" v="Via Marginal Governador Mário Covas"/>
  <tag k="oneway" v="yes"/>
  <tag k="surface" v="paved"/>
 </way>
 <way id="251532019" visible="true" version="6" changeset="176607130" timestamp="2025-12-30T03:07:12Z" user="lucianoAF" uid="23222106">
  <nd ref="97357606"/>
  <nd ref="6487131446"/>
  <nd ref="6487131445"/>
  <nd ref="6487131444"/>
  <nd ref="6487131443"/>
  <nd ref="6487131442"/>
  <nd ref="97341584"/>
  <nd ref="6487131441"/>
  <nd ref="6487131440"/>
  <nd ref="6487131439"/>
  <nd ref="97346246"/>
  <nd ref="6487131438"/>
  <nd ref="6487131437"/>
  <nd ref="97400882"/>
  <nd ref="6487131436"/>
  <nd ref="6487131435"/>
  <nd ref="148178483"/>
  <nd ref="6487131434"/>
  <nd ref="6487131433"/>
  <nd ref="7764729394"/>
  <nd ref="6487131432"/>
  <nd ref="320958357"/>
  <nd ref="6487131431"/>
  <nd ref="7764729395"/>
  <nd ref="97403816"/>
  <nd ref="6487131430"/>
  <nd ref="6487131429"/>
  <nd ref="6487131428"/>
  <nd ref="7764729397"/>
  <nd ref="320958356"/>
  <nd ref="7764729398"/>
  <nd ref="7764729399"/>
  <nd ref="7764729396"/>
  <nd ref="7764729401"/>
  <nd ref="97347021"/>
  <nd ref="7764729400"/>
  <nd ref="320958355"/>
  <nd ref="13417219212"/>
  <nd ref="13417219211"/>
  <nd ref="2577407877"/>
  <nd ref="6487131427"/>
  <nd ref="6487131426"/>
  <nd ref="2577407879"/>
  <nd ref="6487143555"/>
  <nd ref="2577407880"/>
  <nd ref="2577407881"/>
  <nd ref="2577407882"/>
  <nd ref="2577407883"/>
  <nd ref="2577407884"/>
  <nd ref="2577407885"/>
  <nd ref="2577407886"/>
  <nd ref="13417219214"/>
  <nd ref="2577407887"/>
  <nd ref="6487143556"/>
  <nd ref="2577407888"/>
  <nd ref="2577407889"/>
  <nd ref="6487143557"/>
  <nd ref="13095325111"/>
  <nd ref="2577407890"/>
  <nd ref="6487143558"/>
  <nd ref="2577407891"/>
  <nd ref="2577407892"/>
  <nd ref="2577407893"/>
  <nd ref="6487131447"/>
  <nd ref="97357606"/>
  <tag k="natural" v="wood"/>
 </way>
 <way id="251532024" visible="true" version="6" changeset="174981909" timestamp="2025-11-22T10:17:40Z" user="lucianoAF" uid="23222106">
  <nd ref="2577407896"/>
  <nd ref="2577407897"/>
  <nd ref="6487131466"/>
  <nd ref="2577407898"/>
  <nd ref="2577407899"/>
  <nd ref="2577407900"/>
  <nd ref="2577407901"/>
  <nd ref="13095325110"/>
  <nd ref="2577407902"/>
  <nd ref="6487143553"/>
  <nd ref="2577407903"/>
  <nd ref="2577407904"/>
  <nd ref="2577407905"/>
  <nd ref="2577407906"/>
  <nd ref="6487131473"/>
  <nd ref="2577407907"/>
  <nd ref="2577407908"/>
  <nd ref="6487131472"/>
  <nd ref="6487131471"/>
  <nd ref="2577407909"/>
  <nd ref="2577407910"/>
  <nd ref="13323767093"/>
  <nd ref="13194889318"/>
  <nd ref="2577407911"/>
  <nd ref="2577407912"/>
  <nd ref="2577407913"/>
  <nd ref="2577407914"/>
  <nd ref="2577407896"/>
  <tag k="natural" v="wood"/>
 </way>
 <way id="253826116" visible="true" version="2" changeset="20627662" timestamp="2014-02-18T00:41:01Z" user="Helio Coutinho" uid="1819774">
  <nd ref="2597058849"/>
  <nd ref="2597058811"/>
  <nd ref="2597058800"/>
  <nd ref="2597058822"/>
  <nd ref="2597058831"/>
  <nd ref="2597058821"/>
  <nd ref="2597058820"/>
  <nd ref="2597058824"/>
  <nd ref="2597058829"/>
  <nd ref="2597058834"/>
  <nd ref="2597058846"/>
  <nd ref="2597058849"/>
  <tag k="landuse" v="residential"/>
  <tag k="name" v="Fábrica"/>
  <tag k="source" v="IBGE"/>
 </way>
 <way id="260442289" visible="true" version="5" changeset="144384218" timestamp="2023-11-23T21:30:58Z" user="Marcos_Itba_Kaart" uid="12689837">
  <nd ref="1870174929"/>
  <nd ref="1870174908"/>
  <nd ref="1870174809"/>
  <tag k="highway" v="tertiary"/>
  <tag k="lanes" v="1"/>
  <tag k="name" v="Via Marginal Governador Mário Covas"/>
  <tag k="oneway" v="yes"/>
  <tag k="surface" v="paved"/>
 </way>
 <way id="287373384" visible="true" version="1" changeset="22858193" timestamp="2014-06-10T20:16:52Z" user="Skippern" uid="31385">
  <nd ref="2909872557"/>
  <nd ref="2909872555"/>
  <nd ref="2909872552"/>
  <nd ref="2909872553"/>
  <tag k="seamark:type" v="recommended_track"/>
 </way>
 <way id="287373388" visible="true" version="3" changeset="178879363" timestamp="2026-02-21T22:36:08Z" user="lucianoAF" uid="23222106">
  <nd ref="1971472998"/>
  <nd ref="2910189545"/>
  <nd ref="13417219203"/>
  <nd ref="1971470675"/>
  <nd ref="13417219202"/>
  <nd ref="2909871049"/>
  <nd ref="1971470036"/>
  <nd ref="1971470269"/>
  <nd ref="1971472213"/>
  <nd ref="13588504869"/>
  <nd ref="2909872561"/>
  <nd ref="1971473015"/>
  <nd ref="1971472998"/>
  <tag k="seamark:restricted_area:restriction" v="no_entry"/>
  <tag k="seamark:type" v="restricted_area"/>
 </way>
 <way id="287373394" visible="true" version="3" changeset="178879363" timestamp="2026-02-21T22:36:08Z" user="lucianoAF" uid="23222106">
  <nd ref="2909872455"/>
  <nd ref="2909872460"/>
  <nd ref="2909872564"/>
  <nd ref="1971473015"/>
  <nd ref="2909872561"/>
  <nd ref="2909872559"/>
  <nd ref="13588504869"/>
  <nd ref="2909872560"/>
  <tag k="seamark:type" v="restricted_area"/>
 </way>
 <way id="290395996" visible="true" version="1" changeset="23273220" timestamp="2014-06-29T16:17:06Z" user="Alexandrecw" uid="893594">
  <nd ref="2939280971"/>
  <nd ref="2939280973"/>
  <nd ref="2939280975"/>
  <nd ref="2939280974"/>
  <nd ref="2939280971"/>
  <tag k="building" v="yes"/>
 </way>
 <way id="290395998" visible="true" version="1" changeset="23273220" timestamp="2014-06-29T16:17:06Z" user="Alexandrecw" uid="893594">
  <nd ref="2939280968"/>
  <nd ref="2939280969"/>
  <nd ref="2939280972"/>
  <nd ref="2939280970"/>
  <nd ref="2939280968"/>
  <tag k="building" v="yes"/>
 </way>
 <way id="290396001" visible="true" version="3" changeset="88663750" timestamp="2020-07-29T08:15:35Z" user="ExmouthPlateau" uid="10653073">
  <nd ref="1870168198"/>
  <nd ref="2939280173"/>
  <nd ref="2939280174"/>
  <nd ref="2939280175"/>
  <nd ref="2939280176"/>
  <nd ref="2939280177"/>
  <nd ref="2939280178"/>
  <nd ref="2939280179"/>
  <nd ref="2939280180"/>
  <nd ref="2939280181"/>
  <nd ref="2939280182"/>
  <nd ref="2939280183"/>
  <nd ref="2939280184"/>
  <nd ref="2939280188"/>
  <nd ref="2939280193"/>
  <nd ref="2939280189"/>
  <nd ref="2939280186"/>
  <nd ref="2939280187"/>
  <nd ref="2939280185"/>
  <nd ref="2939280190"/>
  <nd ref="2939280191"/>
  <nd ref="2939280194"/>
  <nd ref="2939280196"/>
  <nd ref="2939280197"/>
  <nd ref="2939280198"/>
  <nd ref="2939280200"/>
  <nd ref="2939280602"/>
  <nd ref="2939280604"/>
  <nd ref="2939280606"/>
  <nd ref="2939280607"/>
  <nd ref="2939280609"/>
  <nd ref="2939280611"/>
  <nd ref="2939280612"/>
  <nd ref="2939280614"/>
  <nd ref="2939280616"/>
  <nd ref="2939280625"/>
  <nd ref="2939280631"/>
  <nd ref="2939280635"/>
  <nd ref="2939280637"/>
  <nd ref="2939280638"/>
  <nd ref="2939280642"/>
  <nd ref="2939280643"/>
  <nd ref="2939280647"/>
  <nd ref="2939280651"/>
  <nd ref="2939280653"/>
  <nd ref="2939280659"/>
  <nd ref="2939280662"/>
  <nd ref="2939280667"/>
  <nd ref="2939280673"/>
  <nd ref="2939280679"/>
  <nd ref="2939280682"/>
  <nd ref="2939280687"/>
  <nd ref="2939280696"/>
  <nd ref="2939280698"/>
  <nd ref="2939280803"/>
  <nd ref="2939280810"/>
  <nd ref="2939280816"/>
  <nd ref="2939280820"/>
  <nd ref="2939280819"/>
  <nd ref="2939280813"/>
  <nd ref="2939280808"/>
  <nd ref="2939280814"/>
  <nd ref="2939280812"/>
  <nd ref="2939280801"/>
  <nd ref="2939280691"/>
  <nd ref="2939280685"/>
  <nd ref="2939280684"/>
  <nd ref="2939280690"/>
  <nd ref="2939280697"/>
  <nd ref="2939280802"/>
  <nd ref="2939280807"/>
  <nd ref="2939280815"/>
  <nd ref="2939280822"/>
  <nd ref="2939280827"/>
  <nd ref="2939280831"/>
  <nd ref="2939280836"/>
  <nd ref="2939280842"/>
  <nd ref="2939280851"/>
  <nd ref="2939280859"/>
  <nd ref="2939280865"/>
  <nd ref="2939280871"/>
  <nd ref="2939280877"/>
  <nd ref="2939280883"/>
  <nd ref="2939280890"/>
  <nd ref="2939280892"/>
  <nd ref="1870170043"/>
  <nd ref="7764709421"/>
  <nd ref="7764709423"/>
  <nd ref="1870169965"/>
  <nd ref="7764709422"/>
  <nd ref="2939280896"/>
  <nd ref="2939280889"/>
  <nd ref="2939280880"/>
  <nd ref="2939280879"/>
  <nd ref="2939280874"/>
  <nd ref="2939280867"/>
  <nd ref="2939280852"/>
  <nd ref="2939280844"/>
  <nd ref="2939280849"/>
  <nd ref="2939280848"/>
  <nd ref="2939280834"/>
  <nd ref="2939280825"/>
  <nd ref="2939280824"/>
  <nd ref="2939280829"/>
  <nd ref="2939280838"/>
  <nd ref="2939280846"/>
  <nd ref="2939280855"/>
  <nd ref="2939280864"/>
  <nd ref="2939280866"/>
  <nd ref="2939280870"/>
  <nd ref="2939280869"/>
  <nd ref="2939280872"/>
  <nd ref="2939280878"/>
  <nd ref="2939280875"/>
  <nd ref="2939280873"/>
  <nd ref="2939280882"/>
  <nd ref="2939280885"/>
  <nd ref="2939280891"/>
  <nd ref="2939280894"/>
  <nd ref="2939280897"/>
  <nd ref="2939280898"/>
  <nd ref="2939280900"/>
  <nd ref="2939280902"/>
  <nd ref="7764709410"/>
  <nd ref="7764709425"/>
  <nd ref="7764709424"/>
  <nd ref="97407452"/>
  <nd ref="2939280911"/>
  <nd ref="2939280909"/>
  <nd ref="2939280906"/>
  <nd ref="2939280907"/>
  <nd ref="2939280904"/>
  <nd ref="2939280901"/>
  <nd ref="2939280895"/>
  <nd ref="2939280887"/>
  <nd ref="2939280884"/>
  <nd ref="2939280881"/>
  <nd ref="2939280886"/>
  <nd ref="2939280893"/>
  <nd ref="2939280899"/>
  <nd ref="2939280903"/>
  <nd ref="2939280905"/>
  <nd ref="2939280908"/>
  <nd ref="2939280910"/>
  <nd ref="97351855"/>
  <nd ref="7764709409"/>
  <nd ref="7764705681"/>
  <nd ref="1870169817"/>
  <nd ref="7764705680"/>
  <nd ref="97403782"/>
  <nd ref="2939280693"/>
  <nd ref="2939280692"/>
  <nd ref="2939280688"/>
  <nd ref="2939280683"/>
  <nd ref="2939280680"/>
  <nd ref="1870169775"/>
  <nd ref="2939280666"/>
  <nd ref="2939280668"/>
  <nd ref="7764709408"/>
  <nd ref="2939280645"/>
  <nd ref="2939280633"/>
  <nd ref="2939280630"/>
  <nd ref="2939280624"/>
  <nd ref="1870169499"/>
  <nd ref="7764709407"/>
  <nd ref="7764709406"/>
  <nd ref="1870169325"/>
  <nd ref="1870169257"/>
  <nd ref="7764709401"/>
  <nd ref="1870169154"/>
  <nd ref="1870168935"/>
  <nd ref="7764709403"/>
  <nd ref="1870168975"/>
  <nd ref="1870169200"/>
  <nd ref="1870169291"/>
  <nd ref="7764709402"/>
  <nd ref="7764709405"/>
  <nd ref="7764709404"/>
  <nd ref="1870169360"/>
  <nd ref="1870169437"/>
  <nd ref="1870169472"/>
  <nd ref="1870169572"/>
  <nd ref="1870169599"/>
  <nd ref="1870169655"/>
  <nd ref="1870169622"/>
  <nd ref="1870169695"/>
  <nd ref="1870169737"/>
  <nd ref="1870169708"/>
  <nd ref="7764565426"/>
  <nd ref="97409099"/>
  <nd ref="7764565425"/>
  <nd ref="2939280648"/>
  <nd ref="7764565427"/>
  <nd ref="1870169378"/>
  <nd ref="7764709400"/>
  <nd ref="7764565429"/>
  <nd ref="7764565430"/>
  <nd ref="7764565428"/>
  <nd ref="1870169099"/>
  <nd ref="7764565432"/>
  <nd ref="147436833"/>
  <nd ref="7764565433"/>
  <nd ref="7764565431"/>
  <nd ref="1870168788"/>
  <nd ref="1870168907"/>
  <nd ref="1870168686"/>
  <nd ref="1870168581"/>
  <nd ref="7764565434"/>
  <nd ref="7764705677"/>
  <nd ref="97356699"/>
  <nd ref="7764565435"/>
  <nd ref="7764705678"/>
  <nd ref="1870168198"/>
  <tag k="natural" v="wood"/>
 </way>
 <way id="291250326" visible="true" version="1" changeset="23909802" timestamp="2014-07-03T22:32:30Z" user="Nighto" uid="12293">
  <nd ref="2946697681"/>
  <nd ref="2946697672"/>
  <tag k="man_made" v="pier"/>
 </way>
 <way id="291250917" visible="true" version="4" changeset="41555094" timestamp="2016-08-19T12:22:14Z" user="ThiagoPv" uid="502691">
  <nd ref="97400550"/>
  <nd ref="1870171231"/>
  <nd ref="1870171867"/>
  <nd ref="1870172497"/>
  <nd ref="97343259"/>
  <nd ref="97401304"/>
  <nd ref="1870174414"/>
  <nd ref="1870174691"/>
  <nd ref="1870174575"/>
  <nd ref="1870175450"/>
  <nd ref="97348642"/>
  <nd ref="2947966935"/>
  <nd ref="1870176971"/>
  <nd ref="2947966975"/>
  <nd ref="2947967004"/>
  <nd ref="2947967012"/>
  <nd ref="2947967021"/>
  <nd ref="1870177443"/>
  <nd ref="1870177474"/>
  <nd ref="2947967173"/>
  <nd ref="2947967200"/>
  <nd ref="2947967221"/>
  <nd ref="1870177521"/>
  <nd ref="1870177833"/>
  <nd ref="97404395"/>
  <nd ref="97406742"/>
  <nd ref="1870177928"/>
  <nd ref="97350869"/>
  <nd ref="1870178081"/>
  <nd ref="1870178246"/>
  <nd ref="97408652"/>
  <nd ref="1870178424"/>
  <nd ref="1870178374"/>
  <nd ref="1870178325"/>
  <nd ref="1870178357"/>
  <nd ref="97353278"/>
  <nd ref="1870178152"/>
  <nd ref="97410204"/>
  <nd ref="1870177999"/>
  <nd ref="1870177968"/>
  <nd ref="1870177905"/>
  <nd ref="2946710444"/>
  <nd ref="2946710445"/>
  <nd ref="2946710446"/>
  <nd ref="2946710447"/>
  <nd ref="2946710448"/>
  <nd ref="2946710449"/>
  <nd ref="2946710450"/>
  <nd ref="2946710451"/>
  <nd ref="2946710452"/>
  <nd ref="2946710453"/>
  <nd ref="2946710454"/>
  <nd ref="2946710455"/>
  <nd ref="2946710456"/>
  <nd ref="2946710457"/>
  <nd ref="2947966111"/>
  <nd ref="2947966104"/>
  <nd ref="2946710458"/>
  <nd ref="2946710459"/>
  <nd ref="2946710460"/>
  <nd ref="2946710461"/>
  <nd ref="2947966086"/>
  <nd ref="2946710462"/>
  <nd ref="2946710463"/>
  <nd ref="2946710464"/>
  <nd ref="2946710465"/>
  <nd ref="2947966070"/>
  <nd ref="1870170887"/>
  <nd ref="1870170936"/>
  <nd ref="1870170763"/>
  <nd ref="97340577"/>
  <nd ref="1870171164"/>
  <nd ref="97400550"/>
  <tag k="landuse" v="military"/>
  <tag k="name" v="Ilha das Flores"/>
 </way>
 <way id="291338754" visible="true" version="1" changeset="23952765" timestamp="2014-07-04T15:06:35Z" user="Alexandrecw" uid="893594">
  <nd ref="2947966099"/>
  <nd ref="2947966107"/>
  <nd ref="2947966127"/>
  <nd ref="2947966121"/>
  <nd ref="2947966099"/>
  <tag k="building" v="yes"/>
 </way>
 <way id="291338755" visible="true" version="1" changeset="23952765" timestamp="2014-07-04T15:06:36Z" user="Alexandrecw" uid="893594">
  <nd ref="2947966114"/>
  <nd ref="2947966115"/>
  <nd ref="2947966125"/>
  <nd ref="2947966120"/>
  <nd ref="2947966114"/>
  <tag k="building" v="yes"/>
 </way>
 <way id="291338756" visible="true" version="1" changeset="23952765" timestamp="2014-07-04T15:06:36Z" user="Alexandrecw" uid="893594">
  <nd ref="2947966117"/>
  <nd ref="2947966119"/>
  <nd ref="2947966132"/>
  <nd ref="2947966131"/>
  <nd ref="2947966117"/>
  <tag k="building" v="yes"/>
 </way>
 <way id="291338758" visible="true" version="1" changeset="23952765" timestamp="2014-07-04T15:06:36Z" user="Alexandrecw" uid="893594">
  <nd ref="2947966093"/>
  <nd ref="2947966098"/>
  <nd ref="2947966124"/>
  <nd ref="2947966118"/>
  <nd ref="2947966093"/>
  <tag k="building" v="yes"/>
 </way>
 <way id="291338759" visible="true" version="1" changeset="23952765" timestamp="2014-07-04T15:06:36Z" user="Alexandrecw" uid="893594">
  <nd ref="2947967147"/>
  <nd ref="2947967152"/>
  <nd ref="2947967155"/>
  <nd ref="2947967150"/>
  <nd ref="2947967147"/>
  <tag k="building" v="yes"/>
 </way>
 <way id="291338761" visible="true" version="1" changeset="23952765" timestamp="2014-07-04T15:06:36Z" user="Alexandrecw" uid="893594">
  <nd ref="2947966977"/>
  <nd ref="2947966984"/>
  <nd ref="2947966988"/>
  <nd ref="2947966983"/>
  <nd ref="2947966977"/>
  <tag k="building" v="yes"/>
 </way>
 <way id="291338762" visible="true" version="1" changeset="23952765" timestamp="2014-07-04T15:06:36Z" user="Alexandrecw" uid="893594">
  <nd ref="2947967134"/>
  <nd ref="2947967144"/>
  <nd ref="2947967154"/>
  <nd ref="2947967145"/>
  <nd ref="2947967134"/>
  <tag k="building" v="yes"/>
 </way>
 <way id="291338763" visible="true" version="1" changeset="23952765" timestamp="2014-07-04T15:06:36Z" user="Alexandrecw" uid="893594">
  <nd ref="2947967148"/>
  <nd ref="2947967151"/>
  <nd ref="2947967175"/>
  <nd ref="2947967161"/>
  <nd ref="2947967148"/>
  <tag k="building" v="yes"/>
 </way>
 <way id="291338766" visible="true" version="1" changeset="23952765" timestamp="2014-07-04T15:06:36Z" user="Alexandrecw" uid="893594">
  <nd ref="2947967014"/>
  <nd ref="2947967022"/>
  <nd ref="2947967032"/>
  <nd ref="2947967024"/>
  <nd ref="2947967014"/>
  <tag k="building" v="yes"/>
 </way>
 <way id="291338768" visible="true" version="1" changeset="23952765" timestamp="2014-07-04T15:06:36Z" user="Alexandrecw" uid="893594">
  <nd ref="2947966083"/>
  <nd ref="2947966079"/>
  <nd ref="2947966080"/>
  <nd ref="2947966089"/>
  <nd ref="2947966083"/>
  <tag k="building" v="yes"/>
 </way>
 <way id="291338769" visible="true" version="1" changeset="23952765" timestamp="2014-07-04T15:06:36Z" user="Alexandrecw" uid="893594">
  <nd ref="2947966985"/>
  <nd ref="2947966990"/>
  <nd ref="2947966998"/>
  <nd ref="2947966994"/>
  <nd ref="2947966985"/>
  <tag k="building" v="yes"/>
 </way>
 <way id="291338771" visible="true" version="1" changeset="23952765" timestamp="2014-07-04T15:06:37Z" user="Alexandrecw" uid="893594">
  <nd ref="2947966966"/>
  <nd ref="2947966968"/>
  <nd ref="2947966979"/>
  <nd ref="2947966973"/>
  <nd ref="2947966966"/>
  <tag k="building" v="yes"/>
 </way>
 <way id="291338773" visible="true" version="1" changeset="23952765" timestamp="2014-07-04T15:06:37Z" user="Alexandrecw" uid="893594">
  <nd ref="2947966980"/>
  <nd ref="2947966987"/>
  <nd ref="2947966991"/>
  <nd ref="2947966986"/>
  <nd ref="2947966980"/>
  <tag k="building" v="yes"/>
 </way>
 <way id="291338774" visible="true" version="1" changeset="23952765" timestamp="2014-07-04T15:06:37Z" user="Alexandrecw" uid="893594">
  <nd ref="2947966995"/>
  <nd ref="2947966999"/>
  <nd ref="2947967020"/>
  <nd ref="2947967017"/>
  <nd ref="2947966995"/>
  <tag k="building" v="yes"/>
 </way>
 <way id="291338776" visible="true" version="1" changeset="23952765" timestamp="2014-07-04T15:06:37Z" user="Alexandrecw" uid="893594">
  <nd ref="2947966958"/>
  <nd ref="2947966959"/>
  <nd ref="2947966964"/>
  <nd ref="2947966961"/>
  <nd ref="2947966958"/>
  <tag k="building" v="yes"/>
 </way>
 <way id="291338780" visible="true" version="1" changeset="23952765" timestamp="2014-07-04T15:06:37Z" user="Alexandrecw" uid="893594">
  <nd ref="2947966105"/>
  <nd ref="2947966126"/>
  <nd ref="2947966122"/>
  <nd ref="2947966100"/>
  <nd ref="2947966095"/>
  <nd ref="2947966090"/>
  <nd ref="2947966103"/>
  <nd ref="2947966109"/>
  <nd ref="2947966105"/>
  <tag k="building" v="yes"/>
 </way>
 <way id="291338781" visible="true" version="1" changeset="23952765" timestamp="2014-07-04T15:06:37Z" user="Alexandrecw" uid="893594">
  <nd ref="2947966950"/>
  <nd ref="2947966956"/>
  <nd ref="2947966955"/>
  <nd ref="2947966957"/>
  <nd ref="2947966953"/>
  <nd ref="2947966945"/>
  <nd ref="2947966947"/>
  <nd ref="2947966949"/>
  <nd ref="2947966950"/>
  <tag k="building" v="yes"/>
 </way>
 <way id="291338782" visible="true" version="1" changeset="23952765" timestamp="2014-07-04T15:06:37Z" user="Alexandrecw" uid="893594">
  <nd ref="2947966992"/>
  <nd ref="2947966982"/>
  <nd ref="2947966976"/>
  <nd ref="2947966969"/>
  <nd ref="2947966965"/>
  <nd ref="2947966942"/>
  <nd ref="2947966939"/>
  <nd ref="2947966941"/>
  <nd ref="2947966946"/>
  <nd ref="2947966944"/>
  <nd ref="2947966943"/>
  <nd ref="2947966948"/>
  <nd ref="2947966952"/>
  <tag k="highway" v="service"/>
 </way>
 <way id="291338784" visible="true" version="1" changeset="23952765" timestamp="2014-07-04T15:06:37Z" user="Alexandrecw" uid="893594">
  <nd ref="1870172591"/>
  <nd ref="2947966072"/>
  <nd ref="2947966071"/>
  <nd ref="2947966073"/>
  <nd ref="2947966074"/>
  <nd ref="2947966076"/>
  <nd ref="2947966077"/>
  <nd ref="2947966081"/>
  <nd ref="2947966082"/>
  <nd ref="2947966091"/>
  <nd ref="2947966096"/>
  <nd ref="2947966102"/>
  <nd ref="2947966088"/>
  <tag k="highway" v="service"/>
 </way>
 <way id="291338785" visible="true" version="1" changeset="23952765" timestamp="2014-07-04T15:06:37Z" user="Alexandrecw" uid="893594">
  <nd ref="2947966076"/>
  <nd ref="2947966075"/>
  <nd ref="2947966078"/>
  <nd ref="2947966084"/>
  <nd ref="2947966087"/>
  <nd ref="2947966092"/>
  <nd ref="2947966097"/>
  <nd ref="2947966108"/>
  <nd ref="2947966113"/>
  <nd ref="2947966112"/>
  <nd ref="2947966110"/>
  <nd ref="2947966106"/>
  <nd ref="2947966116"/>
  <tag k="highway" v="service"/>
 </way>
 <way id="291338787" visible="true" version="2" changeset="66971082" timestamp="2019-02-06T17:36:33Z" user="telemetria pepsico" uid="8778605">
  <nd ref="2947966082"/>
  <nd ref="2947966085"/>
  <nd ref="2947966088"/>
  <nd ref="6262244304"/>
  <nd ref="6262244305"/>
  <nd ref="2947966094"/>
  <nd ref="2947966101"/>
  <nd ref="2947966123"/>
  <nd ref="2947966128"/>
  <nd ref="2947966129"/>
  <nd ref="2947966934"/>
  <nd ref="2947966937"/>
  <nd ref="2947966946"/>
  <nd ref="2947966954"/>
  <nd ref="2947966967"/>
  <tag k="highway" v="residential"/>
  <tag k="maxspeed" v="40"/>
  <tag k="name" v="Avenida Paiva, Neves 1"/>
 </way>
 <way id="291338788" visible="true" version="1" changeset="23952765" timestamp="2014-07-04T15:06:38Z" user="Alexandrecw" uid="893594">
  <nd ref="2947967140"/>
  <nd ref="2947967142"/>
  <nd ref="2947967228"/>
  <nd ref="2947967231"/>
  <nd ref="2947967335"/>
  <nd ref="2947967337"/>
  <nd ref="2947967338"/>
  <nd ref="2947967336"/>
  <nd ref="2947967232"/>
  <nd ref="2947967149"/>
  <nd ref="2947967143"/>
  <nd ref="2947967141"/>
  <nd ref="2947967138"/>
  <nd ref="2947967137"/>
  <nd ref="2947967140"/>
  <tag k="fixme" v="Runing way??"/>
  <tag k="highway" v="footway"/>
 </way>
 <way id="291338791" visible="true" version="1" changeset="23952765" timestamp="2014-07-04T15:06:38Z" user="Alexandrecw" uid="893594">
  <nd ref="2947967153"/>
  <nd ref="2947967019"/>
  <tag k="highway" v="service"/>
 </way>
 <way id="291338792" visible="true" version="1" changeset="23952765" timestamp="2014-07-04T15:06:38Z" user="Alexandrecw" uid="893594">
  <nd ref="2947967136"/>
  <nd ref="2947967011"/>
  <tag k="highway" v="service"/>
 </way>
 <way id="291338794" visible="true" version="2" changeset="121444227" timestamp="2022-05-24T20:28:24Z" user="Fidelis Assis" uid="1675654">
  <nd ref="2947967008"/>
  <nd ref="2947967031"/>
  <nd ref="2947967146"/>
  <nd ref="2947967334"/>
  <nd ref="2947967340"/>
  <nd ref="2947967343"/>
  <nd ref="2947967357"/>
  <nd ref="2947967379"/>
  <nd ref="2947967380"/>
  <nd ref="2947967382"/>
  <nd ref="2947967393"/>
  <nd ref="2947967399"/>
  <nd ref="2947967418"/>
  <nd ref="2947967427"/>
  <nd ref="2947967433"/>
  <nd ref="2947967457"/>
  <nd ref="2947967463"/>
  <nd ref="2947967466"/>
  <nd ref="2947967468"/>
  <nd ref="2947967464"/>
  <tag k="highway" v="service"/>
 </way>
 <way id="291338799" visible="true" version="1" changeset="23952765" timestamp="2014-07-04T15:06:38Z" user="Alexandrecw" uid="893594">
  <nd ref="2947966997"/>
  <nd ref="2947967011"/>
  <nd ref="2947967019"/>
  <nd ref="2947967023"/>
  <nd ref="2947967027"/>
  <nd ref="2947967029"/>
  <nd ref="2947967031"/>
  <tag k="highway" v="service"/>
 </way>
 <way id="291338800" visible="true" version="1" changeset="23952765" timestamp="2014-07-04T15:06:38Z" user="Alexandrecw" uid="893594">
  <nd ref="2947966940"/>
  <nd ref="2947966960"/>
  <nd ref="2947966993"/>
  <nd ref="2947967000"/>
  <nd ref="2947967008"/>
  <nd ref="2947967018"/>
  <nd ref="2947967029"/>
  <tag k="highway" v="service"/>
 </way>
 <way id="291338805" visible="true" version="1" changeset="23952765" timestamp="2014-07-04T15:06:39Z" user="Alexandrecw" uid="893594">
  <nd ref="2947967026"/>
  <nd ref="2947967133"/>
  <nd ref="2947967135"/>
  <nd ref="2947967028"/>
  <nd ref="2947967026"/>
  <tag k="leisure" v="swimming_pool"/>
 </way>
 <way id="291338806" visible="true" version="2" changeset="50818584" timestamp="2017-08-03T19:32:23Z" user="erickdeoliveiraleal" uid="463504">
  <nd ref="2947967025"/>
  <nd ref="2947967030"/>
  <nd ref="2947967139"/>
  <nd ref="2947967333"/>
  <tag k="highway" v="residential"/>
 </way>
 <way id="291338808" visible="true" version="1" changeset="23952765" timestamp="2014-07-04T15:06:39Z" user="Alexandrecw" uid="893594">
  <nd ref="2947966996"/>
  <nd ref="2947967001"/>
  <nd ref="2947967006"/>
  <nd ref="2947967005"/>
  <nd ref="2947966996"/>
 </way>
 <way id="291338810" visible="true" version="1" changeset="23952765" timestamp="2014-07-04T15:06:39Z" user="Alexandrecw" uid="893594">
  <nd ref="2947966989"/>
  <nd ref="2947967003"/>
  <nd ref="2947967013"/>
  <nd ref="2947967009"/>
  <nd ref="2947967016"/>
  <nd ref="2947967015"/>
  <nd ref="2947966989"/>
 </way>
 <way id="291338811" visible="true" version="2" changeset="41555094" timestamp="2016-08-19T12:22:14Z" user="ThiagoPv" uid="502691">
  <nd ref="97348642"/>
  <nd ref="2947966936"/>
  <nd ref="2947966963"/>
  <nd ref="2947966975"/>
  <nd ref="1870176971"/>
  <nd ref="2947966935"/>
  <nd ref="97348642"/>
  <tag k="natural" v="beach"/>
 </way>
 <way id="291631393" visible="true" version="1" changeset="23985330" timestamp="2014-07-06T14:50:42Z" user="Nighto" uid="12293">
  <nd ref="2951022123"/>
  <nd ref="2951022124"/>
  <nd ref="2951022125"/>
  <nd ref="2947967027"/>
  <nd ref="2947967029"/>
  <nd ref="2951022126"/>
  <nd ref="2951022123"/>
  <tag k="amenity" v="parking"/>
  <tag k="parking" v="surface"/>
 </way>
 <way id="437966364" visible="true" version="1" changeset="41555094" timestamp="2016-08-19T12:22:10Z" user="ThiagoPv" uid="502691">
  <nd ref="2947967012"/>
  <nd ref="4357430979"/>
  <tag k="man_made" v="pier"/>
 </way>
 <way id="437966365" visible="true" version="2" changeset="90169337" timestamp="2020-08-31T06:09:55Z" user="EigerMt" uid="10653264">
  <nd ref="164191468"/>
  <nd ref="7860285770"/>
  <nd ref="7860285769"/>
  <nd ref="4357430983"/>
  <nd ref="7860285768"/>
  <nd ref="7860285767"/>
  <nd ref="7860285766"/>
  <nd ref="4357430978"/>
  <tag k="highway" v="service"/>
  <tag k="oneway" v="yes"/>
  <tag k="surface" v="asphalt"/>
 </way>
 <way id="691340302" visible="true" version="3" changeset="174003876" timestamp="2025-10-31T05:14:25Z" user="lucianoAF" uid="23222106">
  <nd ref="6487131397"/>
  <nd ref="6487131398"/>
  <nd ref="6487131399"/>
  <nd ref="7764724735"/>
  <nd ref="7764724734"/>
  <nd ref="7764724733"/>
  <nd ref="6487131397"/>
  <tag k="access" v="no"/>
  <tag k="area" v="yes"/>
  <tag k="bicycle" v="yes"/>
  <tag k="floating" v="no"/>
  <tag k="foot" v="yes"/>
  <tag k="horse" v="no"/>
  <tag k="lit" v="yes"/>
  <tag k="man_made" v="pier"/>
  <tag k="mooring" v="guest"/>
  <tag k="motor_vehicle" v="no"/>
  <tag k="name" v="Cais Administrativo do CMASM"/>
  <tag k="surface" v="concrete"/>
 </way>
 <way id="691340303" visible="true" version="3" changeset="174003876" timestamp="2025-10-31T05:14:25Z" user="lucianoAF" uid="23222106">
  <nd ref="7764724732"/>
  <nd ref="6487131406"/>
  <nd ref="6487131407"/>
  <nd ref="7764724731"/>
  <nd ref="7764724730"/>
  <nd ref="6487131475"/>
  <nd ref="6487131405"/>
  <nd ref="7764724732"/>
  <tag k="area" v="yes"/>
  <tag k="floating" v="no"/>
  <tag k="man_made" v="pier"/>
  <tag k="mooring" v="private"/>
  <tag k="name" v="Cais Operativo do CMASM"/>
  <tag k="surface" v="concrete"/>
 </way>
 <way id="691340304" visible="true" version="1" changeset="70463168" timestamp="2019-05-21T05:03:35Z" user="Sturm br" uid="604619">
  <nd ref="6487131410"/>
  <nd ref="6487131411"/>
  <nd ref="6487131412"/>
  <nd ref="6487131413"/>
  <nd ref="6487131410"/>
  <tag k="aeroway" v="helipad"/>
 </way>
 <way id="691340305" visible="true" version="4" changeset="174982253" timestamp="2025-11-22T10:27:46Z" user="lucianoAF" uid="23222106">
  <nd ref="6487131448"/>
  <nd ref="6487131455"/>
  <nd ref="6487131477"/>
  <nd ref="6487131456"/>
  <nd ref="6487131482"/>
  <nd ref="6487131449"/>
  <nd ref="7860331256"/>
  <nd ref="7860331255"/>
  <nd ref="6487131450"/>
  <tag k="highway" v="service"/>
 </way>
 <way id="691340306" visible="true" version="1" changeset="70463168" timestamp="2019-05-21T05:03:36Z" user="Sturm br" uid="604619">
  <nd ref="6487131450"/>
  <nd ref="6487131476"/>
  <nd ref="6487131453"/>
  <nd ref="6487131474"/>
  <nd ref="6487131451"/>
  <nd ref="6487131452"/>
  <tag k="highway" v="service"/>
 </way>
 <way id="691340307" visible="true" version="3" changeset="172852769" timestamp="2025-10-05T04:07:08Z" user="lucianoAF" uid="23222106">
  <nd ref="6487131453"/>
  <nd ref="6487131457"/>
  <nd ref="7860318292"/>
  <nd ref="13194889320"/>
  <nd ref="7860318293"/>
  <nd ref="7860318294"/>
  <nd ref="7860318295"/>
  <nd ref="7860318296"/>
  <nd ref="6487131454"/>
  <tag k="highway" v="service"/>
 </way>
 <way id="691340308" visible="true" version="1" changeset="70463168" timestamp="2019-05-21T05:03:36Z" user="Sturm br" uid="604619">
  <nd ref="6487131455"/>
  <nd ref="6487131454"/>
  <tag k="highway" v="service"/>
 </way>
 <way id="691340309" visible="true" version="1" changeset="70463168" timestamp="2019-05-21T05:03:36Z" user="Sturm br" uid="604619">
  <nd ref="6487131456"/>
  <nd ref="6487131457"/>
  <tag k="highway" v="service"/>
 </way>
 <way id="691340310" visible="true" version="1" changeset="70463168" timestamp="2019-05-21T05:03:36Z" user="Sturm br" uid="604619">
  <nd ref="6487131458"/>
  <nd ref="6487131459"/>
  <nd ref="6487131460"/>
  <nd ref="6487131461"/>
  <nd ref="6487131458"/>
  <tag k="leisure" v="pitch"/>
 </way>
 <way id="691340311" visible="true" version="1" changeset="70463168" timestamp="2019-05-21T05:03:36Z" user="Sturm br" uid="604619">
  <nd ref="6487131462"/>
  <nd ref="6487131463"/>
  <nd ref="6487131464"/>
  <nd ref="6487131465"/>
  <nd ref="6487131462"/>
  <tag k="leisure" v="pitch"/>
  <tag k="sport" v="tennis"/>
 </way>
 <way id="691340312" visible="true" version="2" changeset="170950002" timestamp="2025-08-25T00:22:20Z" user="lucianoAF" uid="23222106">
  <nd ref="6487131467"/>
  <nd ref="6487131468"/>
  <nd ref="6487131469"/>
  <nd ref="6487131470"/>
  <nd ref="6487131467"/>
  <tag k="leisure" v="pitch"/>
  <tag k="name" v="Campo Ramalhão"/>
  <tag k="sport" v="soccer"/>
 </way>
 <way id="691340313" visible="true" version="2" changeset="90170531" timestamp="2020-08-31T06:28:48Z" user="EigerMt" uid="10653264">
  <nd ref="7860331258"/>
  <nd ref="6487131474"/>
  <tag k="highway" v="service"/>
 </way>
 <way id="691340314" visible="true" version="2" changeset="90170531" timestamp="2020-08-31T06:28:48Z" user="EigerMt" uid="10653264">
  <nd ref="7860331257"/>
  <nd ref="6487131476"/>
  <tag k="highway" v="service"/>
 </way>
 <way id="691340315" visible="true" version="2" changeset="90169792" timestamp="2020-08-31T06:17:35Z" user="EigerMt" uid="10653264">
  <nd ref="6487131477"/>
  <nd ref="6487131478"/>
  <nd ref="7860318300"/>
  <nd ref="7860318301"/>
  <nd ref="6487131479"/>
  <nd ref="6487131480"/>
  <nd ref="7860318299"/>
  <nd ref="7860318298"/>
  <nd ref="7860318297"/>
  <nd ref="6487131481"/>
  <nd ref="6487131482"/>
  <tag k="highway" v="service"/>
 </way>
 <way id="691341700" visible="true" version="2" changeset="90169792" timestamp="2020-08-31T06:17:35Z" user="EigerMt" uid="10653264">
  <nd ref="6487131452"/>
  <nd ref="6487143543"/>
  <nd ref="7860318303"/>
  <nd ref="6487143544"/>
  <nd ref="7860318302"/>
  <nd ref="6487143545"/>
  <nd ref="6487143548"/>
  <nd ref="6487143551"/>
  <nd ref="6487143546"/>
  <tag k="highway" v="service"/>
 </way>
 <way id="691341701" visible="true" version="1" changeset="70463349" timestamp="2019-05-21T05:15:24Z" user="Sturm br" uid="604619">
  <nd ref="6487143547"/>
  <nd ref="6487143548"/>
  <nd ref="6487143549"/>
  <tag k="highway" v="service"/>
 </way>
 <way id="691341702" visible="true" version="1" changeset="70463349" timestamp="2019-05-21T05:15:24Z" user="Sturm br" uid="604619">
  <nd ref="6487143550"/>
  <nd ref="6487143551"/>
  <nd ref="6487143552"/>
  <tag k="highway" v="service"/>
 </way>
 <way id="831680512" visible="true" version="1" changeset="88663750" timestamp="2020-07-29T08:15:35Z" user="ExmouthPlateau" uid="10653073">
  <nd ref="7764709391"/>
  <nd ref="7764709390"/>
  <tag k="man_made" v="pier"/>
 </way>
 <way id="831680513" visible="true" version="1" changeset="88663750" timestamp="2020-07-29T08:15:35Z" user="ExmouthPlateau" uid="10653073">
  <nd ref="7764709393"/>
  <nd ref="7764709392"/>
  <tag k="man_made" v="pier"/>
 </way>
 <way id="842563540" visible="true" version="1" changeset="90167868" timestamp="2020-08-31T05:42:09Z" user="EigerMt" uid="10653264">
  <nd ref="7860235148"/>
  <nd ref="7860235147"/>
  <nd ref="7860235146"/>
  <nd ref="7860235145"/>
  <nd ref="7860235144"/>
  <nd ref="7860235143"/>
  <nd ref="7860235142"/>
  <nd ref="7860235141"/>
  <nd ref="7860235140"/>
  <nd ref="7860235139"/>
  <nd ref="7860235138"/>
  <nd ref="7860235137"/>
  <nd ref="7860235136"/>
  <nd ref="7860235135"/>
  <nd ref="7860235134"/>
  <tag k="highway" v="service"/>
 </way>
 <way id="965031718" visible="true" version="1" changeset="108133963" timestamp="2021-07-16T18:34:44Z" user="UncoolGuyJake" uid="7674729">
  <nd ref="8927292216"/>
  <nd ref="2939280648"/>
  <nd ref="2939280636"/>
  <nd ref="2939280626"/>
  <nd ref="2939280615"/>
  <nd ref="2939280613"/>
  <nd ref="2939280610"/>
  <nd ref="2939280608"/>
  <nd ref="2939280605"/>
  <nd ref="2939280603"/>
  <nd ref="2939280601"/>
  <nd ref="2939280199"/>
  <nd ref="2939280195"/>
  <nd ref="2939280192"/>
  <tag k="waterway" v="stream"/>
 </way>
 <way id="969689023" visible="true" version="1" changeset="108998202" timestamp="2021-08-02T05:09:42Z" user="DoloresPark" uid="10653298">
  <nd ref="8973336086"/>
  <nd ref="8973336085"/>
  <nd ref="8973336084"/>
  <tag k="highway" v="service"/>
 </way>
 <way id="969979185" visible="true" version="3" changeset="178458636" timestamp="2026-02-12T13:38:51Z" user="DressyPear4" uid="3984659">
  <nd ref="8976092010"/>
  <nd ref="8976092009"/>
  <nd ref="8976092008"/>
  <nd ref="8976092006"/>
  <nd ref="8976092005"/>
  <nd ref="8976092004"/>
  <nd ref="8976092003"/>
  <nd ref="8976092002"/>
  <nd ref="8976092001"/>
  <nd ref="8976092000"/>
  <nd ref="8976091999"/>
  <nd ref="8976091998"/>
  <nd ref="8976091997"/>
  <nd ref="8976091996"/>
  <tag k="highway" v="residential"/>
 </way>
 <way id="1043451527" visible="true" version="1" changeset="118866031" timestamp="2022-03-24T13:49:18Z" user="DressyPear4" uid="3984659">
  <nd ref="2125167402"/>
  <nd ref="2125167414"/>
  <nd ref="2125167408"/>
  <nd ref="2125167405"/>
  <nd ref="9603348470"/>
  <nd ref="2125167384"/>
  <nd ref="2125167402"/>
 </way>
 <way id="1062942251" visible="true" version="1" changeset="121371299" timestamp="2022-05-23T13:55:46Z" user="Fidelis Assis" uid="1675654">
  <nd ref="9764504883"/>
  <nd ref="9764504882"/>
  <nd ref="9764504881"/>
  <nd ref="9764504880"/>
  <nd ref="9764504879"/>
  <nd ref="9764504878"/>
  <nd ref="9764504877"/>
  <nd ref="9764504876"/>
  <nd ref="9764504875"/>
  <nd ref="9764504874"/>
  <nd ref="9764504873"/>
  <nd ref="9764504872"/>
  <nd ref="9764504871"/>
  <nd ref="9764504870"/>
  <nd ref="9764504869"/>
  <nd ref="9764504868"/>
  <nd ref="9764504867"/>
  <nd ref="9764504866"/>
  <nd ref="9764504865"/>
  <nd ref="9764504864"/>
  <nd ref="9764504863"/>
  <nd ref="9764504862"/>
  <nd ref="9764504861"/>
  <nd ref="9764504860"/>
  <nd ref="9764504859"/>
  <nd ref="9764504858"/>
  <nd ref="9764504857"/>
  <nd ref="9764504856"/>
  <nd ref="9764504855"/>
  <nd ref="9764504854"/>
  <nd ref="9764504853"/>
  <nd ref="9764504852"/>
  <nd ref="9764504851"/>
  <nd ref="9764504850"/>
  <nd ref="9764504849"/>
  <nd ref="9764504848"/>
  <nd ref="9764504847"/>
  <nd ref="9764504846"/>
  <nd ref="9764504845"/>
  <nd ref="9764504844"/>
  <nd ref="9764504843"/>
  <nd ref="9764504842"/>
  <nd ref="9764504841"/>
  <nd ref="9764504840"/>
  <nd ref="9764504839"/>
  <nd ref="9764504838"/>
  <nd ref="9764504837"/>
  <nd ref="9764504836"/>
  <nd ref="9764504835"/>
  <nd ref="9764504834"/>
  <nd ref="9764504833"/>
  <nd ref="9764504832"/>
  <nd ref="9764504831"/>
  <nd ref="9764504883"/>
 </way>
 <way id="1062942252" visible="true" version="1" changeset="121371299" timestamp="2022-05-23T13:55:46Z" user="Fidelis Assis" uid="1675654">
  <nd ref="9764504913"/>
  <nd ref="9764504912"/>
  <nd ref="9764504911"/>
  <nd ref="9764504910"/>
  <nd ref="9764504909"/>
  <nd ref="9764504908"/>
  <nd ref="9764504907"/>
  <nd ref="9764504906"/>
  <nd ref="9764504905"/>
  <nd ref="9764504904"/>
  <nd ref="9764504903"/>
  <nd ref="9764504902"/>
  <nd ref="9764504901"/>
  <nd ref="9764504900"/>
  <nd ref="9764504899"/>
  <nd ref="9764504898"/>
  <nd ref="9764504897"/>
  <nd ref="9764504896"/>
  <nd ref="9764504895"/>
  <nd ref="9764504894"/>
  <nd ref="9764504893"/>
  <nd ref="9764504892"/>
  <nd ref="9764504891"/>
  <nd ref="9764504890"/>
  <nd ref="9764504889"/>
  <nd ref="9764504888"/>
  <nd ref="9764504887"/>
  <nd ref="9764504886"/>
  <nd ref="9764504885"/>
  <nd ref="9764504884"/>
  <nd ref="9764504913"/>
 </way>
 <way id="1062942254" visible="true" version="2" changeset="176607130" timestamp="2025-12-30T03:07:12Z" user="lucianoAF" uid="23222106">
  <nd ref="9764504994"/>
  <nd ref="9764504993"/>
  <nd ref="9764504992"/>
  <nd ref="9764504991"/>
  <nd ref="9764504990"/>
  <nd ref="9764504989"/>
  <nd ref="9764504988"/>
  <nd ref="9764504987"/>
  <nd ref="9764504986"/>
  <nd ref="9764504985"/>
  <nd ref="9764504984"/>
  <nd ref="9764504983"/>
  <nd ref="9764504982"/>
  <nd ref="9764504981"/>
  <nd ref="9764504980"/>
  <nd ref="9764504979"/>
  <nd ref="9764504978"/>
  <nd ref="9764504977"/>
  <nd ref="9764504976"/>
  <nd ref="9764504975"/>
  <nd ref="9764504974"/>
  <nd ref="9764504973"/>
  <nd ref="9764504972"/>
  <nd ref="9764504971"/>
  <nd ref="9764504970"/>
  <nd ref="9764504969"/>
  <nd ref="9764504968"/>
  <nd ref="9764504967"/>
  <nd ref="9764504966"/>
  <nd ref="9764504965"/>
  <nd ref="9764504964"/>
  <nd ref="9764504962"/>
  <nd ref="9764504961"/>
  <nd ref="9764504959"/>
  <nd ref="9764504958"/>
  <nd ref="9764504957"/>
  <nd ref="9764504956"/>
  <nd ref="9764504955"/>
  <nd ref="9764504954"/>
  <nd ref="9764504953"/>
  <nd ref="9764504952"/>
  <nd ref="9764504951"/>
  <nd ref="9764504950"/>
  <nd ref="9764504949"/>
  <nd ref="9764504948"/>
  <nd ref="9764504947"/>
  <nd ref="9764504946"/>
  <nd ref="9764504945"/>
  <nd ref="9764504944"/>
  <nd ref="9764504943"/>
  <nd ref="9764504942"/>
  <nd ref="9764504941"/>
  <nd ref="9764504940"/>
  <nd ref="9764504939"/>
  <nd ref="9764504994"/>
 </way>
 <way id="1062942255" visible="true" version="1" changeset="121371299" timestamp="2022-05-23T13:55:46Z" user="Fidelis Assis" uid="1675654">
  <nd ref="9764505052"/>
  <nd ref="9764505051"/>
  <nd ref="9764505050"/>
  <nd ref="9764505049"/>
  <nd ref="9764505048"/>
  <nd ref="9764505047"/>
  <nd ref="9764505046"/>
  <nd ref="9764505045"/>
  <nd ref="9764505044"/>
  <nd ref="9764505043"/>
  <nd ref="9764505042"/>
  <nd ref="9764505041"/>
  <nd ref="9764505040"/>
  <nd ref="9764505039"/>
  <nd ref="9764505038"/>
  <nd ref="9764505037"/>
  <nd ref="9764505036"/>
  <nd ref="9764505035"/>
  <nd ref="9764505034"/>
  <nd ref="9764505033"/>
  <nd ref="9764505032"/>
  <nd ref="9764505031"/>
  <nd ref="9764505030"/>
  <nd ref="9764505029"/>
  <nd ref="9764505028"/>
  <nd ref="9764505027"/>
  <nd ref="9764505026"/>
  <nd ref="9764505025"/>
  <nd ref="9764505024"/>
  <nd ref="9764505023"/>
  <nd ref="9764505022"/>
  <nd ref="9764505021"/>
  <nd ref="9764505020"/>
  <nd ref="9764505019"/>
  <nd ref="9764505018"/>
  <nd ref="9764505017"/>
  <nd ref="9764505016"/>
  <nd ref="9764505015"/>
  <nd ref="9764505014"/>
  <nd ref="9764505013"/>
  <nd ref="9764505012"/>
  <nd ref="9764505011"/>
  <nd ref="9764505010"/>
  <nd ref="9764505009"/>
  <nd ref="9764505008"/>
  <nd ref="9764505007"/>
  <nd ref="9764505006"/>
  <nd ref="9764505005"/>
  <nd ref="9764505004"/>
  <nd ref="9764505003"/>
  <nd ref="9764505002"/>
  <nd ref="9764505001"/>
  <nd ref="9764505000"/>
  <nd ref="9764504999"/>
  <nd ref="9764504998"/>
  <nd ref="9764504997"/>
  <nd ref="9764504996"/>
  <nd ref="9764504995"/>
  <nd ref="9764505052"/>
 </way>
 <way id="1097515110" visible="true" version="2" changeset="141918621" timestamp="2023-09-29T15:22:36Z" user="Fidelis Assis" uid="1675654">
  <nd ref="1194277853"/>
  <nd ref="97337594"/>
  <nd ref="7764709417"/>
  <nd ref="7764709419"/>
  <nd ref="7764709418"/>
  <nd ref="97398619"/>
  <nd ref="1870170887"/>
  <nd ref="1870170936"/>
  <nd ref="1870170763"/>
  <nd ref="97340577"/>
  <nd ref="1870171164"/>
  <nd ref="97400550"/>
  <nd ref="1870171231"/>
  <nd ref="1870171867"/>
  <nd ref="1870172497"/>
  <nd ref="97343259"/>
  <nd ref="97401304"/>
  <nd ref="1870174414"/>
  <nd ref="1870174691"/>
  <nd ref="1870174575"/>
  <nd ref="1870175450"/>
  <nd ref="97348642"/>
  <nd ref="2947966935"/>
  <nd ref="1870176971"/>
  <nd ref="2947966975"/>
  <nd ref="2947967004"/>
  <nd ref="2947967012"/>
  <nd ref="2947967021"/>
  <nd ref="1870177443"/>
  <nd ref="1870177474"/>
  <nd ref="2947967173"/>
  <nd ref="2947967200"/>
  <nd ref="2947967221"/>
  <nd ref="1870177521"/>
  <nd ref="1870177833"/>
  <nd ref="97404395"/>
  <nd ref="97406742"/>
  <nd ref="1870177928"/>
  <nd ref="97350869"/>
  <nd ref="1870178081"/>
  <nd ref="1870178246"/>
  <nd ref="97408652"/>
  <nd ref="1870178424"/>
  <nd ref="1870178374"/>
  <nd ref="1870178325"/>
  <nd ref="1870178357"/>
  <nd ref="97353278"/>
  <nd ref="1870178152"/>
  <nd ref="97410204"/>
  <nd ref="1870178043"/>
  <nd ref="1870177999"/>
  <nd ref="1870177968"/>
  <nd ref="1870177905"/>
  <nd ref="1870178029"/>
  <nd ref="9088948977"/>
  <nd ref="97356145"/>
  <nd ref="1870178113"/>
  <nd ref="97339206"/>
  <nd ref="1870178457"/>
  <nd ref="97358056"/>
  <nd ref="7772686371"/>
  <nd ref="7772686370"/>
  <nd ref="97340100"/>
  <nd ref="1979089632"/>
  <nd ref="97400227"/>
  <nd ref="97342964"/>
  <nd ref="7772686164"/>
  <nd ref="1979089592"/>
  <nd ref="97402064"/>
  <nd ref="375960403"/>
  <tag k="natural" v="coastline"/>
 </way>
 <way id="1097515119" visible="true" version="1" changeset="126586586" timestamp="2022-09-24T15:34:59Z" user="Fidelis Assis" uid="1675654">
  <nd ref="1870165037"/>
  <nd ref="7764709397"/>
  <nd ref="1870166958"/>
  <nd ref="1870167120"/>
  <nd ref="7764565441"/>
  <nd ref="7764565440"/>
  <nd ref="7764565439"/>
  <nd ref="1870167326"/>
  <nd ref="1870166656"/>
  <nd ref="1870167560"/>
  <nd ref="7764709398"/>
  <nd ref="7764705676"/>
  <nd ref="7764709399"/>
  <nd ref="7764565438"/>
  <nd ref="97407419"/>
  <nd ref="1870168430"/>
  <nd ref="1870168314"/>
  <nd ref="7764565437"/>
  <nd ref="1870167745"/>
  <nd ref="7764565436"/>
  <nd ref="7764705679"/>
  <nd ref="1870168013"/>
  <nd ref="1870168198"/>
  <nd ref="7764705678"/>
  <nd ref="7764565435"/>
  <nd ref="97356699"/>
  <nd ref="7764705677"/>
  <nd ref="7764565434"/>
  <nd ref="1870168581"/>
  <nd ref="1870168686"/>
  <nd ref="1870168907"/>
  <nd ref="1870168788"/>
  <nd ref="7764565431"/>
  <nd ref="7764565433"/>
  <nd ref="147436833"/>
  <nd ref="7764565432"/>
  <nd ref="1870169099"/>
  <nd ref="7764565428"/>
  <nd ref="7764565430"/>
  <nd ref="7764565429"/>
  <nd ref="7764709400"/>
  <nd ref="1870169378"/>
  <nd ref="7764565427"/>
  <nd ref="2939280648"/>
  <nd ref="7764565425"/>
  <nd ref="97409099"/>
  <nd ref="7764565426"/>
  <nd ref="1870169708"/>
  <nd ref="1870169737"/>
  <nd ref="1870169695"/>
  <nd ref="1870169622"/>
  <nd ref="1870169655"/>
  <nd ref="1870169599"/>
  <nd ref="1870169572"/>
  <nd ref="1870169472"/>
  <nd ref="1870169437"/>
  <nd ref="1870169360"/>
  <nd ref="7764709404"/>
  <nd ref="7764709405"/>
  <nd ref="7764709402"/>
  <nd ref="1870169291"/>
  <nd ref="1870169200"/>
  <nd ref="1870168975"/>
  <nd ref="7764709403"/>
  <nd ref="1870168935"/>
  <nd ref="1870169154"/>
  <nd ref="7764709401"/>
  <nd ref="1870169257"/>
  <nd ref="1870169325"/>
  <nd ref="7764709406"/>
  <nd ref="7764709407"/>
  <nd ref="1870169499"/>
  <nd ref="1870169532"/>
  <nd ref="97349409"/>
  <nd ref="2939280666"/>
  <nd ref="1870169775"/>
  <nd ref="2939280680"/>
  <nd ref="97403782"/>
  <nd ref="7764705680"/>
  <nd ref="1870169817"/>
  <nd ref="7764705681"/>
  <nd ref="7764709409"/>
  <nd ref="97351855"/>
  <nd ref="2939280910"/>
  <nd ref="2939280911"/>
  <nd ref="97407452"/>
  <nd ref="7764709424"/>
  <nd ref="7764709425"/>
  <nd ref="7764709410"/>
  <nd ref="2939280902"/>
  <nd ref="2939280896"/>
  <nd ref="7764709422"/>
  <nd ref="1870169965"/>
  <nd ref="7764709423"/>
  <nd ref="7764709421"/>
  <nd ref="1870170043"/>
  <nd ref="2939280892"/>
  <nd ref="97357080"/>
  <nd ref="7764705684"/>
  <nd ref="7764709385"/>
  <nd ref="97409438"/>
  <nd ref="7764709420"/>
  <nd ref="1870170202"/>
  <nd ref="97395885"/>
  <nd ref="1870170146"/>
  <nd ref="1870170098"/>
  <nd ref="1870170379"/>
  <nd ref="7764709411"/>
  <nd ref="7764709412"/>
  <nd ref="7764709416"/>
  <nd ref="1870170692"/>
  <nd ref="7764709415"/>
  <nd ref="7764709414"/>
  <nd ref="1870170604"/>
  <nd ref="7764709413"/>
  <nd ref="1194277853"/>
  <tag k="natural" v="coastline"/>
 </way>
 <way id="1191285498" visible="true" version="2" changeset="174982253" timestamp="2025-11-22T10:27:46Z" user="lucianoAF" uid="23222106">
  <nd ref="6487143550"/>
  <nd ref="6487131448"/>
  <tag k="highway" v="service"/>
  <tag k="service" v="driveway"/>
 </way>
 <way id="1226330559" visible="true" version="1" changeset="144384218" timestamp="2023-11-23T21:30:58Z" user="Marcos_Itba_Kaart" uid="12689837">
  <nd ref="1870174809"/>
  <nd ref="1870174492"/>
  <tag k="highway" v="tertiary"/>
  <tag k="lanes" v="1"/>
  <tag k="name" v="Via Marginal Governador Mário Covas"/>
  <tag k="oneway" v="yes"/>
  <tag k="surface" v="paved"/>
 </way>
 <way id="1275057099" visible="true" version="4" changeset="178871764" timestamp="2026-02-21T18:24:47Z" user="Pedro Souza Costa" uid="21298810">
  <nd ref="1830310753"/>
  <nd ref="11802498868"/>
  <nd ref="164191470"/>
  <nd ref="1870171644"/>
  <tag k="highway" v="motorway"/>
  <tag k="lanes" v="2"/>
  <tag k="maxspeed" v="100"/>
  <tag k="maxspeed:hgv" v="80"/>
  <tag k="name" v="Rodovia Governador Mário Covas"/>
  <tag k="official_name" v="Rodovia Governador Mário Covas"/>
  <tag k="oneway" v="yes"/>
  <tag k="ref" v="BR-101"/>
  <tag k="surface" v="paved"/>
 </way>
 <way id="1424693447" visible="true" version="4" changeset="176607130" timestamp="2025-12-30T03:07:12Z" user="lucianoAF" uid="23222106">
  <nd ref="13417219210"/>
  <nd ref="13095293998"/>
  <nd ref="13095293999"/>
  <nd ref="13417219209"/>
  <nd ref="13095294000"/>
  <nd ref="13417219208"/>
  <nd ref="13417219207"/>
  <nd ref="13095325101"/>
  <nd ref="13095325102"/>
  <nd ref="13095325103"/>
  <nd ref="13095325104"/>
  <nd ref="13417219220"/>
  <nd ref="13095325105"/>
  <nd ref="13417219206"/>
  <nd ref="13095325106"/>
  <nd ref="13095325107"/>
  <nd ref="13095325108"/>
  <nd ref="13095325109"/>
  <nd ref="2577407907"/>
  <nd ref="6487131473"/>
  <nd ref="2577407906"/>
  <nd ref="2577407905"/>
  <nd ref="2577407904"/>
  <nd ref="2577407903"/>
  <nd ref="6487143553"/>
  <nd ref="2577407902"/>
  <nd ref="13095325110"/>
  <nd ref="6487143550"/>
  <nd ref="13417219218"/>
  <nd ref="13417219219"/>
  <nd ref="13417219217"/>
  <nd ref="13417219215"/>
  <nd ref="13417219216"/>
  <nd ref="13417219213"/>
  <nd ref="13095325112"/>
  <nd ref="13095325113"/>
  <nd ref="13095325114"/>
  <nd ref="13095325117"/>
  <nd ref="13417219210"/>
  <tag k="barrier" v="fence"/>
  <tag k="fence_type" v="chain_link"/>
  <tag k="height" v="3"/>
  <tag k="material" v="metal"/>
  <tag k="name" v="AV"/>
 </way>
 <way id="1435568651" visible="true" version="2" changeset="175985871" timestamp="2025-12-16T03:00:03Z" user="lucianoAF" uid="23222106">
  <nd ref="13194889304"/>
  <nd ref="13194889305"/>
  <nd ref="13194889306"/>
  <nd ref="13194889307"/>
  <nd ref="13194889308"/>
  <nd ref="13194889304"/>
  <tag k="description" v="Casa de Bombas N 01&#10;bombeamento de agua salgada para rede de aguada, em caso de emergencia."/>
  <tag k="man_made" v="pumping_station"/>
  <tag k="name" v="CB01"/>
  <tag k="operator" v="Eletricista"/>
  <tag k="short_name" v="B01"/>
  <tag k="website" v="http://cmms/bombas01"/>
 </way>
 <way id="1435568655" visible="true" version="1" changeset="172852769" timestamp="2025-10-05T04:07:08Z" user="lucianoAF" uid="23222106">
  <nd ref="13194889318"/>
  <nd ref="13194889320"/>
  <tag k="highway" v="path"/>
 </way>
 <way id="1452820220" visible="true" version="1" changeset="174982536" timestamp="2025-11-22T10:37:12Z" user="lucianoAF" uid="23222106">
  <nd ref="13323822511"/>
  <nd ref="13323822512"/>
  <nd ref="13323822513"/>
  <nd ref="13323822514"/>
  <nd ref="13323822515"/>
  <nd ref="13323822516"/>
  <nd ref="13323822517"/>
  <nd ref="13323822518"/>
  <nd ref="13323822511"/>
  <tag k="addr:place" v="Ilha do Engenho"/>
  <tag k="building" v="yes"/>
  <tag k="building:levels" v="2"/>
  <tag k="height" v="5"/>
 </way>
 <way id="1466284883" visible="true" version="4" changeset="178880333" timestamp="2026-02-21T23:20:57Z" user="lucianoAF" uid="23222106">
  <nd ref="13588504872"/>
  <nd ref="13448596762"/>
  <nd ref="13448596761"/>
  <nd ref="13448596760"/>
  <tag k="man_made" v="pipeline"/>
  <tag k="substance" v="water"/>
 </way>
 <way id="1466284885" visible="true" version="4" changeset="179169740" timestamp="2026-02-28T12:57:31Z" user="lucianoAF" uid="23222106">
  <nd ref="13607533961"/>
  <nd ref="13448596764"/>
  <nd ref="13448596767"/>
  <tag k="layer" v="-1"/>
  <tag k="location" v="surface"/>
  <tag k="man_made" v="pipeline"/>
  <tag k="substance" v="water"/>
 </way>
 <way id="1470113975" visible="true" version="4" changeset="179169740" timestamp="2026-02-28T12:57:31Z" user="lucianoAF" uid="23222106">
  <nd ref="13607533962"/>
  <nd ref="13588504876"/>
  <nd ref="13448596770"/>
  <tag k="layer" v="-1"/>
  <tag k="man_made" v="pipeline"/>
 </way>
 <way id="1470113976" visible="true" version="3" changeset="179169740" timestamp="2026-02-28T12:57:31Z" user="lucianoAF" uid="23222106">
  <nd ref="13607533962"/>
  <nd ref="13588504876"/>
  <nd ref="13588504877"/>
  <nd ref="13448596771"/>
  <tag k="layer" v="-1"/>
  <tag k="man_made" v="pipeline"/>
 </way>
 <way id="1476874363" visible="true" version="1" changeset="178458636" timestamp="2026-02-12T13:38:51Z" user="DressyPear4" uid="3984659">
  <nd ref="13546263133"/>
  <nd ref="13546263138"/>
  <tag k="access" v="private"/>
  <tag k="highway" v="service"/>
  <tag k="service" v="driveway"/>
 </way>
 <way id="1476874364" visible="true" version="1" changeset="178458636" timestamp="2026-02-12T13:38:51Z" user="DressyPear4" uid="3984659">
  <nd ref="13546263135"/>
  <nd ref="13546263134"/>
  <tag k="access" v="private"/>
  <tag k="highway" v="service"/>
  <tag k="service" v="driveway"/>
 </way>
 <way id="1476874365" visible="true" version="1" changeset="178458636" timestamp="2026-02-12T13:38:51Z" user="DressyPear4" uid="3984659">
  <nd ref="13546263138"/>
  <nd ref="13546263136"/>
  <nd ref="13546263137"/>
  <tag k="access" v="private"/>
  <tag k="highway" v="service"/>
  <tag k="service" v="driveway"/>
 </way>
 <way id="1476874366" visible="true" version="1" changeset="178458636" timestamp="2026-02-12T13:38:51Z" user="DressyPear4" uid="3984659">
  <nd ref="13546263140"/>
  <nd ref="13546263136"/>
  <nd ref="13546263135"/>
  <nd ref="13546263139"/>
  <tag k="access" v="private"/>
  <tag k="highway" v="service"/>
  <tag k="service" v="driveway"/>
 </way>
 <way id="1481621428" visible="true" version="1" changeset="178879363" timestamp="2026-02-21T22:36:08Z" user="lucianoAF" uid="23222106">
  <nd ref="13411796724"/>
  <nd ref="13588504879"/>
  <nd ref="13588504881"/>
  <tag k="layer" v="-1"/>
  <tag k="location" v="surface"/>
  <tag k="man_made" v="pipeline"/>
  <tag k="substance" v="water"/>
 </way>
 <way id="1481621429" visible="true" version="1" changeset="178879363" timestamp="2026-02-21T22:36:08Z" user="lucianoAF" uid="23222106">
  <nd ref="13588504878"/>
  <nd ref="13588504882"/>
  <tag k="layer" v="-1"/>
  <tag k="location" v="surface"/>
  <tag k="man_made" v="pipeline"/>
  <tag k="substance" v="water"/>
 </way>
 <way id="1481621430" visible="true" version="1" changeset="178879363" timestamp="2026-02-21T22:36:08Z" user="lucianoAF" uid="23222106">
  <nd ref="13588504880"/>
  <nd ref="13323767075"/>
  <tag k="layer" v="-1"/>
  <tag k="location" v="surface"/>
  <tag k="man_made" v="pipeline"/>
  <tag k="substance" v="water"/>
 </way>
 <way id="1481627767" visible="true" version="1" changeset="178880304" timestamp="2026-02-21T23:19:29Z" user="lucianoAF" uid="23222106">
  <nd ref="13588527846"/>
  <nd ref="13588527844"/>
  <tag k="man_made" v="pipeline"/>
 </way>
 <way id="1481627768" visible="true" version="1" changeset="178880304" timestamp="2026-02-21T23:19:29Z" user="lucianoAF" uid="23222106">
  <nd ref="13588527846"/>
  <nd ref="13588527845"/>
  <tag k="man_made" v="pipeline"/>
 </way>
 <relation id="1186747" visible="true" version="196" changeset="169589029" timestamp="2025-07-28T03:20:45Z" user="WahibaSands" uid="18561412">
  <member type="node" ref="4613234259" role="stop"/>
  <member type="node" ref="4730060784" role="stop"/>
  <member type="way" ref="184936032" role="stop"/>
  <member type="node" ref="920775835" role="stop"/>
  <member type="node" ref="920776245" role="stop"/>
  <member type="way" ref="843929353" role=""/>
  <member type="way" ref="703375719" role=""/>
  <member type="way" ref="431600486" role=""/>
  <member type="way" ref="176407073" role=""/>
  <member type="way" ref="78453973" role=""/>
  <member type="way" ref="173411868" role=""/>
  <member type="way" ref="953167256" role=""/>
  <member type="way" ref="42430326" role=""/>
  <member type="way" ref="42430322" role=""/>
  <member type="way" ref="42430325" role=""/>
  <member type="way" ref="337180062" role=""/>
  <member type="way" ref="1132520299" role=""/>
  <member type="way" ref="1064954353" role=""/>
  <member type="way" ref="5082900" role=""/>
  <member type="way" ref="37312440" role=""/>
  <member type="way" ref="252031742" role=""/>
  <member type="way" ref="156662355" role=""/>
  <member type="way" ref="168631815" role=""/>
  <member type="way" ref="156662385" role=""/>
  <member type="way" ref="44688865" role=""/>
  <member type="way" ref="44688876" role=""/>
  <member type="way" ref="168631809" role=""/>
  <member type="way" ref="168631828" role=""/>
  <member type="way" ref="33637000" role=""/>
  <member type="way" ref="949746271" role=""/>
  <member type="way" ref="949746269" role=""/>
  <member type="way" ref="1253561911" role=""/>
  <member type="way" ref="949746261" role=""/>
  <member type="way" ref="1253561910" role=""/>
  <member type="way" ref="598947477" role=""/>
  <member type="way" ref="980647765" role=""/>
  <member type="way" ref="149433436" role=""/>
  <member type="way" ref="993521619" role=""/>
  <member type="way" ref="172092439" role=""/>
  <member type="way" ref="949753696" role=""/>
  <member type="way" ref="78453967" role=""/>
  <member type="way" ref="29143803" role=""/>
  <member type="way" ref="259221587" role=""/>
  <member type="way" ref="423858398" role=""/>
  <member type="way" ref="29143932" role=""/>
  <member type="way" ref="469513274" role=""/>
  <member type="way" ref="33888623" role=""/>
  <member type="way" ref="950127577" role=""/>
  <member type="way" ref="950127576" role=""/>
  <member type="way" ref="78453972" role=""/>
  <member type="way" ref="979913402" role=""/>
  <member type="way" ref="950112132" role=""/>
  <member type="way" ref="950112131" role=""/>
  <member type="way" ref="452472258" role=""/>
  <member type="way" ref="979913404" role=""/>
  <member type="way" ref="979913403" role=""/>
  <member type="way" ref="525427948" role=""/>
  <member type="way" ref="834649062" role=""/>
  <member type="way" ref="979913405" role=""/>
  <member type="way" ref="871216191" role=""/>
  <member type="way" ref="950198745" role=""/>
  <member type="way" ref="950198744" role=""/>
  <member type="way" ref="871216192" role=""/>
  <member type="way" ref="16140308" role=""/>
  <member type="way" ref="871216188" role=""/>
  <member type="way" ref="871216187" role=""/>
  <member type="way" ref="784357985" role=""/>
  <member type="way" ref="871216180" role=""/>
  <member type="way" ref="1063402800" role=""/>
  <member type="way" ref="16135695" role=""/>
  <member type="way" ref="958244432" role=""/>
  <member type="way" ref="958244433" role=""/>
  <member type="way" ref="172091110" role=""/>
  <member type="way" ref="980647766" role=""/>
  <member type="way" ref="172091111" role=""/>
  <member type="way" ref="172091102" role=""/>
  <member type="way" ref="316524396" role=""/>
  <member type="way" ref="437968990" role=""/>
  <member type="way" ref="33126690" role=""/>
  <member type="way" ref="603162861" role=""/>
  <member type="way" ref="1275049278" role=""/>
  <member type="way" ref="997035029" role=""/>
  <member type="way" ref="187152692" role=""/>
  <member type="way" ref="187152697" role=""/>
  <member type="way" ref="172091109" role=""/>
  <member type="way" ref="1275057099" role=""/>
  <member type="way" ref="172091100" role=""/>
  <member type="way" ref="1275057716" role=""/>
  <member type="way" ref="103428641" role=""/>
  <member type="way" ref="103428637" role=""/>
  <member type="way" ref="172090200" role=""/>
  <member type="way" ref="172090199" role=""/>
  <member type="way" ref="46205608" role=""/>
  <member type="way" ref="46205544" role=""/>
  <member type="way" ref="46205679" role=""/>
  <member type="way" ref="46205683" role=""/>
  <member type="way" ref="46206739" role=""/>
  <member type="way" ref="46206738" role=""/>
  <member type="way" ref="46206967" role=""/>
  <member type="way" ref="46206971" role=""/>
  <member type="way" ref="38560579" role=""/>
  <member type="way" ref="38560575" role=""/>
  <member type="way" ref="38560555" role=""/>
  <member type="way" ref="38560556" role=""/>
  <member type="way" ref="172089948" role=""/>
  <member type="way" ref="172089945" role=""/>
  <member type="way" ref="72007536" role=""/>
  <member type="way" ref="72007535" role=""/>
  <member type="way" ref="172089006" role=""/>
  <member type="way" ref="172089010" role=""/>
  <member type="way" ref="172088883" role=""/>
  <member type="way" ref="172088879" role=""/>
  <member type="way" ref="33126691" role=""/>
  <member type="way" ref="30600395" role=""/>
  <member type="way" ref="593533720" role=""/>
  <member type="way" ref="593533719" role=""/>
  <member type="way" ref="206868470" role=""/>
  <member type="way" ref="206868474" role=""/>
  <member type="way" ref="593533715" role=""/>
  <member type="way" ref="593533712" role=""/>
  <member type="way" ref="79735619" role=""/>
  <member type="way" ref="79735621" role=""/>
  <member type="way" ref="75419669" role=""/>
  <member type="way" ref="75419615" role=""/>
  <member type="way" ref="172088553" role=""/>
  <member type="way" ref="172088555" role=""/>
  <member type="way" ref="172088410" role=""/>
  <member type="way" ref="1006238410" role=""/>
  <member type="way" ref="1006238409" role=""/>
  <member type="way" ref="79734197" role=""/>
  <member type="way" ref="79734199" role=""/>
  <member type="way" ref="1006238411" role=""/>
  <member type="way" ref="172088131" role=""/>
  <member type="way" ref="784539614" role=""/>
  <member type="way" ref="386915743" role=""/>
  <member type="way" ref="172088129" role=""/>
  <member type="way" ref="1386323433" role=""/>
  <member type="way" ref="1386323434" role=""/>
  <member type="way" ref="956974402" role=""/>
  <member type="way" ref="394233284" role=""/>
  <member type="way" ref="172087956" role=""/>
  <member type="way" ref="55799158" role=""/>
  <member type="way" ref="55799155" role=""/>
  <member type="way" ref="1275352830" role=""/>
  <member type="way" ref="1275352831" role=""/>
  <member type="way" ref="55799166" role=""/>
  <member type="way" ref="1018870157" role=""/>
  <member type="way" ref="1018870158" role=""/>
  <member type="way" ref="172085835" role=""/>
  <member type="way" ref="1018870159" role=""/>
  <member type="way" ref="172085827" role=""/>
  <member type="way" ref="954681574" role=""/>
  <member type="way" ref="954681573" role=""/>
  <member type="way" ref="172085821" role=""/>
  <member type="way" ref="172085826" role=""/>
  <member type="way" ref="172085822" role=""/>
  <member type="way" ref="172085819" role=""/>
  <member type="way" ref="172085829" role=""/>
  <member type="way" ref="172085832" role=""/>
  <member type="way" ref="55799174" role=""/>
  <member type="way" ref="55799173" role=""/>
  <member type="way" ref="172085823" role=""/>
  <member type="way" ref="1136542681" role=""/>
  <member type="way" ref="1136586561" role=""/>
  <member type="way" ref="1136542680" role=""/>
  <member type="way" ref="1138417454" role=""/>
  <member type="way" ref="1232716005" role=""/>
  <member type="way" ref="172085816" role=""/>
  <member type="way" ref="172084087" role=""/>
  <member type="way" ref="784539611" role=""/>
  <member type="way" ref="1133132461" role=""/>
  <member type="way" ref="16226002" role=""/>
  <member type="way" ref="172084086" role=""/>
  <member type="way" ref="1338653325" role=""/>
  <member type="way" ref="1133132462" role=""/>
  <member type="way" ref="784539595" role=""/>
  <member type="way" ref="976104114" role=""/>
  <member type="way" ref="208807778" role=""/>
  <member type="way" ref="1133132458" role=""/>
  <member type="way" ref="784539610" role=""/>
  <member type="way" ref="30595199" role=""/>
  <member type="way" ref="784539609" role=""/>
  <member type="way" ref="172085094" role=""/>
  <member type="way" ref="1242333912" role=""/>
  <member type="way" ref="1338908817" role=""/>
  <member type="way" ref="1242333910" role=""/>
  <member type="way" ref="1242333911" role=""/>
  <member type="way" ref="1025572360" role=""/>
  <member type="way" ref="1025572360" role=""/>
  <member type="way" ref="744413476" role=""/>
  <member type="way" ref="1338908816" role=""/>
  <member type="way" ref="1025572359" role=""/>
  <member type="way" ref="1338908816" role=""/>
  <member type="way" ref="1025572359" role=""/>
  <member type="way" ref="594656902" role=""/>
  <member type="way" ref="1063664452" role=""/>
  <member type="way" ref="30595173" role=""/>
  <member type="way" ref="30595175" role=""/>
  <member type="way" ref="1025572358" role=""/>
  <member type="way" ref="1217849586" role=""/>
  <member type="way" ref="1217849587" role=""/>
  <member type="way" ref="903069511" role=""/>
  <member type="way" ref="903069514" role=""/>
  <member type="way" ref="903069513" role=""/>
  <member type="way" ref="525257442" role=""/>
  <member type="way" ref="903069505" role=""/>
  <member type="way" ref="1217849585" role=""/>
  <member type="way" ref="1217849584" role=""/>
  <member type="way" ref="525257443" role=""/>
  <member type="way" ref="1217849588" role=""/>
  <member type="way" ref="685943483" role=""/>
  <member type="way" ref="1217849583" role=""/>
  <member type="way" ref="1217849582" role=""/>
  <member type="way" ref="685943482" role=""/>
  <member type="way" ref="788777755" role=""/>
  <member type="way" ref="788777754" role=""/>
  <member type="way" ref="1074504294" role=""/>
  <member type="way" ref="838326038" role=""/>
  <member type="way" ref="1025572355" role=""/>
  <member type="way" ref="788777753" role=""/>
  <member type="way" ref="788777752" role=""/>
  <member type="way" ref="714970620" role=""/>
  <member type="way" ref="714970619" role=""/>
  <member type="way" ref="1217849581" role=""/>
  <member type="way" ref="714970625" role=""/>
  <member type="way" ref="30595637" role=""/>
  <member type="way" ref="78457081" role=""/>
  <member type="way" ref="1312793072" role=""/>
  <member type="way" ref="617474573" role=""/>
  <member type="way" ref="1149978979" role=""/>
  <member type="way" ref="617474574" role=""/>
  <member type="way" ref="617474575" role=""/>
  <member type="way" ref="832209210" role=""/>
  <member type="way" ref="832209209" role=""/>
  <member type="way" ref="617474576" role=""/>
  <member type="way" ref="303964771" role=""/>
  <member type="way" ref="303964772" role=""/>
  <member type="way" ref="790244211" role=""/>
  <member type="way" ref="383624363" role=""/>
  <member type="way" ref="383624362" role=""/>
  <member type="way" ref="1230935487" role=""/>
  <member type="way" ref="383614161" role=""/>
  <member type="way" ref="1133535415" role=""/>
  <member type="way" ref="1133535414" role=""/>
  <member type="way" ref="1135775327" role=""/>
  <member type="way" ref="999214562" role=""/>
  <member type="way" ref="1135775326" role=""/>
  <member type="way" ref="999214563" role=""/>
  <member type="way" ref="1140651159" role=""/>
  <member type="way" ref="239694563" role=""/>
  <member type="way" ref="784539598" role=""/>
  <member type="way" ref="784539608" role=""/>
  <member type="way" ref="784539608" role=""/>
  <member type="way" ref="784539598" role=""/>
  <member type="way" ref="784539596" role=""/>
  <member type="way" ref="784539603" role=""/>
  <member type="way" ref="784539607" role=""/>
  <member type="way" ref="784539607" role=""/>
  <member type="way" ref="784539603" role=""/>
  <member type="way" ref="1417976655" role=""/>
  <member type="way" ref="249420262" role=""/>
  <member type="way" ref="835688743" role=""/>
  <member type="way" ref="249420255" role=""/>
  <member type="way" ref="1223209873" role=""/>
  <member type="way" ref="1223209872" role=""/>
  <member type="way" ref="1223209871" role=""/>
  <member type="way" ref="476187397" role=""/>
  <member type="way" ref="1223209870" role=""/>
  <member type="way" ref="1223209869" role=""/>
  <member type="way" ref="476187398" role=""/>
  <member type="way" ref="1025572354" role=""/>
  <member type="way" ref="249420253" role=""/>
  <member type="way" ref="1135789902" role=""/>
  <member type="way" ref="1025572353" role=""/>
  <member type="way" ref="249420256" role=""/>
  <member type="way" ref="1135789900" role=""/>
  <member type="way" ref="1135789901" role=""/>
  <member type="way" ref="1133480480" role=""/>
  <member type="way" ref="1133480485" role=""/>
  <member type="way" ref="1133480482" role=""/>
  <member type="way" ref="1133480481" role=""/>
  <member type="way" ref="1133480483" role=""/>
  <member type="way" ref="1133480484" role=""/>
  <member type="way" ref="907752448" role=""/>
  <member type="way" ref="1135789898" role=""/>
  <member type="way" ref="1135789899" role=""/>
  <member type="way" ref="594627415" role=""/>
  <member type="way" ref="1135789897" role=""/>
  <member type="way" ref="843929350" role=""/>
  <member type="way" ref="744414222" role=""/>
  <member type="way" ref="744414223" role=""/>
  <member type="way" ref="594627414" role=""/>
  <member type="way" ref="249420254" role=""/>
  <member type="way" ref="1135789896" role=""/>
  <member type="way" ref="239694562" role=""/>
  <member type="way" ref="739475715" role=""/>
  <member type="way" ref="739475716" role=""/>
  <member type="way" ref="1135485604" role=""/>
  <member type="way" ref="1133487330" role=""/>
  <member type="way" ref="1133487331" role=""/>
  <member type="way" ref="1133487332" role=""/>
  <member type="way" ref="1133487333" role=""/>
  <member type="way" ref="1133487334" role=""/>
  <member type="way" ref="1133487329" role=""/>
  <member type="way" ref="1133487328" role=""/>
  <member type="way" ref="1133487335" role=""/>
  <member type="way" ref="739475731" role=""/>
  <member type="way" ref="1136809996" role=""/>
  <member type="way" ref="1136809995" role=""/>
  <member type="way" ref="1136809993" role=""/>
  <member type="way" ref="1136809992" role=""/>
  <member type="way" ref="1136809991" role=""/>
  <member type="way" ref="739475732" role=""/>
  <member type="way" ref="1136809994" role=""/>
  <member type="way" ref="1133951951" role=""/>
  <member type="way" ref="1136809990" role=""/>
  <member type="way" ref="1133915853" role=""/>
  <member type="way" ref="1133915852" role=""/>
  <member type="way" ref="1133915851" role=""/>
  <member type="way" ref="903049040" role=""/>
  <member type="way" ref="903049038" role=""/>
  <member type="way" ref="903049039" role=""/>
  <member type="way" ref="78457087" role=""/>
  <member type="way" ref="95247494" role=""/>
  <member type="way" ref="95193289" role=""/>
  <member type="way" ref="870745196" role=""/>
  <member type="way" ref="1220470237" role=""/>
  <member type="way" ref="95193313" role=""/>
  <member type="way" ref="790248908" role=""/>
  <member type="way" ref="78471225" role=""/>
  <member type="way" ref="78457088" role=""/>
  <member type="way" ref="784539602" role=""/>
  <member type="way" ref="870673094" role=""/>
  <member type="way" ref="870673095" role=""/>
  <member type="way" ref="1311400312" role=""/>
  <tag k="colour" v="#008204"/>
  <tag k="from" v="Rio de Janeiro"/>
  <tag k="name" v="Ônibus 108001000: Rio de Janeiro → Nova Friburgo"/>
  <tag k="network" v="DETRO"/>
  <tag k="operator" v="1001"/>
  <tag k="public_transport:version" v="1"/>
  <tag k="ref" v="108001000"/>
  <tag k="route" v="bus"/>
  <tag k="source" v="GPS"/>
  <tag k="to" v="Nova Friburgo"/>
  <tag k="type" v="route"/>
 </relation>
 <relation id="1964267" visible="true" version="113" changeset="144678567" timestamp="2023-12-02T00:12:07Z" user="petropouli" uid="4200031">
  <member type="way" ref="768658363" role="inner"/>
  <member type="way" ref="70856179" role="inner"/>
  <member type="way" ref="70856232" role="inner"/>
  <member type="way" ref="371960502" role="inner"/>
  <member type="way" ref="371960501" role="inner"/>
  <member type="way" ref="252992140" role="inner"/>
  <member type="way" ref="371670250" role="inner"/>
  <member type="way" ref="385502409" role="inner"/>
  <member type="way" ref="385502410" role="inner"/>
  <member type="way" ref="371670257" role="inner"/>
  <member type="way" ref="371670281" role="inner"/>
  <member type="way" ref="371670253" role="inner"/>
  <member type="way" ref="371670262" role="inner"/>
  <member type="way" ref="371670260" role="inner"/>
  <member type="way" ref="371670261" role="inner"/>
  <member type="way" ref="371670259" role="inner"/>
  <member type="way" ref="371670263" role="inner"/>
  <member type="way" ref="371670269" role="inner"/>
  <member type="way" ref="371670273" role="inner"/>
  <member type="way" ref="371670275" role="inner"/>
  <member type="way" ref="371670266" role="inner"/>
  <member type="way" ref="371670271" role="inner"/>
  <member type="way" ref="238914725" role="inner"/>
  <member type="way" ref="288179466" role="inner"/>
  <member type="way" ref="95341407" role="inner"/>
  <member type="way" ref="95341197" role="inner"/>
  <member type="way" ref="10938267" role="inner"/>
  <member type="way" ref="29177280" role="inner"/>
  <member type="way" ref="10939346" role="inner"/>
  <member type="way" ref="29176420" role="inner"/>
  <member type="way" ref="29176419" role="inner"/>
  <member type="way" ref="10939561" role="inner"/>
  <member type="way" ref="10938336" role="inner"/>
  <member type="way" ref="10938269" role="inner"/>
  <member type="way" ref="10939382" role="inner"/>
  <member type="way" ref="10939063" role="inner"/>
  <member type="way" ref="10938579" role="inner"/>
  <member type="way" ref="10939470" role="inner"/>
  <member type="way" ref="10938959" role="inner"/>
  <member type="way" ref="33762632" role="inner"/>
  <member type="way" ref="10939147" role="inner"/>
  <member type="way" ref="10938462" role="inner"/>
  <member type="way" ref="33762394" role="inner"/>
  <member type="way" ref="10938791" role="inner"/>
  <member type="way" ref="10939358" role="inner"/>
  <member type="way" ref="33762757" role="inner"/>
  <member type="way" ref="10938595" role="inner"/>
  <member type="way" ref="70856235" role="inner"/>
  <member type="way" ref="70856274" role="inner"/>
  <member type="way" ref="238912077" role="inner"/>
  <member type="way" ref="70856293" role="inner"/>
  <member type="way" ref="70856270" role="inner"/>
  <member type="way" ref="70856206" role="inner"/>
  <member type="way" ref="70856251" role="inner"/>
  <member type="way" ref="238912058" role="inner"/>
  <member type="way" ref="70856240" role="inner"/>
  <member type="way" ref="70856190" role="inner"/>
  <member type="way" ref="238912099" role="inner"/>
  <member type="way" ref="70856264" role="inner"/>
  <member type="way" ref="70856175" role="inner"/>
  <member type="way" ref="70856290" role="inner"/>
  <member type="way" ref="70856237" role="inner"/>
  <member type="way" ref="70856255" role="inner"/>
  <member type="way" ref="70856224" role="inner"/>
  <member type="way" ref="70856217" role="inner"/>
  <member type="way" ref="33762324" role="inner"/>
  <member type="way" ref="70856241" role="inner"/>
  <member type="way" ref="70856253" role="inner"/>
  <member type="way" ref="70856177" role="inner"/>
  <member type="way" ref="70856195" role="inner"/>
  <member type="way" ref="70856184" role="inner"/>
  <member type="way" ref="70856225" role="inner"/>
  <member type="way" ref="70856178" role="inner"/>
  <member type="way" ref="70856249" role="inner"/>
  <member type="way" ref="70856185" role="inner"/>
  <member type="way" ref="70856221" role="inner"/>
  <member type="way" ref="70856182" role="inner"/>
  <member type="way" ref="70856211" role="inner"/>
  <member type="way" ref="70856252" role="inner"/>
  <member type="way" ref="70856176" role="inner"/>
  <member type="way" ref="10938433" role="inner"/>
  <member type="way" ref="70856187" role="inner"/>
  <member type="way" ref="70856238" role="inner"/>
  <member type="way" ref="1023507233" role="inner"/>
  <member type="way" ref="1023507231" role="inner"/>
  <member type="way" ref="1023507228" role="inner"/>
  <member type="way" ref="1023507227" role="inner"/>
  <member type="way" ref="1023507225" role="inner"/>
  <member type="way" ref="1023507226" role="inner"/>
  <member type="way" ref="1023507222" role="inner"/>
  <member type="way" ref="1023507220" role="inner"/>
  <member type="way" ref="211145440" role="inner"/>
  <member type="way" ref="1023507208" role="inner"/>
  <member type="way" ref="1023507209" role="inner"/>
  <member type="way" ref="1023507230" role="inner"/>
  <member type="way" ref="70856245" role="inner"/>
  <member type="way" ref="70856242" role="inner"/>
  <member type="way" ref="70856254" role="inner"/>
  <member type="way" ref="70856189" role="inner"/>
  <member type="way" ref="70856248" role="inner"/>
  <member type="way" ref="70856257" role="inner"/>
  <member type="way" ref="70856272" role="inner"/>
  <member type="way" ref="70856196" role="inner"/>
  <member type="way" ref="70856180" role="inner"/>
  <member type="way" ref="70856259" role="inner"/>
  <member type="way" ref="70856243" role="inner"/>
  <member type="way" ref="70856256" role="inner"/>
  <member type="way" ref="70856234" role="inner"/>
  <member type="way" ref="238914716" role="inner"/>
  <member type="way" ref="70856283" role="inner"/>
  <member type="way" ref="70656318" role="inner"/>
  <member type="way" ref="70656320" role="inner"/>
  <member type="way" ref="70656319" role="inner"/>
  <member type="way" ref="70601812" role="inner"/>
  <member type="way" ref="70601830" role="inner"/>
  <member type="way" ref="70601773" role="inner"/>
  <member type="way" ref="70601800" role="inner"/>
  <member type="way" ref="70601832" role="inner"/>
  <member type="way" ref="10938445" role="inner"/>
  <member type="way" ref="70601798" role="inner"/>
  <member type="way" ref="70601807" role="inner"/>
  <member type="way" ref="830664655" role="inner"/>
  <member type="way" ref="831113397" role="inner"/>
  <member type="way" ref="831113396" role="inner"/>
  <member type="way" ref="831113392" role="inner"/>
  <member type="way" ref="831113394" role="inner"/>
  <member type="way" ref="831113395" role="inner"/>
  <member type="way" ref="831113393" role="inner"/>
  <member type="way" ref="230724020" role="inner"/>
  <member type="way" ref="230724019" role="inner"/>
  <member type="way" ref="230724021" role="inner"/>
  <member type="way" ref="230724015" role="inner"/>
  <member type="way" ref="230724017" role="inner"/>
  <member type="way" ref="230724014" role="inner"/>
  <member type="way" ref="230724016" role="inner"/>
  <member type="way" ref="125257402" role="inner"/>
  <member type="way" ref="182640075" role="inner"/>
  <member type="way" ref="182640074" role="inner"/>
  <member type="way" ref="184291452" role="inner"/>
  <member type="way" ref="590219885" role="outer"/>
  <member type="way" ref="1093171334" role="outer"/>
  <member type="way" ref="590219883" role="outer"/>
  <member type="way" ref="1093171332" role="outer"/>
  <member type="way" ref="589633325" role="outer"/>
  <member type="way" ref="1092754734" role="outer"/>
  <member type="way" ref="589639543" role="outer"/>
  <member type="way" ref="589639542" role="outer"/>
  <member type="way" ref="589635785" role="outer"/>
  <member type="way" ref="589633324" role="outer"/>
  <member type="way" ref="590159681" role="outer"/>
  <member type="way" ref="590159680" role="outer"/>
  <member type="way" ref="1092742351" role="outer"/>
  <member type="way" ref="589709960" role="outer"/>
  <member type="way" ref="589709959" role="outer"/>
  <member type="way" ref="1093377884" role="outer"/>
  <member type="way" ref="33182767" role="outer"/>
  <member type="way" ref="33182956" role="outer"/>
  <member type="way" ref="999737040" role="outer"/>
  <member type="way" ref="589709962" role="outer"/>
  <member type="way" ref="589709961" role="outer"/>
  <member type="way" ref="145077174" role="outer"/>
  <member type="way" ref="1000931929" role="outer"/>
  <member type="way" ref="145077173" role="outer"/>
  <member type="way" ref="93788815" role="outer"/>
  <member type="way" ref="326177876" role="outer"/>
  <member type="way" ref="427478833" role="outer"/>
  <member type="way" ref="427478840" role="outer"/>
  <member type="way" ref="427478841" role="outer"/>
  <member type="way" ref="326177870" role="outer"/>
  <member type="way" ref="93788868" role="outer"/>
  <member type="way" ref="93788839" role="outer"/>
  <member type="way" ref="94039523" role="outer"/>
  <member type="way" ref="371389416" role="outer"/>
  <member type="way" ref="373162647" role="outer"/>
  <member type="way" ref="372935960" role="outer"/>
  <member type="way" ref="150093091" role="outer"/>
  <member type="way" ref="373162650" role="outer"/>
  <member type="way" ref="372935939" role="outer"/>
  <member type="way" ref="371685427" role="outer"/>
  <member type="way" ref="372935944" role="outer"/>
  <member type="way" ref="371686897" role="outer"/>
  <member type="way" ref="371692994" role="outer"/>
  <member type="way" ref="371749007" role="outer"/>
  <member type="way" ref="371749002" role="outer"/>
  <member type="way" ref="1168600405" role="outer"/>
  <member type="way" ref="1168600402" role="outer"/>
  <member type="way" ref="1168600403" role="outer"/>
  <member type="way" ref="1168600386" role="outer"/>
  <member type="way" ref="1064954354" role="outer"/>
  <member type="way" ref="1168600407" role="outer"/>
  <member type="way" ref="1168600420" role="outer"/>
  <member type="way" ref="1168600419" role="outer"/>
  <member type="way" ref="1168600409" role="outer"/>
  <member type="way" ref="1168600408" role="outer"/>
  <member type="way" ref="1168600411" role="outer"/>
  <member type="way" ref="1168600410" role="outer"/>
  <member type="way" ref="1168600417" role="outer"/>
  <member type="way" ref="1168600413" role="outer"/>
  <member type="way" ref="1168600414" role="outer"/>
  <member type="way" ref="1168600412" role="outer"/>
  <member type="way" ref="1168600416" role="outer"/>
  <member type="way" ref="371748774" role="outer"/>
  <member type="way" ref="70575037" role="outer"/>
  <member type="way" ref="371748775" role="outer"/>
  <member type="way" ref="208938592" role="outer"/>
  <member type="way" ref="371748849" role="outer"/>
  <member type="way" ref="34894196" role="outer"/>
  <member type="way" ref="1084122514" role="outer"/>
  <member type="way" ref="278450363" role="outer"/>
  <member type="way" ref="208938657" role="outer"/>
  <member type="way" ref="179335849" role="outer"/>
  <member type="way" ref="1013913702" role="outer"/>
  <member type="way" ref="10938503" role="outer"/>
  <member type="way" ref="1013913995" role="outer"/>
  <member type="way" ref="1013913701" role="outer"/>
  <member type="way" ref="288749425" role="outer"/>
  <member type="way" ref="1092220803" role="outer"/>
  <member type="way" ref="99314847" role="outer"/>
  <member type="way" ref="99314850" role="outer"/>
  <member type="way" ref="1013913994" role="outer"/>
  <member type="way" ref="186450385" role="outer"/>
  <member type="way" ref="1092220805" role="outer"/>
  <member type="way" ref="99314849" role="outer"/>
  <member type="way" ref="99314851" role="outer"/>
  <member type="way" ref="99309195" role="outer"/>
  <member type="way" ref="10939205" role="outer"/>
  <member type="way" ref="10939096" role="outer"/>
  <member type="way" ref="288179471" role="outer"/>
  <member type="way" ref="1084062782" role="outer"/>
  <member type="way" ref="288647675" role="outer"/>
  <member type="way" ref="288223024" role="outer"/>
  <member type="way" ref="288223027" role="outer"/>
  <member type="way" ref="288223029" role="outer"/>
  <member type="way" ref="288179469" role="outer"/>
  <member type="way" ref="288179470" role="outer"/>
  <member type="way" ref="288179468" role="outer"/>
  <member type="way" ref="1096778062" role="outer"/>
  <member type="way" ref="1097130479" role="outer"/>
  <member type="way" ref="288179472" role="outer"/>
  <member type="way" ref="1013915928" role="outer"/>
  <member type="way" ref="288178504" role="outer"/>
  <member type="way" ref="186450254" role="outer"/>
  <member type="way" ref="1062942248" role="outer"/>
  <member type="way" ref="1097515140" role="outer"/>
  <member type="way" ref="1097515139" role="outer"/>
  <member type="way" ref="1097515126" role="outer"/>
  <member type="way" ref="10938690" role="outer"/>
  <member type="way" ref="1097515119" role="outer"/>
  <member type="way" ref="1097515110" role="outer"/>
  <tag k="name" v="Baía de Guanabara"/>
  <tag k="name:de" v="Guanabara-Bucht"/>
  <tag k="name:el" v="Κόλπος Γκουαναμπάρα"/>
  <tag k="name:en" v="Guanabara Bay"/>
  <tag k="name:es" v="Bahía de Guanabara"/>
  <tag k="name:fr" v="Baie de Guanabara"/>
  <tag k="name:it" v="Baia di Guanabara"/>
  <tag k="name:ro" v="Golful Guanabara"/>
  <tag k="name:ru" v="залив Гуанабара"/>
  <tag k="name:zh-Hans" v="瓜纳巴拉湾"/>
  <tag k="name:zh-Hant" v="瓜納巴拉灣"/>
  <tag k="natural" v="bay"/>
  <tag k="type" v="multipolygon"/>
  <tag k="wikidata" v="Q224101"/>
  <tag k="wikipedia" v="pt:Baía de Guanabara"/>
  <tag k="wikipedia:ru" v="Гуанабара"/>
 </relation>
 <relation id="2220780" visible="true" version="122" changeset="173950197" timestamp="2025-10-29T21:57:09Z" user="Sturm br" uid="604619">
  <member type="way" ref="1295607375" role="outer"/>
  <member type="way" ref="427163235" role="outer"/>
  <member type="way" ref="1062968682" role="outer"/>
  <member type="way" ref="1062968683" role="outer"/>
  <member type="way" ref="1062968681" role="outer"/>
  <member type="way" ref="1062942255" role="outer"/>
  <member type="way" ref="1062942254" role="outer"/>
  <member type="way" ref="28824255" role="outer"/>
  <member type="way" ref="1084323842" role="outer"/>
  <member type="way" ref="30638037" role="outer"/>
  <member type="way" ref="30638179" role="outer"/>
  <member type="way" ref="1085720519" role="outer"/>
  <member type="way" ref="30638277" role="outer"/>
  <member type="way" ref="30638319" role="outer"/>
  <member type="way" ref="1092220804" role="outer"/>
  <member type="way" ref="30639036" role="outer"/>
  <member type="way" ref="1083881675" role="outer"/>
  <member type="way" ref="30639096" role="outer"/>
  <member type="way" ref="30638461" role="outer"/>
  <member type="way" ref="30639040" role="outer"/>
  <member type="way" ref="30638687" role="outer"/>
  <member type="way" ref="30638656" role="outer"/>
  <member type="way" ref="30639015" role="outer"/>
  <member type="way" ref="30638353" role="outer"/>
  <member type="way" ref="30638351" role="outer"/>
  <member type="way" ref="30638262" role="outer"/>
  <member type="way" ref="30638084" role="outer"/>
  <member type="way" ref="30638070" role="outer"/>
  <member type="way" ref="30638735" role="outer"/>
  <member type="way" ref="30638639" role="outer"/>
  <member type="way" ref="30639143" role="outer"/>
  <member type="way" ref="30639064" role="outer"/>
  <member type="way" ref="30639077" role="outer"/>
  <member type="way" ref="30638519" role="outer"/>
  <member type="way" ref="30638418" role="outer"/>
  <member type="way" ref="30637886" role="outer"/>
  <member type="way" ref="1091729642" role="outer"/>
  <member type="way" ref="1084136563" role="outer"/>
  <member type="way" ref="30638072" role="outer"/>
  <member type="way" ref="1013915931" role="outer"/>
  <member type="way" ref="1013915930" role="outer"/>
  <member type="way" ref="30638857" role="outer"/>
  <member type="way" ref="30638812" role="outer"/>
  <member type="way" ref="30638703" role="outer"/>
  <member type="way" ref="1092222362" role="outer"/>
  <member type="way" ref="30638520" role="outer"/>
  <member type="way" ref="30638324" role="outer"/>
  <member type="way" ref="30638573" role="outer"/>
  <member type="way" ref="30639211" role="outer"/>
  <member type="way" ref="1092222360" role="outer"/>
  <member type="way" ref="1092226739" role="outer"/>
  <member type="way" ref="30142656" role="outer"/>
  <member type="way" ref="1090253729" role="outer"/>
  <member type="way" ref="1090253727" role="outer"/>
  <member type="way" ref="1090253728" role="outer"/>
  <member type="way" ref="30142657" role="outer"/>
  <member type="way" ref="10938652" role="outer"/>
  <member type="way" ref="30595998" role="outer"/>
  <member type="way" ref="270048411" role="outer"/>
  <member type="way" ref="270048410" role="outer"/>
  <member type="way" ref="1092226740" role="outer"/>
  <member type="way" ref="270048409" role="outer"/>
  <member type="way" ref="615645823" role="outer"/>
  <member type="way" ref="615391863" role="outer"/>
  <member type="way" ref="615390415" role="outer"/>
  <member type="way" ref="615645827" role="outer"/>
  <member type="way" ref="615645828" role="outer"/>
  <member type="way" ref="615645829" role="outer"/>
  <member type="way" ref="615645830" role="outer"/>
  <member type="way" ref="615645831" role="outer"/>
  <member type="way" ref="615645834" role="outer"/>
  <member type="way" ref="615645871" role="outer"/>
  <member type="way" ref="615645869" role="outer"/>
  <member type="way" ref="615645872" role="outer"/>
  <member type="way" ref="615645870" role="outer"/>
  <member type="way" ref="615645875" role="outer"/>
  <member type="way" ref="615390414" role="outer"/>
  <member type="way" ref="184302252" role="outer"/>
  <member type="way" ref="590200845" role="outer"/>
  <member type="way" ref="590200850" role="outer"/>
  <member type="way" ref="590200853" role="outer"/>
  <member type="way" ref="590164797" role="outer"/>
  <member type="way" ref="589709961" role="outer"/>
  <member type="way" ref="589709962" role="outer"/>
  <member type="way" ref="999737040" role="outer"/>
  <member type="way" ref="33182956" role="outer"/>
  <member type="way" ref="33182767" role="outer"/>
  <member type="way" ref="1093377884" role="outer"/>
  <member type="way" ref="589709959" role="outer"/>
  <member type="way" ref="589709960" role="outer"/>
  <member type="way" ref="1092742351" role="outer"/>
  <member type="way" ref="590159680" role="outer"/>
  <member type="way" ref="590159681" role="outer"/>
  <member type="way" ref="589633324" role="outer"/>
  <member type="way" ref="589635785" role="outer"/>
  <member type="way" ref="589639542" role="outer"/>
  <member type="way" ref="589639543" role="outer"/>
  <member type="way" ref="1092754734" role="outer"/>
  <member type="way" ref="589633325" role="outer"/>
  <member type="way" ref="1093171332" role="outer"/>
  <member type="way" ref="590219883" role="outer"/>
  <member type="way" ref="1093171334" role="outer"/>
  <member type="way" ref="590219885" role="outer"/>
  <member type="way" ref="1097515110" role="outer"/>
  <member type="way" ref="1097515119" role="outer"/>
  <member type="way" ref="10938690" role="outer"/>
  <member type="way" ref="1097515126" role="outer"/>
  <member type="way" ref="1097515139" role="outer"/>
  <member type="way" ref="1097515140" role="outer"/>
  <member type="way" ref="1062942248" role="outer"/>
  <member type="way" ref="186450254" role="outer"/>
  <member type="way" ref="288178504" role="outer"/>
  <member type="way" ref="1013915928" role="outer"/>
  <member type="way" ref="288179472" role="outer"/>
  <member type="way" ref="1097130479" role="outer"/>
  <member type="way" ref="1096778062" role="outer"/>
  <member type="way" ref="288179468" role="outer"/>
  <member type="way" ref="288179470" role="outer"/>
  <member type="way" ref="288179469" role="outer"/>
  <member type="way" ref="288223029" role="outer"/>
  <member type="way" ref="288223027" role="outer"/>
  <member type="way" ref="288223024" role="outer"/>
  <member type="way" ref="288647675" role="outer"/>
  <member type="way" ref="1084062782" role="outer"/>
  <member type="way" ref="288179471" role="outer"/>
  <member type="way" ref="10939096" role="outer"/>
  <member type="way" ref="10939205" role="outer"/>
  <member type="way" ref="99309195" role="outer"/>
  <member type="way" ref="99314851" role="outer"/>
  <member type="way" ref="99314849" role="outer"/>
  <member type="way" ref="1092220805" role="outer"/>
  <member type="way" ref="186450385" role="outer"/>
  <member type="way" ref="1013913994" role="outer"/>
  <member type="way" ref="99314850" role="outer"/>
  <member type="way" ref="99314847" role="outer"/>
  <member type="way" ref="1092220803" role="outer"/>
  <member type="way" ref="288749425" role="outer"/>
  <member type="way" ref="1013913701" role="outer"/>
  <member type="way" ref="1013913995" role="outer"/>
  <member type="way" ref="10938503" role="outer"/>
  <member type="way" ref="1013913702" role="outer"/>
  <member type="way" ref="179335849" role="outer"/>
  <member type="way" ref="208938657" role="outer"/>
  <member type="way" ref="278450363" role="outer"/>
  <member type="way" ref="1084122514" role="outer"/>
  <member type="way" ref="34894196" role="outer"/>
  <member type="way" ref="371748849" role="outer"/>
  <member type="way" ref="208938592" role="outer"/>
  <member type="way" ref="371748775" role="outer"/>
  <member type="way" ref="70575037" role="outer"/>
  <member type="way" ref="371748774" role="outer"/>
  <member type="way" ref="1168600416" role="outer"/>
  <member type="way" ref="1168600412" role="outer"/>
  <member type="way" ref="1168600414" role="outer"/>
  <member type="way" ref="1168600413" role="outer"/>
  <member type="way" ref="1168600417" role="outer"/>
  <member type="way" ref="1168600410" role="outer"/>
  <member type="way" ref="1168600411" role="outer"/>
  <member type="way" ref="1168600408" role="outer"/>
  <member type="way" ref="1168600409" role="outer"/>
  <member type="way" ref="1168600419" role="outer"/>
  <member type="way" ref="1168600420" role="outer"/>
  <member type="way" ref="1168600407" role="outer"/>
  <member type="way" ref="1064954354" role="outer"/>
  <member type="way" ref="1168600386" role="outer"/>
  <member type="way" ref="1168600403" role="outer"/>
  <member type="way" ref="1168600402" role="outer"/>
  <member type="way" ref="1168600405" role="outer"/>
  <member type="way" ref="371749002" role="outer"/>
  <member type="way" ref="371749007" role="outer"/>
  <member type="way" ref="371692994" role="outer"/>
  <member type="way" ref="371686897" role="outer"/>
  <member type="way" ref="372935944" role="outer"/>
  <member type="way" ref="371685427" role="outer"/>
  <member type="way" ref="372935939" role="outer"/>
  <member type="way" ref="373162650" role="outer"/>
  <member type="way" ref="150093091" role="outer"/>
  <member type="way" ref="372935960" role="outer"/>
  <member type="way" ref="373162647" role="outer"/>
  <member type="way" ref="371389416" role="outer"/>
  <member type="way" ref="94039523" role="outer"/>
  <member type="way" ref="93788839" role="outer"/>
  <member type="way" ref="93788868" role="outer"/>
  <member type="way" ref="326177870" role="outer"/>
  <member type="way" ref="427478841" role="outer"/>
  <member type="way" ref="427478840" role="outer"/>
  <member type="way" ref="427478833" role="outer"/>
  <member type="way" ref="326177876" role="outer"/>
  <member type="way" ref="93788815" role="outer"/>
  <member type="way" ref="145077173" role="outer"/>
  <member type="way" ref="1000931929" role="outer"/>
  <member type="way" ref="371748984" role="outer"/>
  <member type="way" ref="371413853" role="outer"/>
  <member type="way" ref="1002853349" role="outer"/>
  <member type="way" ref="1000931931" role="outer"/>
  <member type="way" ref="70574890" role="outer"/>
  <member type="way" ref="381600323" role="outer"/>
  <member type="way" ref="381600327" role="outer"/>
  <member type="way" ref="371413852" role="outer"/>
  <member type="way" ref="381625945" role="outer"/>
  <member type="way" ref="381600325" role="outer"/>
  <member type="way" ref="381625935" role="outer"/>
  <member type="way" ref="381639469" role="outer"/>
  <member type="way" ref="381600334" role="outer"/>
  <member type="way" ref="381639478" role="outer"/>
  <member type="way" ref="1002853351" role="outer"/>
  <member type="way" ref="371511361" role="outer"/>
  <member type="way" ref="371512811" role="outer"/>
  <member type="way" ref="1002853352" role="outer"/>
  <member type="way" ref="70574425" role="outer"/>
  <member type="way" ref="371656015" role="outer"/>
  <member type="way" ref="1002853354" role="outer"/>
  <member type="way" ref="1002853355" role="outer"/>
  <member type="way" ref="153680642" role="outer"/>
  <member type="way" ref="372177036" role="outer"/>
  <member type="way" ref="387231942" role="outer"/>
  <member type="way" ref="1009202362" role="outer"/>
  <member type="way" ref="371644215" role="outer"/>
  <member type="way" ref="1009202361" role="outer"/>
  <member type="way" ref="1002853357" role="outer"/>
  <member type="way" ref="372177034" role="outer"/>
  <member type="way" ref="372177035" role="outer"/>
  <member type="way" ref="1007445577" role="outer"/>
  <member type="way" ref="962414398" role="outer"/>
  <member type="way" ref="372177037" role="outer"/>
  <member type="way" ref="1007445578" role="outer"/>
  <member type="way" ref="1007188075" role="outer"/>
  <member type="way" ref="372177038" role="outer"/>
  <member type="way" ref="1007188067" role="outer"/>
  <member type="way" ref="371445455" role="outer"/>
  <member type="way" ref="1007188069" role="outer"/>
  <member type="way" ref="372500668" role="outer"/>
  <member type="way" ref="372500679" role="outer"/>
  <member type="way" ref="372500685" role="outer"/>
  <member type="way" ref="372500636" role="outer"/>
  <member type="way" ref="1007188071" role="outer"/>
  <member type="way" ref="372500625" role="outer"/>
  <member type="way" ref="372500718" role="outer"/>
  <member type="way" ref="372500670" role="outer"/>
  <member type="way" ref="372500644" role="outer"/>
  <member type="way" ref="372500682" role="outer"/>
  <member type="way" ref="372500613" role="outer"/>
  <member type="way" ref="372500648" role="outer"/>
  <member type="way" ref="371445456" role="outer"/>
  <member type="way" ref="1007188074" role="outer"/>
  <member type="way" ref="372500655" role="outer"/>
  <member type="way" ref="372500638" role="outer"/>
  <member type="way" ref="70574527" role="outer"/>
  <member type="way" ref="74851537" role="outer"/>
  <member type="way" ref="200736124" role="outer"/>
  <member type="way" ref="70463740" role="outer"/>
  <member type="way" ref="34895061" role="outer"/>
  <member type="way" ref="443857146" role="outer"/>
  <member type="way" ref="1096357613" role="outer"/>
  <member type="way" ref="286620183" role="outer"/>
  <member type="way" ref="372500720" role="outer"/>
  <member type="way" ref="372500697" role="outer"/>
  <member type="way" ref="372500602" role="outer"/>
  <member type="way" ref="1007144942" role="outer"/>
  <member type="way" ref="372500660" role="outer"/>
  <member type="way" ref="1007169146" role="outer"/>
  <member type="way" ref="30638765" role="outer"/>
  <member type="way" ref="1007169147" role="outer"/>
  <member type="way" ref="372500673" role="outer"/>
  <member type="way" ref="1007169148" role="outer"/>
  <member type="way" ref="443857095" role="outer"/>
  <member type="way" ref="30638154" role="outer"/>
  <member type="way" ref="372500629" role="outer"/>
  <member type="way" ref="200736126" role="outer"/>
  <member type="way" ref="200736128" role="outer"/>
  <member type="way" ref="372500639" role="outer"/>
  <member type="way" ref="186862065" role="outer"/>
  <member type="way" ref="747925964" role="outer"/>
  <member type="way" ref="747925967" role="outer"/>
  <member type="way" ref="747772278" role="outer"/>
  <member type="way" ref="747772277" role="outer"/>
  <member type="way" ref="747772276" role="outer"/>
  <member type="way" ref="164581035" role="outer"/>
  <member type="way" ref="747772274" role="outer"/>
  <member type="way" ref="747772273" role="outer"/>
  <member type="way" ref="747772285" role="outer"/>
  <member type="way" ref="371475175" role="outer"/>
  <member type="way" ref="747772282" role="outer"/>
  <member type="way" ref="747772284" role="outer"/>
  <member type="way" ref="747772287" role="outer"/>
  <member type="way" ref="747772289" role="outer"/>
  <member type="way" ref="747772291" role="outer"/>
  <member type="way" ref="747772290" role="outer"/>
  <member type="way" ref="371442567" role="outer"/>
  <member type="way" ref="747772296" role="outer"/>
  <member type="way" ref="747772297" role="outer"/>
  <member type="way" ref="747772300" role="outer"/>
  <member type="way" ref="747772305" role="outer"/>
  <member type="way" ref="747772326" role="outer"/>
  <member type="way" ref="747772325" role="outer"/>
  <member type="way" ref="371442573" role="outer"/>
  <member type="way" ref="747772311" role="outer"/>
  <member type="way" ref="747772322" role="outer"/>
  <member type="way" ref="747772333" role="outer"/>
  <member type="way" ref="747772327" role="outer"/>
  <member type="way" ref="747772340" role="outer"/>
  <member type="way" ref="371442566" role="outer"/>
  <member type="way" ref="747772341" role="outer"/>
  <member type="way" ref="179332400" role="outer"/>
  <member type="way" ref="747772342" role="outer"/>
  <member type="way" ref="747772350" role="outer"/>
  <member type="way" ref="747772362" role="outer"/>
  <member type="way" ref="747772363" role="outer"/>
  <member type="way" ref="747772352" role="outer"/>
  <member type="way" ref="426800043" role="outer"/>
  <member type="way" ref="747772357" role="outer"/>
  <member type="way" ref="747772358" role="outer"/>
  <member type="way" ref="826000180" role="outer"/>
  <member type="way" ref="1326478631" role="inner"/>
  <member type="way" ref="747772371" role="outer"/>
  <member type="way" ref="10939509" role="outer"/>
  <member type="way" ref="812691198" role="outer"/>
  <member type="way" ref="812691201" role="outer"/>
  <member type="way" ref="747772369" role="outer"/>
  <member type="way" ref="812670893" role="outer"/>
  <member type="way" ref="812670908" role="outer"/>
  <member type="way" ref="812670879" role="outer"/>
  <member type="way" ref="812670891" role="outer"/>
  <member type="way" ref="747727912" role="outer"/>
  <member type="way" ref="827914354" role="outer"/>
  <member type="way" ref="30638679" role="outer"/>
  <member type="way" ref="747727913" role="outer"/>
  <member type="way" ref="30638897" role="outer"/>
  <member type="way" ref="1096357615" role="outer"/>
  <member type="way" ref="30639140" role="outer"/>
  <member type="way" ref="747842983" role="outer"/>
  <member type="way" ref="1096357626" role="outer"/>
  <member type="way" ref="747842984" role="outer"/>
  <member type="way" ref="747842985" role="outer"/>
  <member type="way" ref="747842979" role="outer"/>
  <member type="way" ref="747842980" role="outer"/>
  <member type="way" ref="747842977" role="outer"/>
  <member type="way" ref="747842978" role="outer"/>
  <member type="way" ref="747842975" role="outer"/>
  <member type="way" ref="747842976" role="outer"/>
  <member type="way" ref="747842973" role="outer"/>
  <member type="way" ref="747842974" role="outer"/>
  <member type="way" ref="747842971" role="outer"/>
  <member type="way" ref="747842972" role="outer"/>
  <member type="way" ref="747842969" role="outer"/>
  <member type="way" ref="747842970" role="outer"/>
  <member type="way" ref="747842967" role="outer"/>
  <member type="way" ref="747842968" role="outer"/>
  <member type="way" ref="1007144941" role="outer"/>
  <member type="way" ref="747842965" role="outer"/>
  <member type="way" ref="747842966" role="outer"/>
  <member type="way" ref="747842962" role="outer"/>
  <member type="way" ref="747842963" role="outer"/>
  <member type="way" ref="747842964" role="outer"/>
  <member type="way" ref="747842960" role="outer"/>
  <member type="way" ref="747842961" role="outer"/>
  <member type="way" ref="747842958" role="outer"/>
  <member type="way" ref="747842959" role="outer"/>
  <member type="way" ref="747842956" role="outer"/>
  <member type="way" ref="1096357627" role="outer"/>
  <member type="way" ref="747842957" role="outer"/>
  <member type="way" ref="147097785" role="outer"/>
  <member type="way" ref="747842954" role="outer"/>
  <member type="way" ref="747842955" role="outer"/>
  <member type="way" ref="30639160" role="outer"/>
  <member type="way" ref="30638308" role="outer"/>
  <member type="way" ref="30638793" role="outer"/>
  <member type="way" ref="30638054" role="outer"/>
  <member type="way" ref="1096357616" role="outer"/>
  <member type="way" ref="30638138" role="outer"/>
  <member type="way" ref="30638487" role="outer"/>
  <member type="way" ref="30638419" role="outer"/>
  <member type="way" ref="30639183" role="outer"/>
  <member type="way" ref="30637929" role="outer"/>
  <member type="way" ref="1007156504" role="outer"/>
  <member type="way" ref="30637937" role="outer"/>
  <member type="way" ref="1096432970" role="outer"/>
  <member type="way" ref="30638777" role="outer"/>
  <member type="way" ref="827914358" role="outer"/>
  <member type="way" ref="30639165" role="outer"/>
  <member type="way" ref="1096125809" role="outer"/>
  <member type="way" ref="1359177746" role="outer"/>
  <member type="way" ref="1359177747" role="outer"/>
  <member type="way" ref="30639129" role="outer"/>
  <member type="way" ref="827914367" role="outer"/>
  <member type="way" ref="30638133" role="outer"/>
  <member type="way" ref="30638913" role="outer"/>
  <member type="way" ref="1095773015" role="outer"/>
  <member type="way" ref="30638023" role="outer"/>
  <member type="way" ref="827954087" role="outer"/>
  <member type="way" ref="30638479" role="outer"/>
  <member type="way" ref="827954075" role="outer"/>
  <member type="way" ref="827954045" role="outer"/>
  <member type="way" ref="1084244694" role="outer"/>
  <member type="way" ref="1084244695" role="outer"/>
  <member type="way" ref="30639176" role="outer"/>
  <member type="way" ref="10938752" role="outer"/>
  <member type="way" ref="10938556" role="outer"/>
  <member type="way" ref="10938565" role="outer"/>
  <member type="way" ref="10939183" role="outer"/>
  <member type="way" ref="10938985" role="outer"/>
  <member type="way" ref="10938932" role="outer"/>
  <member type="way" ref="10938265" role="outer"/>
  <member type="way" ref="10939084" role="outer"/>
  <member type="way" ref="10938647" role="outer"/>
  <member type="way" ref="10938617" role="outer"/>
  <member type="way" ref="10938976" role="outer"/>
  <member type="way" ref="10939549" role="outer"/>
  <member type="way" ref="10938489" role="outer"/>
  <member type="way" ref="10939112" role="outer"/>
  <member type="way" ref="10938573" role="outer"/>
  <member type="way" ref="10939536" role="outer"/>
  <member type="way" ref="10938317" role="outer"/>
  <member type="way" ref="10937601" role="outer"/>
  <member type="way" ref="10937404" role="outer"/>
  <member type="way" ref="10937688" role="outer"/>
  <member type="way" ref="10936905" role="outer"/>
  <member type="way" ref="10937739" role="outer"/>
  <member type="way" ref="10937097" role="outer"/>
  <member type="way" ref="10937726" role="outer"/>
  <member type="way" ref="339820390" role="outer"/>
  <member type="way" ref="10938748" role="outer"/>
  <member type="way" ref="10938284" role="outer"/>
  <member type="way" ref="10938643" role="outer"/>
  <member type="way" ref="10936836" role="outer"/>
  <member type="way" ref="10938007" role="outer"/>
  <member type="way" ref="10936799" role="outer"/>
  <member type="way" ref="70601825" role="outer"/>
  <member type="way" ref="70601801" role="outer"/>
  <member type="way" ref="70601788" role="outer"/>
  <member type="way" ref="64375300" role="outer"/>
  <member type="way" ref="64375294" role="outer"/>
  <member type="way" ref="64374496" role="outer"/>
  <member type="way" ref="184291452" role="outer"/>
  <member type="way" ref="29177280" role="outer"/>
  <member type="way" ref="10939346" role="outer"/>
  <member type="way" ref="29176420" role="outer"/>
  <member type="way" ref="29176419" role="outer"/>
  <member type="way" ref="10939561" role="outer"/>
  <member type="way" ref="70856190" role="outer"/>
  <member type="way" ref="70856290" role="outer"/>
  <member type="way" ref="70856237" role="outer"/>
  <member type="way" ref="70856184" role="outer"/>
  <member type="way" ref="70856195" role="outer"/>
  <member type="way" ref="70856224" role="outer"/>
  <member type="way" ref="70856241" role="outer"/>
  <member type="way" ref="70856253" role="outer"/>
  <member type="way" ref="70856217" role="outer"/>
  <member type="way" ref="70856255" role="outer"/>
  <member type="way" ref="33762324" role="outer"/>
  <member type="way" ref="70856175" role="outer"/>
  <member type="way" ref="70856177" role="outer"/>
  <member type="way" ref="70856264" role="outer"/>
  <member type="way" ref="1023507233" role="outer"/>
  <member type="way" ref="1023507231" role="outer"/>
  <member type="way" ref="1023507228" role="outer"/>
  <member type="way" ref="1023507227" role="outer"/>
  <member type="way" ref="1023507225" role="outer"/>
  <member type="way" ref="1023507226" role="outer"/>
  <member type="way" ref="1023507222" role="outer"/>
  <member type="way" ref="1023507220" role="outer"/>
  <member type="way" ref="211145440" role="outer"/>
  <member type="way" ref="1023507208" role="outer"/>
  <member type="way" ref="1023507209" role="outer"/>
  <member type="way" ref="1023507230" role="outer"/>
  <member type="way" ref="238912099" role="outer"/>
  <member type="way" ref="70856240" role="outer"/>
  <member type="way" ref="238912058" role="outer"/>
  <member type="way" ref="70856235" role="outer"/>
  <member type="way" ref="238912077" role="outer"/>
  <member type="way" ref="70856293" role="outer"/>
  <member type="way" ref="70856206" role="outer"/>
  <member type="way" ref="70856270" role="outer"/>
  <member type="way" ref="70856251" role="outer"/>
  <member type="way" ref="70856274" role="outer"/>
  <member type="way" ref="10938595" role="outer"/>
  <member type="way" ref="10939358" role="outer"/>
  <member type="way" ref="33762394" role="outer"/>
  <member type="way" ref="10938791" role="outer"/>
  <member type="way" ref="10939470" role="outer"/>
  <member type="way" ref="10938462" role="outer"/>
  <member type="way" ref="10939147" role="outer"/>
  <member type="way" ref="70856182" role="outer"/>
  <member type="way" ref="70856242" role="outer"/>
  <member type="way" ref="70856254" role="outer"/>
  <member type="way" ref="70856189" role="outer"/>
  <member type="way" ref="70856248" role="outer"/>
  <member type="way" ref="70856176" role="outer"/>
  <member type="way" ref="70856238" role="outer"/>
  <member type="way" ref="10938433" role="outer"/>
  <member type="way" ref="70856187" role="outer"/>
  <member type="way" ref="70856252" role="outer"/>
  <member type="way" ref="70856245" role="outer"/>
  <member type="way" ref="70856211" role="outer"/>
  <member type="way" ref="70856221" role="outer"/>
  <member type="way" ref="70856257" role="outer"/>
  <member type="way" ref="70856196" role="outer"/>
  <member type="way" ref="70856185" role="outer"/>
  <member type="way" ref="70856249" role="outer"/>
  <member type="way" ref="70856256" role="outer"/>
  <member type="way" ref="70856259" role="outer"/>
  <member type="way" ref="70856234" role="outer"/>
  <member type="way" ref="70656318" role="outer"/>
  <member type="way" ref="252992140" role="outer"/>
  <member type="way" ref="371960501" role="outer"/>
  <member type="way" ref="371960502" role="outer"/>
  <member type="way" ref="371670271" role="outer"/>
  <member type="way" ref="371670266" role="outer"/>
  <member type="way" ref="371670275" role="outer"/>
  <member type="way" ref="371670273" role="outer"/>
  <member type="way" ref="371670269" role="outer"/>
  <member type="way" ref="371670263" role="outer"/>
  <member type="way" ref="371670259" role="outer"/>
  <member type="way" ref="371670261" role="outer"/>
  <member type="way" ref="371670260" role="outer"/>
  <member type="way" ref="371670262" role="outer"/>
  <member type="way" ref="371670253" role="outer"/>
  <member type="way" ref="371670281" role="outer"/>
  <member type="way" ref="371670257" role="outer"/>
  <member type="way" ref="385502410" role="outer"/>
  <member type="way" ref="385502409" role="outer"/>
  <member type="way" ref="371670250" role="outer"/>
  <member type="way" ref="70656319" role="outer"/>
  <member type="way" ref="70656320" role="outer"/>
  <member type="way" ref="238914725" role="outer"/>
  <member type="way" ref="238914716" role="outer"/>
  <member type="way" ref="70601812" role="outer"/>
  <member type="way" ref="70601830" role="outer"/>
  <member type="way" ref="70601807" role="outer"/>
  <member type="way" ref="70601773" role="outer"/>
  <member type="way" ref="70601800" role="outer"/>
  <member type="way" ref="70601832" role="outer"/>
  <member type="way" ref="70601798" role="outer"/>
  <member type="way" ref="70601771" role="outer"/>
  <member type="way" ref="70601829" role="outer"/>
  <member type="way" ref="70601806" role="outer"/>
  <member type="way" ref="70601730" role="outer"/>
  <member type="way" ref="70601781" role="outer"/>
  <member type="way" ref="371660203" role="outer"/>
  <member type="way" ref="70601708" role="outer"/>
  <member type="way" ref="70601811" role="outer"/>
  <member type="way" ref="70601753" role="outer"/>
  <member type="way" ref="70601839" role="outer"/>
  <member type="way" ref="70601821" role="outer"/>
  <member type="way" ref="70601783" role="outer"/>
  <member type="way" ref="70601737" role="outer"/>
  <member type="way" ref="70601793" role="outer"/>
  <member type="way" ref="70601799" role="outer"/>
  <member type="way" ref="70601826" role="outer"/>
  <member type="way" ref="70601721" role="outer"/>
  <member type="way" ref="70601833" role="outer"/>
  <member type="way" ref="70601779" role="outer"/>
  <member type="way" ref="70601822" role="outer"/>
  <member type="way" ref="70601796" role="outer"/>
  <member type="way" ref="70601725" role="outer"/>
  <member type="way" ref="70601828" role="outer"/>
  <member type="way" ref="70601823" role="outer"/>
  <member type="way" ref="70601716" role="outer"/>
  <member type="way" ref="70601813" role="outer"/>
  <member type="way" ref="70601713" role="outer"/>
  <member type="way" ref="747727918" role="outer"/>
  <member type="way" ref="200733045" role="outer"/>
  <member type="way" ref="10938869" role="outer"/>
  <member type="way" ref="747727915" role="outer"/>
  <member type="way" ref="747727916" role="outer"/>
  <member type="way" ref="747727917" role="outer"/>
  <member type="way" ref="10938396" role="outer"/>
  <member type="way" ref="10939385" role="outer"/>
  <member type="way" ref="10938545" role="outer"/>
  <member type="way" ref="10938594" role="outer"/>
  <member type="way" ref="10938411" role="outer"/>
  <member type="way" ref="10939128" role="outer"/>
  <member type="way" ref="10938554" role="outer"/>
  <member type="way" ref="10938512" role="outer"/>
  <member type="way" ref="10938699" role="outer"/>
  <member type="way" ref="487910454" role="outer"/>
  <member type="way" ref="487910008" role="outer"/>
  <member type="way" ref="141316889" role="outer"/>
  <member type="way" ref="141316890" role="outer"/>
  <member type="way" ref="10937008" role="outer"/>
  <member type="way" ref="10937057" role="outer"/>
  <member type="way" ref="10936904" role="outer"/>
  <member type="way" ref="10937169" role="outer"/>
  <member type="way" ref="225364278" role="outer"/>
  <member type="way" ref="10938855" role="outer"/>
  <member type="way" ref="10939124" role="outer"/>
  <member type="way" ref="70601827" role="outer"/>
  <member type="way" ref="10937573" role="outer"/>
  <member type="way" ref="10937592" role="outer"/>
  <member type="way" ref="10939468" role="outer"/>
  <tag k="admin_level" v="7"/>
  <tag k="boundary" v="administrative"/>
  <tag k="IBGE:GEOCODIGO" v="330001"/>
  <tag k="is_in:country" v="Brazil"/>
  <tag k="name" v="Região Geográfica Imediata do Rio de Janeiro"/>
  <tag k="type" v="boundary"/>
  <tag k="wikidata" v="Q56347635"/>
 </relation>
 <relation id="2220792" visible="true" version="64" changeset="141923077" timestamp="2023-09-29T17:09:58Z" user="Fidelis Assis" uid="1675654">
  <member type="way" ref="1062968681" role="outer"/>
  <member type="way" ref="1062968682" role="outer"/>
  <member type="way" ref="1062968683" role="outer"/>
  <member type="way" ref="1062942251" role="outer"/>
  <member type="way" ref="1062942252" role="outer"/>
  <member type="way" ref="1062942254" role="outer"/>
  <member type="way" ref="1062942255" role="outer"/>
  <member type="way" ref="1063637767" role="outer"/>
  <member type="way" ref="204399964" role="outer"/>
  <member type="way" ref="288179470" role="outer"/>
  <member type="way" ref="288179468" role="outer"/>
  <member type="way" ref="1096778062" role="outer"/>
  <member type="way" ref="1097130479" role="outer"/>
  <member type="way" ref="288179472" role="outer"/>
  <member type="way" ref="1013915928" role="outer"/>
  <member type="way" ref="288178504" role="outer"/>
  <member type="way" ref="186450254" role="outer"/>
  <member type="way" ref="1062942248" role="outer"/>
  <member type="way" ref="1097515140" role="outer"/>
  <member type="way" ref="1097515139" role="outer"/>
  <member type="way" ref="1097515126" role="outer"/>
  <member type="way" ref="10938690" role="outer"/>
  <member type="way" ref="1097515119" role="outer"/>
  <member type="way" ref="1097515110" role="outer"/>
  <member type="way" ref="1062764136" role="outer"/>
  <member type="way" ref="1097403814" role="outer"/>
  <member type="way" ref="590219887" role="outer"/>
  <member type="way" ref="999533229" role="outer"/>
  <member type="way" ref="1097403815" role="outer"/>
  <member type="way" ref="272770643" role="outer"/>
  <member type="way" ref="1013917218" role="outer"/>
  <member type="way" ref="590282593" role="outer"/>
  <member type="way" ref="1097403832" role="outer"/>
  <member type="way" ref="589995181" role="outer"/>
  <member type="way" ref="1097403833" role="outer"/>
  <member type="way" ref="1013917219" role="outer"/>
  <member type="way" ref="1097403838" role="outer"/>
  <member type="way" ref="589995178" role="outer"/>
  <member type="way" ref="589995180" role="outer"/>
  <member type="way" ref="1062760749" role="outer"/>
  <member type="way" ref="590219889" role="outer"/>
  <member type="way" ref="1097405489" role="outer"/>
  <member type="way" ref="590219890" role="outer"/>
  <member type="way" ref="1097464249" role="outer"/>
  <member type="way" ref="30638347" role="outer"/>
  <member type="way" ref="1097483054" role="outer"/>
  <member type="way" ref="1083544569" role="outer"/>
  <member type="way" ref="590200837" role="outer"/>
  <member type="way" ref="617280034" role="outer"/>
  <member type="way" ref="1097515160" role="outer"/>
  <member type="way" ref="617280012" role="outer"/>
  <member type="way" ref="617280019" role="outer"/>
  <member type="way" ref="617280020" role="outer"/>
  <member type="way" ref="30638957" role="outer"/>
  <member type="way" ref="1098127933" role="outer"/>
  <member type="way" ref="30638954" role="outer"/>
  <member type="way" ref="1098122273" role="outer"/>
  <member type="way" ref="30639220" role="outer"/>
  <member type="way" ref="1097485580" role="outer"/>
  <member type="way" ref="1062760750" role="outer"/>
  <member type="way" ref="30639196" role="outer"/>
  <member type="way" ref="30639178" role="outer"/>
  <member type="way" ref="30639148" role="outer"/>
  <member type="way" ref="1063641272" role="outer"/>
  <member type="way" ref="1097143605" role="outer"/>
  <member type="way" ref="1097049299" role="outer"/>
  <member type="way" ref="955901178" role="outer"/>
  <member type="way" ref="1091965138" role="outer"/>
  <member type="way" ref="1091965144" role="outer"/>
  <member type="way" ref="1091965142" role="outer"/>
  <member type="way" ref="1091965141" role="outer"/>
  <member type="way" ref="1091965143" role="outer"/>
  <member type="way" ref="1091965140" role="outer"/>
  <member type="way" ref="1091965139" role="outer"/>
  <member type="way" ref="1091965145" role="outer"/>
  <member type="way" ref="1091965146" role="outer"/>
  <member type="way" ref="1091965148" role="outer"/>
  <member type="way" ref="1091965147" role="outer"/>
  <member type="way" ref="1091965150" role="outer"/>
  <member type="way" ref="1098127932" role="outer"/>
  <member type="way" ref="1091965149" role="outer"/>
  <member type="way" ref="1091965152" role="outer"/>
  <member type="way" ref="1091965151" role="outer"/>
  <member type="way" ref="955901177" role="outer"/>
  <member type="way" ref="1097130482" role="outer"/>
  <member type="way" ref="1063641274" role="outer"/>
  <member type="way" ref="1084129951" role="outer"/>
  <member type="way" ref="1084129954" role="outer"/>
  <member type="way" ref="1096854661" role="outer"/>
  <member type="way" ref="1013915927" role="outer"/>
  <member type="way" ref="1098132840" role="outer"/>
  <member type="node" ref="164932516" role="admin_centre"/>
  <tag k="admin_level" v="8"/>
  <tag k="boundary" v="administrative"/>
  <tag k="flag" v="http://upload.wikimedia.org/wikipedia/commons/a/a6/Flag_of_S%C3%A3o_Gon%C3%A7alo.svg"/>
  <tag k="IBGE:GEOCODIGO" v="3304904"/>
  <tag k="int_name" v="Sao Goncalo"/>
  <tag k="name" v="São Gonçalo"/>
  <tag k="name:bg" v="Сао Гонсало"/>
  <tag k="name:ja" v="サン・ゴンサーロ"/>
  <tag k="name:ka" v="სან-გონსალუ"/>
  <tag k="name:kk" v="Сан-Гонсалу"/>
  <tag k="name:ko" v="상곤살루"/>
  <tag k="name:lt" v="San Gonsalas"/>
  <tag k="name:lv" v="Sangonsalu"/>
  <tag k="name:pt" v="São Gonçalo"/>
  <tag k="name:ru" v="Сан-Гонсалу"/>
  <tag k="name:sr" v="Сао Гонсало"/>
  <tag k="name:zh" v="聖貢薩洛"/>
  <tag k="place" v="municipality"/>
  <tag k="population" v="896744"/>
  <tag k="population:date" v="2023-08-31"/>
  <tag k="source" v="IBGE"/>
  <tag k="source:population" v="IBGE, DOU de 31/08/2023"/>
  <tag k="type" v="boundary"/>
  <tag k="website" v="https://www.saogoncalo.rj.gov.br/"/>
  <tag k="wikidata" v="Q83114"/>
  <tag k="wikipedia" v="pt:São Gonçalo (Rio de Janeiro)"/>
 </relation>
 <relation id="3490718" visible="true" version="3" changeset="118866031" timestamp="2022-03-24T13:49:18Z" user="DressyPear4" uid="3984659">
  <member type="way" ref="1043451527" role="outer"/>
  <tag k="addr:city" v="São Gonçalo"/>
  <tag k="addr:housenumber" v="999"/>
  <tag k="addr:postcode" v="24722-590"/>
  <tag k="addr:street" v="Avenida Paiva"/>
  <tag k="landuse" v="industrial"/>
  <tag k="name" v="Akzo Nobel Coatings Ltda"/>
  <tag k="phone" v="+55 21 26283992"/>
  <tag k="type" v="multipolygon"/>
 </relation>
 <relation id="3868900" visible="true" version="1" changeset="23952765" timestamp="2014-07-04T15:06:39Z" user="Alexandrecw" uid="893594">
  <member type="way" ref="291338810" role="outer"/>
  <member type="way" ref="291338808" role="inner"/>
  <tag k="building" v="yes"/>
  <tag k="type" v="multipolygon"/>
 </relation>
 <relation id="6299628" visible="true" version="355" changeset="180080873" timestamp="2026-03-18T21:59:24Z" user="Pedro Souza Costa" uid="21298810">
  <member type="node" ref="4234914359" role="stop"/>
  <member type="node" ref="1243671860" role="stop"/>
  <member type="node" ref="5271935125" role="stop"/>
  <member type="node" ref="4235735629" role="stop"/>
  <member type="node" ref="4233783916" role="stop"/>
  <member type="node" ref="4235735630" role="stop"/>
  <member type="node" ref="9074768322" role="stop"/>
  <member type="node" ref="4730060784" role="stop"/>
  <member type="way" ref="423989779" role=""/>
  <member type="way" ref="423989778" role=""/>
  <member type="way" ref="995426217" role=""/>
  <member type="way" ref="423989777" role=""/>
  <member type="way" ref="834835022" role=""/>
  <member type="way" ref="995426216" role=""/>
  <member type="way" ref="834835025" role=""/>
  <member type="way" ref="995426215" role=""/>
  <member type="way" ref="833191537" role=""/>
  <member type="way" ref="833191538" role=""/>
  <member type="way" ref="808995566" role=""/>
  <member type="way" ref="808995567" role=""/>
  <member type="way" ref="834835024" role=""/>
  <member type="way" ref="469987574" role=""/>
  <member type="way" ref="491615678" role=""/>
  <member type="way" ref="24602343" role=""/>
  <member type="way" ref="442683223" role=""/>
  <member type="way" ref="28588573" role=""/>
  <member type="way" ref="154432453" role=""/>
  <member type="way" ref="315688617" role=""/>
  <member type="way" ref="453101581" role=""/>
  <member type="way" ref="28580161" role=""/>
  <member type="way" ref="354180007" role=""/>
  <member type="way" ref="42434123" role=""/>
  <member type="way" ref="42434124" role=""/>
  <member type="way" ref="99273514" role=""/>
  <member type="way" ref="437093652" role=""/>
  <member type="way" ref="437093643" role=""/>
  <member type="way" ref="437093642" role=""/>
  <member type="way" ref="437093653" role=""/>
  <member type="way" ref="99273751" role=""/>
  <member type="way" ref="362395210" role=""/>
  <member type="way" ref="362395209" role=""/>
  <member type="way" ref="437093650" role=""/>
  <member type="way" ref="437093641" role=""/>
  <member type="way" ref="437093648" role=""/>
  <member type="way" ref="437093645" role=""/>
  <member type="way" ref="362395211" role=""/>
  <member type="way" ref="453105554" role=""/>
  <member type="way" ref="453105555" role=""/>
  <member type="way" ref="484997760" role=""/>
  <member type="way" ref="437093639" role=""/>
  <member type="way" ref="437093640" role=""/>
  <member type="way" ref="997555026" role=""/>
  <member type="way" ref="434578788" role=""/>
  <member type="way" ref="154432459" role=""/>
  <member type="way" ref="293885867" role=""/>
  <member type="way" ref="433267946" role=""/>
  <member type="way" ref="462964083" role=""/>
  <member type="way" ref="128224744" role=""/>
  <member type="way" ref="128224746" role=""/>
  <member type="way" ref="459468735" role=""/>
  <member type="way" ref="275123492" role=""/>
  <member type="way" ref="459468737" role=""/>
  <member type="way" ref="88637613" role=""/>
  <member type="way" ref="87687638" role=""/>
  <member type="way" ref="25300886" role=""/>
  <member type="way" ref="438156111" role=""/>
  <member type="way" ref="729734614" role=""/>
  <member type="way" ref="438156109" role=""/>
  <member type="way" ref="25714805" role=""/>
  <member type="way" ref="547651000" role=""/>
  <member type="way" ref="547650999" role=""/>
  <member type="way" ref="25714806" role=""/>
  <member type="way" ref="547694881" role=""/>
  <member type="way" ref="438157459" role=""/>
  <member type="way" ref="438157458" role=""/>
  <member type="way" ref="438157456" role=""/>
  <member type="way" ref="438157457" role=""/>
  <member type="way" ref="25864023" role=""/>
  <member type="way" ref="963739517" role=""/>
  <member type="way" ref="440685553" role=""/>
  <member type="way" ref="210067714" role=""/>
  <member type="way" ref="393028958" role=""/>
  <member type="way" ref="210067713" role=""/>
  <member type="way" ref="309917945" role=""/>
  <member type="way" ref="440685554" role=""/>
  <member type="way" ref="42005860" role=""/>
  <member type="way" ref="275116629" role=""/>
  <member type="way" ref="771378782" role=""/>
  <member type="way" ref="771378781" role=""/>
  <member type="way" ref="545472234" role=""/>
  <member type="way" ref="25734279" role=""/>
  <member type="way" ref="25734278" role=""/>
  <member type="way" ref="1026818220" role=""/>
  <member type="way" ref="440689016" role=""/>
  <member type="way" ref="1027013210" role=""/>
  <member type="way" ref="1027013209" role=""/>
  <member type="way" ref="440689017" role=""/>
  <member type="way" ref="894189684" role=""/>
  <member type="way" ref="894189685" role=""/>
  <member type="way" ref="894189686" role=""/>
  <member type="way" ref="894189687" role=""/>
  <member type="way" ref="328446480" role=""/>
  <member type="way" ref="328446474" role=""/>
  <member type="way" ref="328446466" role=""/>
  <member type="way" ref="328446468" role=""/>
  <member type="way" ref="328446481" role=""/>
  <member type="way" ref="30158667" role=""/>
  <member type="way" ref="328446484" role=""/>
  <member type="way" ref="260094878" role=""/>
  <member type="way" ref="275033220" role=""/>
  <member type="way" ref="39913535" role=""/>
  <member type="way" ref="440691810" role=""/>
  <member type="way" ref="108376388" role=""/>
  <member type="way" ref="469513271" role=""/>
  <member type="way" ref="108376645" role=""/>
  <member type="way" ref="423989771" role=""/>
  <member type="way" ref="174410222" role=""/>
  <member type="way" ref="784357988" role=""/>
  <member type="way" ref="39913537" role=""/>
  <member type="way" ref="1061489377" role=""/>
  <member type="way" ref="1061489376" role=""/>
  <member type="way" ref="1061489375" role=""/>
  <member type="way" ref="1061489374" role=""/>
  <member type="way" ref="1061489373" role=""/>
  <member type="way" ref="1061489372" role=""/>
  <member type="way" ref="39913529" role=""/>
  <member type="way" ref="1061489370" role=""/>
  <member type="way" ref="1061489371" role=""/>
  <member type="way" ref="1061489369" role=""/>
  <member type="way" ref="253448194" role=""/>
  <member type="way" ref="89819158" role=""/>
  <member type="way" ref="89818981" role=""/>
  <member type="way" ref="328461501" role=""/>
  <member type="way" ref="89819073" role=""/>
  <member type="way" ref="325268441" role=""/>
  <member type="way" ref="724157492" role=""/>
  <member type="way" ref="994088969" role=""/>
  <member type="way" ref="659558200" role=""/>
  <member type="way" ref="673008754" role=""/>
  <member type="way" ref="673617505" role=""/>
  <member type="way" ref="825998500" role=""/>
  <member type="way" ref="673008767" role=""/>
  <member type="way" ref="89819151" role=""/>
  <member type="way" ref="353682206" role=""/>
  <member type="way" ref="430993301" role=""/>
  <member type="way" ref="545472240" role=""/>
  <member type="way" ref="89819172" role=""/>
  <member type="way" ref="311049146" role=""/>
  <member type="way" ref="34077774" role=""/>
  <member type="way" ref="24794745" role=""/>
  <member type="way" ref="773570663" role=""/>
  <member type="way" ref="673008764" role=""/>
  <member type="way" ref="673008749" role=""/>
  <member type="way" ref="994051985" role=""/>
  <member type="way" ref="994051984" role=""/>
  <member type="way" ref="996688835" role=""/>
  <member type="way" ref="996688834" role=""/>
  <member type="way" ref="673008768" role=""/>
  <member type="way" ref="825997406" role=""/>
  <member type="way" ref="825997405" role=""/>
  <member type="way" ref="825997404" role=""/>
  <member type="way" ref="825997403" role=""/>
  <member type="way" ref="313846580" role=""/>
  <member type="way" ref="994051989" role=""/>
  <member type="way" ref="994051986" role=""/>
  <member type="way" ref="829669360" role=""/>
  <member type="way" ref="997229475" role=""/>
  <member type="way" ref="997229476" role=""/>
  <member type="way" ref="829669359" role=""/>
  <member type="way" ref="997230164" role=""/>
  <member type="way" ref="997230163" role=""/>
  <member type="way" ref="313846581" role=""/>
  <member type="way" ref="997229477" role=""/>
  <member type="way" ref="997229478" role=""/>
  <member type="way" ref="997229479" role=""/>
  <member type="way" ref="997229480" role=""/>
  <member type="way" ref="430862974" role=""/>
  <member type="way" ref="430862976" role=""/>
  <member type="way" ref="996657765" role=""/>
  <member type="way" ref="996493342" role=""/>
  <member type="way" ref="996493345" role=""/>
  <member type="way" ref="996493346" role=""/>
  <member type="way" ref="996492584" role=""/>
  <member type="way" ref="996492585" role=""/>
  <member type="way" ref="996492586" role=""/>
  <member type="way" ref="996491744" role=""/>
  <member type="way" ref="996491745" role=""/>
  <member type="way" ref="996491748" role=""/>
  <member type="way" ref="996490989" role=""/>
  <member type="way" ref="996490991" role=""/>
  <member type="way" ref="996490990" role=""/>
  <member type="way" ref="328461472" role=""/>
  <member type="way" ref="996490992" role=""/>
  <member type="way" ref="832503619" role=""/>
  <member type="way" ref="328461465" role=""/>
  <member type="way" ref="996490993" role=""/>
  <member type="way" ref="328461479" role=""/>
  <member type="way" ref="996490994" role=""/>
  <member type="way" ref="996490996" role=""/>
  <member type="way" ref="996490995" role=""/>
  <member type="way" ref="996490008" role=""/>
  <member type="way" ref="996490009" role=""/>
  <member type="way" ref="996489274" role=""/>
  <member type="way" ref="996489275" role=""/>
  <member type="way" ref="994970182" role=""/>
  <member type="way" ref="994970181" role=""/>
  <member type="way" ref="546170694" role=""/>
  <member type="way" ref="996489279" role=""/>
  <member type="way" ref="996486714" role=""/>
  <member type="way" ref="996486715" role=""/>
  <member type="way" ref="546170693" role=""/>
  <member type="way" ref="555811389" role=""/>
  <member type="way" ref="555811388" role=""/>
  <member type="way" ref="328461476" role=""/>
  <member type="way" ref="546170686" role=""/>
  <member type="way" ref="997273784" role=""/>
  <member type="way" ref="545479226" role=""/>
  <member type="way" ref="128453946" role=""/>
  <member type="way" ref="545479224" role=""/>
  <member type="way" ref="470840943" role=""/>
  <member type="way" ref="470840942" role=""/>
  <member type="way" ref="128453943" role=""/>
  <member type="way" ref="89288822" role=""/>
  <member type="way" ref="89289056" role=""/>
  <member type="way" ref="827767618" role=""/>
  <member type="way" ref="744496728" role=""/>
  <member type="way" ref="744496729" role=""/>
  <member type="way" ref="996451274" role=""/>
  <member type="way" ref="827767617" role=""/>
  <member type="way" ref="328461468" role=""/>
  <member type="way" ref="24794750" role=""/>
  <member type="way" ref="328461462" role=""/>
  <member type="way" ref="34077777" role=""/>
  <member type="way" ref="34077776" role=""/>
  <member type="way" ref="830696634" role=""/>
  <member type="way" ref="996445945" role=""/>
  <member type="way" ref="834530124" role=""/>
  <member type="way" ref="328461457" role=""/>
  <member type="way" ref="832462562" role=""/>
  <member type="way" ref="832462561" role=""/>
  <member type="way" ref="724155712" role=""/>
  <member type="way" ref="997223871" role=""/>
  <member type="way" ref="997223872" role=""/>
  <member type="way" ref="430862975" role=""/>
  <member type="way" ref="34077778" role=""/>
  <member type="way" ref="34077779" role=""/>
  <member type="way" ref="361819696" role=""/>
  <member type="way" ref="361819694" role=""/>
  <member type="way" ref="361819697" role=""/>
  <member type="way" ref="361819698" role=""/>
  <member type="way" ref="136507812" role=""/>
  <member type="way" ref="329148730" role=""/>
  <member type="way" ref="325330785" role=""/>
  <member type="way" ref="469513275" role=""/>
  <member type="way" ref="30145994" role=""/>
  <member type="way" ref="996965768" role=""/>
  <member type="way" ref="996965771" role=""/>
  <member type="way" ref="996965770" role=""/>
  <member type="way" ref="996965769" role=""/>
  <member type="way" ref="996965773" role=""/>
  <member type="way" ref="996965772" role=""/>
  <member type="way" ref="996964216" role=""/>
  <member type="way" ref="996963743" role=""/>
  <member type="way" ref="996963742" role=""/>
  <member type="way" ref="996963744" role=""/>
  <member type="way" ref="996963745" role=""/>
  <member type="way" ref="996963746" role=""/>
  <member type="way" ref="996961655" role=""/>
  <member type="way" ref="996961654" role=""/>
  <member type="way" ref="996961653" role=""/>
  <member type="way" ref="328461477" role=""/>
  <member type="way" ref="996961013" role=""/>
  <member type="way" ref="834874432" role=""/>
  <member type="way" ref="353682186" role=""/>
  <member type="way" ref="996961014" role=""/>
  <member type="way" ref="996941355" role=""/>
  <member type="way" ref="328461474" role=""/>
  <member type="way" ref="996937808" role=""/>
  <member type="way" ref="996937809" role=""/>
  <member type="way" ref="996937242" role=""/>
  <member type="way" ref="996937241" role=""/>
  <member type="way" ref="724155711" role=""/>
  <member type="way" ref="996930159" role=""/>
  <member type="way" ref="996930160" role=""/>
  <member type="way" ref="328461461" role=""/>
  <member type="way" ref="996930161" role=""/>
  <member type="way" ref="328461473" role=""/>
  <member type="way" ref="328461470" role=""/>
  <member type="way" ref="996926600" role=""/>
  <member type="way" ref="996923213" role=""/>
  <member type="way" ref="328461475" role=""/>
  <member type="way" ref="996920290" role=""/>
  <member type="way" ref="996920292" role=""/>
  <member type="way" ref="996920293" role=""/>
  <member type="way" ref="118362043" role=""/>
  <member type="way" ref="118362024" role=""/>
  <member type="way" ref="90144219" role=""/>
  <member type="way" ref="90144199" role=""/>
  <member type="way" ref="997217658" role=""/>
  <member type="way" ref="88363385" role=""/>
  <member type="way" ref="324896435" role=""/>
  <member type="way" ref="997217659" role=""/>
  <member type="way" ref="324896436" role=""/>
  <member type="way" ref="88363413" role=""/>
  <member type="way" ref="361819695" role=""/>
  <member type="way" ref="361819692" role=""/>
  <member type="way" ref="361819693" role=""/>
  <member type="way" ref="361819690" role=""/>
  <member type="way" ref="997215638" role=""/>
  <member type="way" ref="995008353" role=""/>
  <member type="way" ref="969572206" role=""/>
  <member type="way" ref="995008354" role=""/>
  <member type="way" ref="995008355" role=""/>
  <member type="way" ref="995008356" role=""/>
  <member type="way" ref="724155710" role=""/>
  <member type="way" ref="151982365" role=""/>
  <member type="way" ref="995019165" role=""/>
  <member type="way" ref="995019161" role=""/>
  <member type="way" ref="995019160" role=""/>
  <member type="way" ref="995019163" role=""/>
  <member type="way" ref="995019162" role=""/>
  <member type="way" ref="995019164" role=""/>
  <member type="way" ref="151982361" role=""/>
  <member type="way" ref="995035191" role=""/>
  <member type="way" ref="995035192" role=""/>
  <member type="way" ref="995035194" role=""/>
  <member type="way" ref="995035195" role=""/>
  <member type="way" ref="328461456" role=""/>
  <member type="way" ref="361093326" role=""/>
  <member type="way" ref="361093329" role=""/>
  <member type="way" ref="361093330" role=""/>
  <member type="way" ref="995035201" role=""/>
  <member type="way" ref="969547722" role=""/>
  <member type="way" ref="479304290" role=""/>
  <member type="way" ref="995041789" role=""/>
  <member type="way" ref="995041788" role=""/>
  <member type="way" ref="479304291" role=""/>
  <member type="way" ref="361349326" role=""/>
  <member type="way" ref="995041791" role=""/>
  <member type="way" ref="744496360" role=""/>
  <member type="way" ref="744496361" role=""/>
  <member type="way" ref="995041790" role=""/>
  <member type="way" ref="361349324" role=""/>
  <member type="way" ref="328461460" role=""/>
  <member type="way" ref="328461467" role=""/>
  <member type="way" ref="328461458" role=""/>
  <member type="way" ref="995264219" role=""/>
  <member type="way" ref="831747741" role=""/>
  <member type="way" ref="831747740" role=""/>
  <member type="way" ref="831747744" role=""/>
  <member type="way" ref="831747743" role=""/>
  <member type="way" ref="328461478" role=""/>
  <member type="way" ref="995052643" role=""/>
  <member type="way" ref="30145943" role=""/>
  <member type="way" ref="1315828071" role=""/>
  <member type="way" ref="1247347178" role=""/>
  <member type="way" ref="1247347179" role=""/>
  <member type="way" ref="1247347180" role=""/>
  <member type="way" ref="1247347181" role=""/>
  <member type="way" ref="30145942" role=""/>
  <member type="way" ref="1254980223" role=""/>
  <member type="way" ref="1254980224" role=""/>
  <member type="way" ref="841130957" role=""/>
  <member type="way" ref="841130956" role=""/>
  <member type="way" ref="484534779" role=""/>
  <member type="way" ref="484534784" role=""/>
  <member type="way" ref="484534789" role=""/>
  <member type="way" ref="484534783" role=""/>
  <member type="way" ref="484534780" role=""/>
  <member type="way" ref="995307540" role=""/>
  <member type="way" ref="995307539" role=""/>
  <member type="way" ref="995307538" role=""/>
  <member type="way" ref="815669486" role=""/>
  <member type="way" ref="996895348" role=""/>
  <member type="way" ref="995307541" role=""/>
  <member type="way" ref="815669482" role=""/>
  <member type="way" ref="815669480" role=""/>
  <member type="way" ref="815669483" role=""/>
  <member type="way" ref="815669484" role=""/>
  <member type="way" ref="815669485" role=""/>
  <member type="way" ref="107693750" role=""/>
  <member type="way" ref="1190246531" role=""/>
  <member type="way" ref="1190246530" role=""/>
  <member type="way" ref="685108848" role=""/>
  <member type="way" ref="685108847" role=""/>
  <member type="way" ref="685108846" role=""/>
  <member type="way" ref="996729428" role=""/>
  <member type="way" ref="996729427" role=""/>
  <member type="way" ref="996729426" role=""/>
  <member type="way" ref="996729425" role=""/>
  <member type="way" ref="1469247997" role=""/>
  <member type="way" ref="685108845" role=""/>
  <member type="way" ref="107693777" role=""/>
  <member type="way" ref="25300874" role=""/>
  <member type="way" ref="995399187" role=""/>
  <member type="way" ref="594631727" role=""/>
  <member type="way" ref="742683010" role=""/>
  <member type="way" ref="742683008" role=""/>
  <member type="way" ref="995399186" role=""/>
  <member type="way" ref="996726457" role=""/>
  <member type="way" ref="815671394" role=""/>
  <member type="way" ref="996726459" role=""/>
  <member type="way" ref="894708553" role=""/>
  <member type="way" ref="894708552" role=""/>
  <member type="way" ref="594631726" role=""/>
  <member type="way" ref="996702960" role=""/>
  <member type="way" ref="996702961" role=""/>
  <member type="way" ref="996701875" role=""/>
  <member type="way" ref="996701876" role=""/>
  <member type="way" ref="996701043" role=""/>
  <member type="way" ref="1317876745" role=""/>
  <member type="way" ref="1317876742" role=""/>
  <member type="way" ref="1317876744" role=""/>
  <member type="way" ref="1317876743" role=""/>
  <member type="way" ref="260034789" role=""/>
  <member type="way" ref="1101191576" role=""/>
  <member type="way" ref="1423085427" role=""/>
  <member type="way" ref="640287913" role=""/>
  <member type="way" ref="1103532239" role=""/>
  <member type="way" ref="695717200" role=""/>
  <member type="way" ref="1317036907" role=""/>
  <member type="way" ref="640287911" role=""/>
  <member type="way" ref="640287910" role=""/>
  <member type="way" ref="1153949556" role=""/>
  <member type="way" ref="640287909" role=""/>
  <member type="way" ref="640287906" role=""/>
  <member type="way" ref="640287905" role=""/>
  <member type="way" ref="640287904" role=""/>
  <member type="way" ref="640287902" role=""/>
  <member type="way" ref="640287901" role=""/>
  <member type="way" ref="640287899" role=""/>
  <member type="way" ref="261105139" role=""/>
  <member type="way" ref="640287895" role=""/>
  <member type="way" ref="325042402" role=""/>
  <member type="way" ref="325042404" role=""/>
  <member type="way" ref="640287891" role=""/>
  <member type="way" ref="640287889" role=""/>
  <member type="way" ref="39913523" role=""/>
  <member type="way" ref="39913522" role=""/>
  <member type="way" ref="298631123" role=""/>
  <member type="way" ref="41289047" role=""/>
  <member type="way" ref="969538513" role=""/>
  <member type="way" ref="969538512" role=""/>
  <member type="way" ref="298631161" role=""/>
  <member type="way" ref="158073469" role=""/>
  <member type="way" ref="696276561" role=""/>
  <member type="way" ref="89395228" role=""/>
  <member type="way" ref="228116429" role=""/>
  <member type="way" ref="158073468" role=""/>
  <member type="way" ref="263299306" role=""/>
  <member type="way" ref="552350921" role=""/>
  <member type="way" ref="552350918" role=""/>
  <member type="way" ref="997570264" role=""/>
  <member type="way" ref="697056580" role=""/>
  <member type="way" ref="997573250" role=""/>
  <member type="way" ref="997573249" role=""/>
  <member type="way" ref="997573247" role=""/>
  <member type="way" ref="997573246" role=""/>
  <member type="way" ref="997573245" role=""/>
  <member type="way" ref="997573243" role=""/>
  <member type="way" ref="105558350" role=""/>
  <member type="way" ref="105558355" role=""/>
  <member type="way" ref="405557735" role=""/>
  <member type="way" ref="274711469" role=""/>
  <member type="way" ref="696549435" role=""/>
  <member type="way" ref="298631126" role=""/>
  <member type="way" ref="274711467" role=""/>
  <member type="way" ref="1328835246" role=""/>
  <member type="way" ref="423858377" role=""/>
  <member type="way" ref="312588203" role=""/>
  <member type="way" ref="424417762" role=""/>
  <member type="way" ref="424417764" role=""/>
  <member type="way" ref="423858407" role=""/>
  <member type="way" ref="423858464" role=""/>
  <member type="way" ref="423858464" role=""/>
  <member type="way" ref="312588201" role=""/>
  <member type="way" ref="423858470" role=""/>
  <member type="way" ref="852321825" role=""/>
  <member type="way" ref="423858450" role=""/>
  <member type="way" ref="1328835253" role=""/>
  <member type="way" ref="441858651" role=""/>
  <member type="way" ref="1173736095" role=""/>
  <member type="way" ref="103805459" role=""/>
  <member type="way" ref="996680269" role=""/>
  <member type="way" ref="996680274" role=""/>
  <member type="way" ref="996680270" role=""/>
  <member type="way" ref="996680273" role=""/>
  <member type="way" ref="441865644" role=""/>
  <member type="way" ref="103805436" role=""/>
  <member type="way" ref="961616737" role=""/>
  <member type="way" ref="103805457" role=""/>
  <member type="way" ref="1328835245" role=""/>
  <member type="way" ref="1328835244" role=""/>
  <member type="way" ref="1328835243" role=""/>
  <member type="way" ref="1328835242" role=""/>
  <member type="way" ref="995644977" role=""/>
  <member type="way" ref="995644978" role=""/>
  <member type="way" ref="1328835241" role=""/>
  <member type="way" ref="1328835240" role=""/>
  <member type="way" ref="186353862" role=""/>
  <member type="way" ref="186353858" role=""/>
  <member type="way" ref="996678165" role=""/>
  <member type="way" ref="103805290" role=""/>
  <member type="way" ref="312588092" role=""/>
  <member type="way" ref="312588094" role=""/>
  <member type="way" ref="1073983416" role=""/>
  <member type="way" ref="996677200" role=""/>
  <member type="way" ref="1252562890" role=""/>
  <member type="way" ref="1254909905" role=""/>
  <member type="way" ref="1254909901" role=""/>
  <member type="way" ref="1254909904" role=""/>
  <member type="way" ref="1254909900" role=""/>
  <member type="way" ref="1414270888" role=""/>
  <member type="way" ref="423858380" role=""/>
  <member type="way" ref="1254909903" role=""/>
  <member type="way" ref="1254909902" role=""/>
  <member type="way" ref="1328590013" role=""/>
  <member type="way" ref="1328835239" role=""/>
  <member type="way" ref="1252562889" role=""/>
  <member type="way" ref="1328835238" role=""/>
  <member type="way" ref="1328590014" role=""/>
  <member type="way" ref="423858374" role=""/>
  <member type="way" ref="423858372" role=""/>
  <member type="way" ref="423858452" role=""/>
  <member type="way" ref="423858468" role=""/>
  <member type="way" ref="423858456" role=""/>
  <member type="way" ref="469513272" role=""/>
  <member type="way" ref="423858410" role=""/>
  <member type="way" ref="423858462" role=""/>
  <member type="way" ref="423858405" role=""/>
  <member type="way" ref="423858458" role=""/>
  <member type="way" ref="423858372" role=""/>
  <member type="way" ref="423858369" role=""/>
  <member type="way" ref="1252562888" role=""/>
  <member type="way" ref="995569707" role=""/>
  <member type="way" ref="1252554029" role=""/>
  <member type="way" ref="1252554028" role=""/>
  <member type="way" ref="440539163" role=""/>
  <member type="way" ref="1131609930" role=""/>
  <member type="way" ref="1131609929" role=""/>
  <member type="way" ref="995569708" role=""/>
  <member type="way" ref="441865645" role=""/>
  <member type="way" ref="440609857" role=""/>
  <member type="way" ref="1356396491" role=""/>
  <member type="way" ref="1131609934" role=""/>
  <member type="way" ref="440539164" role=""/>
  <member type="way" ref="1131240656" role=""/>
  <member type="way" ref="440539170" role=""/>
  <member type="way" ref="480428432" role=""/>
  <member type="way" ref="664516573" role=""/>
  <member type="way" ref="1131240655" role=""/>
  <member type="way" ref="664516572" role=""/>
  <member type="way" ref="1131240654" role=""/>
  <member type="way" ref="1131240653" role=""/>
  <member type="way" ref="1131240652" role=""/>
  <member type="way" ref="103805383" role=""/>
  <member type="way" ref="440609858" role=""/>
  <member type="way" ref="440609860" role=""/>
  <member type="way" ref="325056168" role=""/>
  <member type="way" ref="1131622747" role=""/>
  <member type="way" ref="1131622748" role=""/>
  <member type="way" ref="1131622746" role=""/>
  <member type="way" ref="1131622744" role=""/>
  <member type="way" ref="1131622743" role=""/>
  <member type="way" ref="1131622742" role=""/>
  <member type="way" ref="1131622740" role=""/>
  <member type="way" ref="325056157" role=""/>
  <member type="way" ref="440605060" role=""/>
  <member type="way" ref="552385115" role=""/>
  <member type="way" ref="552385114" role=""/>
  <member type="way" ref="1131622736" role=""/>
  <member type="way" ref="961613813" role=""/>
  <member type="way" ref="742682437" role=""/>
  <member type="way" ref="606406075" role=""/>
  <member type="way" ref="363481357" role=""/>
  <member type="way" ref="363481358" role=""/>
  <member type="way" ref="305846656" role=""/>
  <member type="way" ref="305846659" role=""/>
  <member type="way" ref="724155709" role=""/>
  <member type="way" ref="1073373738" role=""/>
  <member type="way" ref="1073373737" role=""/>
  <member type="way" ref="325092017" role=""/>
  <member type="way" ref="724155707" role=""/>
  <member type="way" ref="1133497362" role=""/>
  <member type="way" ref="325085101" role=""/>
  <member type="way" ref="325085102" role=""/>
  <member type="way" ref="325085100" role=""/>
  <member type="way" ref="312477828" role=""/>
  <member type="way" ref="1279653376" role=""/>
  <member type="way" ref="312477829" role=""/>
  <member type="way" ref="1279651630" role=""/>
  <member type="way" ref="1279651631" role=""/>
  <member type="way" ref="1279651629" role=""/>
  <member type="way" ref="995581361" role=""/>
  <member type="way" ref="995581362" role=""/>
  <member type="way" ref="312110326" role=""/>
  <member type="way" ref="1279470257" role=""/>
  <member type="way" ref="312110327" role=""/>
  <member type="way" ref="995267377" role=""/>
  <member type="way" ref="1279444820" role=""/>
  <member type="way" ref="995615755" role=""/>
  <member type="way" ref="995615753" role=""/>
  <member type="way" ref="995609183" role=""/>
  <member type="way" ref="995612188" role=""/>
  <member type="way" ref="1279444253" role=""/>
  <member type="way" ref="312110329" role=""/>
  <member type="way" ref="995609182" role=""/>
  <member type="way" ref="995609181" role=""/>
  <member type="way" ref="995609180" role=""/>
  <member type="way" ref="995609185" role=""/>
  <member type="way" ref="995609189" role=""/>
  <member type="way" ref="995609188" role=""/>
  <member type="way" ref="995632939" role=""/>
  <member type="way" ref="103805426" role=""/>
  <member type="way" ref="133020787" role=""/>
  <member type="way" ref="995631534" role=""/>
  <member type="way" ref="995631535" role=""/>
  <member type="way" ref="133020786" role=""/>
  <member type="way" ref="24643732" role=""/>
  <member type="way" ref="995631538" role=""/>
  <member type="way" ref="995631537" role=""/>
  <member type="way" ref="166829927" role=""/>
  <member type="way" ref="885995190" role=""/>
  <member type="way" ref="885995189" role=""/>
  <member type="way" ref="995624404" role=""/>
  <member type="way" ref="885995188" role=""/>
  <member type="way" ref="995621086" role=""/>
  <member type="way" ref="995621085" role=""/>
  <member type="way" ref="995640282" role=""/>
  <member type="way" ref="995640281" role=""/>
  <member type="way" ref="995640280" role=""/>
  <member type="way" ref="995638347" role=""/>
  <member type="way" ref="1279360422" role=""/>
  <member type="way" ref="995638346" role=""/>
  <member type="way" ref="166829969" role=""/>
  <member type="way" ref="1279356595" role=""/>
  <member type="way" ref="1279356594" role=""/>
  <member type="way" ref="1279355685" role=""/>
  <member type="way" ref="1264646482" role=""/>
  <member type="way" ref="243871239" role=""/>
  <member type="way" ref="243871235" role=""/>
  <member type="way" ref="243871244" role=""/>
  <member type="way" ref="1135253220" role=""/>
  <member type="way" ref="243871237" role=""/>
  <member type="way" ref="1279169026" role=""/>
  <member type="way" ref="886020443" role=""/>
  <member type="way" ref="1279075565" role=""/>
  <member type="way" ref="886020444" role=""/>
  <member type="way" ref="724155706" role=""/>
  <member type="way" ref="1278936604" role=""/>
  <member type="way" ref="724155705" role=""/>
  <member type="way" ref="1279169027" role=""/>
  <member type="way" ref="1278933089" role=""/>
  <member type="way" ref="441997959" role=""/>
  <member type="way" ref="325067405" role=""/>
  <member type="way" ref="441997957" role=""/>
  <member type="way" ref="325074060" role=""/>
  <member type="way" ref="961609476" role=""/>
  <member type="way" ref="1017920606" role=""/>
  <member type="way" ref="1017920609" role=""/>
  <member type="way" ref="606408967" role=""/>
  <member type="way" ref="1307347882" role=""/>
  <member type="way" ref="1307347883" role=""/>
  <member type="way" ref="384774717" role=""/>
  <member type="way" ref="433861038" role=""/>
  <member type="way" ref="552236741" role=""/>
  <member type="way" ref="441997964" role=""/>
  <member type="way" ref="433861024" role=""/>
  <member type="way" ref="433861026" role=""/>
  <member type="way" ref="1280176097" role=""/>
  <member type="way" ref="1280176098" role=""/>
  <member type="way" ref="1217082099" role=""/>
  <member type="way" ref="1217082100" role=""/>
  <member type="way" ref="433861047" role=""/>
  <member type="way" ref="1075175614" role=""/>
  <member type="way" ref="1135253219" role=""/>
  <member type="way" ref="1217082101" role=""/>
  <member type="way" ref="441997958" role=""/>
  <member type="way" ref="1277914688" role=""/>
  <member type="way" ref="1280167273" role=""/>
  <member type="way" ref="1154155382" role=""/>
  <member type="way" ref="1469816958" role=""/>
  <member type="way" ref="640318501" role=""/>
  <member type="way" ref="1280167276" role=""/>
  <member type="way" ref="1280167275" role=""/>
  <member type="way" ref="640318516" role=""/>
  <member type="way" ref="1280167274" role=""/>
  <member type="way" ref="1280167278" role=""/>
  <member type="way" ref="640318513" role=""/>
  <member type="way" ref="1280167277" role=""/>
  <member type="way" ref="640320752" role=""/>
  <member type="way" ref="1280167280" role=""/>
  <member type="way" ref="1280167279" role=""/>
  <member type="way" ref="1280167281" role=""/>
  <member type="way" ref="1217082098" role=""/>
  <member type="way" ref="1217082097" role=""/>
  <member type="way" ref="1469816959" role=""/>
  <member type="way" ref="1280167283" role=""/>
  <member type="way" ref="640318523" role=""/>
  <member type="way" ref="480291781" role=""/>
  <member type="way" ref="440644780" role=""/>
  <member type="way" ref="820925755" role=""/>
  <member type="way" ref="820925754" role=""/>
  <member type="way" ref="440644790" role=""/>
  <member type="way" ref="440644776" role=""/>
  <member type="way" ref="1277620905" role=""/>
  <member type="way" ref="1277620906" role=""/>
  <member type="way" ref="480291786" role=""/>
  <member type="way" ref="1239201496" role=""/>
  <member type="way" ref="1239201497" role=""/>
  <member type="way" ref="552231095" role=""/>
  <member type="way" ref="552231094" role=""/>
  <member type="way" ref="440644782" role=""/>
  <member type="way" ref="440644775" role=""/>
  <member type="way" ref="440644773" role=""/>
  <member type="way" ref="480285660" role=""/>
  <member type="way" ref="480285662" role=""/>
  <member type="way" ref="166829924" role=""/>
  <member type="way" ref="166829900" role=""/>
  <member type="way" ref="166829910" role=""/>
  <member type="way" ref="440644781" role=""/>
  <member type="way" ref="490238843" role=""/>
  <member type="way" ref="442051411" role=""/>
  <member type="way" ref="490238835" role=""/>
  <member type="way" ref="440644771" role=""/>
  <member type="way" ref="166829939" role=""/>
  <member type="way" ref="166829975" role=""/>
  <member type="way" ref="166829918" role=""/>
  <member type="way" ref="640037071" role=""/>
  <member type="way" ref="640037070" role=""/>
  <member type="way" ref="166829977" role=""/>
  <member type="way" ref="683618997" role=""/>
  <member type="way" ref="683618996" role=""/>
  <member type="way" ref="640037105" role=""/>
  <member type="way" ref="480276745" role=""/>
  <member type="way" ref="723582945" role=""/>
  <member type="way" ref="307235127" role=""/>
  <member type="way" ref="742681238" role=""/>
  <member type="way" ref="742681239" role=""/>
  <member type="way" ref="307235126" role=""/>
  <member type="way" ref="166829925" role=""/>
  <member type="way" ref="166829976" role=""/>
  <member type="way" ref="166829923" role=""/>
  <member type="way" ref="166829892" role=""/>
  <member type="way" ref="552112159" role=""/>
  <member type="way" ref="172066863" role=""/>
  <member type="way" ref="405831047" role=""/>
  <member type="way" ref="172066849" role=""/>
  <member type="way" ref="172066851" role=""/>
  <member type="way" ref="1469205086" role=""/>
  <member type="way" ref="1467149402" role=""/>
  <member type="way" ref="1467149403" role=""/>
  <member type="way" ref="55799188" role=""/>
  <member type="way" ref="172071251" role=""/>
  <member type="way" ref="172071250" role=""/>
  <member type="way" ref="172075436" role=""/>
  <member type="way" ref="172075425" role=""/>
  <member type="way" ref="172076876" role=""/>
  <member type="way" ref="1490380458" role=""/>
  <member type="way" ref="1490380459" role=""/>
  <member type="way" ref="172076872" role=""/>
  <member type="way" ref="55799190" role=""/>
  <member type="way" ref="55799169" role=""/>
  <member type="way" ref="172082302" role=""/>
  <member type="way" ref="172082280" role=""/>
  <member type="way" ref="172082279" role=""/>
  <member type="way" ref="172082298" role=""/>
  <member type="way" ref="1018870164" role=""/>
  <member type="way" ref="1018870163" role=""/>
  <member type="way" ref="1063664453" role=""/>
  <member type="way" ref="172082294" role=""/>
  <member type="way" ref="172082286" role=""/>
  <member type="way" ref="1024210844" role=""/>
  <member type="way" ref="1026366283" role=""/>
  <member type="way" ref="29179107" role=""/>
  <member type="way" ref="172084093" role=""/>
  <member type="way" ref="784539594" role=""/>
  <member type="way" ref="172084085" role=""/>
  <member type="way" ref="1136542679" role=""/>
  <member type="way" ref="172085818" role=""/>
  <member type="way" ref="172085820" role=""/>
  <member type="way" ref="1018870162" role=""/>
  <member type="way" ref="55799175" role=""/>
  <member type="way" ref="55799167" role=""/>
  <member type="way" ref="172085817" role=""/>
  <member type="way" ref="172085833" role=""/>
  <member type="way" ref="172085831" role=""/>
  <member type="way" ref="172085834" role=""/>
  <member type="way" ref="1018870161" role=""/>
  <member type="way" ref="172085825" role=""/>
  <member type="way" ref="954681576" role=""/>
  <member type="way" ref="954681575" role=""/>
  <member type="way" ref="172085830" role=""/>
  <member type="way" ref="1018870160" role=""/>
  <member type="way" ref="172085828" role=""/>
  <member type="way" ref="1018870156" role=""/>
  <member type="way" ref="29179108" role=""/>
  <member type="way" ref="366053079" role=""/>
  <member type="way" ref="172086340" role=""/>
  <member type="way" ref="784539593" role=""/>
  <member type="way" ref="55799157" role=""/>
  <member type="way" ref="55799156" role=""/>
  <member type="way" ref="172087950" role=""/>
  <member type="way" ref="172087953" role=""/>
  <member type="way" ref="172088130" role=""/>
  <member type="way" ref="784539590" role=""/>
  <member type="way" ref="172088134" role=""/>
  <member type="way" ref="1095209735" role=""/>
  <member type="way" ref="79734195" role=""/>
  <member type="way" ref="1095209734" role=""/>
  <member type="way" ref="595160579" role=""/>
  <member type="way" ref="742680126" role=""/>
  <member type="way" ref="742680131" role=""/>
  <member type="way" ref="172088411" role=""/>
  <member type="way" ref="1090320573" role=""/>
  <member type="way" ref="1006238408" role=""/>
  <member type="way" ref="172088556" role=""/>
  <member type="way" ref="172088554" role=""/>
  <member type="way" ref="75419662" role=""/>
  <member type="way" ref="75419665" role=""/>
  <member type="way" ref="79735616" role=""/>
  <member type="way" ref="79735615" role=""/>
  <member type="way" ref="593533716" role=""/>
  <member type="way" ref="593533717" role=""/>
  <member type="way" ref="206868468" role=""/>
  <member type="way" ref="593533722" role=""/>
  <member type="way" ref="593533721" role=""/>
  <member type="way" ref="206868467" role=""/>
  <member type="way" ref="33126676" role=""/>
  <member type="way" ref="29179801" role=""/>
  <member type="way" ref="172088887" role=""/>
  <member type="way" ref="172088884" role=""/>
  <member type="way" ref="172089007" role=""/>
  <member type="way" ref="172089009" role=""/>
  <member type="way" ref="72007533" role=""/>
  <member type="way" ref="72007534" role=""/>
  <member type="way" ref="172089949" role=""/>
  <member type="way" ref="172089951" role=""/>
  <member type="way" ref="38560553" role=""/>
  <member type="way" ref="38560554" role=""/>
  <member type="way" ref="38560576" role=""/>
  <member type="way" ref="38560580" role=""/>
  <member type="way" ref="46206965" role=""/>
  <member type="way" ref="46206964" role=""/>
  <member type="way" ref="46206737" role=""/>
  <member type="way" ref="46206736" role=""/>
  <member type="way" ref="46205686" role=""/>
  <member type="way" ref="46205595" role=""/>
  <member type="way" ref="46205602" role=""/>
  <member type="way" ref="46205604" role=""/>
  <member type="way" ref="172090197" role=""/>
  <member type="way" ref="172090198" role=""/>
  <member type="way" ref="103428643" role=""/>
  <member type="way" ref="103428642" role=""/>
  <member type="way" ref="172091106" role=""/>
  <member type="way" ref="172091099" role=""/>
  <member type="way" ref="187152695" role=""/>
  <member type="way" ref="187152698" role=""/>
  <member type="way" ref="997035030" role=""/>
  <member type="way" ref="603162862" role=""/>
  <member type="way" ref="437968991" role=""/>
  <member type="way" ref="29179048" role=""/>
  <member type="way" ref="958239584" role=""/>
  <member type="way" ref="172091103" role=""/>
  <member type="way" ref="172091104" role=""/>
  <member type="way" ref="172091101" role=""/>
  <member type="way" ref="172091105" role=""/>
  <member type="way" ref="16137613" role=""/>
  <member type="way" ref="277307241" role=""/>
  <member type="way" ref="871216176" role=""/>
  <member type="way" ref="871216175" role=""/>
  <member type="way" ref="871216183" role=""/>
  <member type="way" ref="871216184" role=""/>
  <member type="way" ref="16141549" role=""/>
  <member type="way" ref="515096650" role=""/>
  <member type="way" ref="423858330" role=""/>
  <member type="way" ref="277305005" role=""/>
  <member type="way" ref="423858338" role=""/>
  <member type="way" ref="1071381386" role=""/>
  <member type="way" ref="520140647" role=""/>
  <member type="way" ref="1071381387" role=""/>
  <member type="way" ref="1071381385" role=""/>
  <member type="way" ref="859891314" role=""/>
  <member type="way" ref="78453967" role=""/>
  <member type="way" ref="29143803" role=""/>
  <member type="way" ref="259221587" role=""/>
  <member type="way" ref="423858398" role=""/>
  <member type="way" ref="29143932" role=""/>
  <member type="way" ref="469513274" role=""/>
  <member type="way" ref="33888623" role=""/>
  <member type="way" ref="950127577" role=""/>
  <member type="way" ref="950127576" role=""/>
  <member type="way" ref="78453972" role=""/>
  <member type="way" ref="979913402" role=""/>
  <member type="way" ref="950112132" role=""/>
  <member type="way" ref="950112131" role=""/>
  <member type="way" ref="452472258" role=""/>
  <member type="way" ref="979913404" role=""/>
  <member type="way" ref="979913403" role=""/>
  <member type="way" ref="525427948" role=""/>
  <member type="way" ref="834649062" role=""/>
  <member type="way" ref="979913405" role=""/>
  <member type="way" ref="871216191" role=""/>
  <member type="way" ref="950198745" role=""/>
  <member type="way" ref="950198744" role=""/>
  <member type="way" ref="871216192" role=""/>
  <member type="way" ref="16140308" role=""/>
  <member type="way" ref="871216188" role=""/>
  <member type="way" ref="871216187" role=""/>
  <member type="way" ref="784357985" role=""/>
  <member type="way" ref="871216181" role=""/>
  <member type="way" ref="16141448" role=""/>
  <member type="way" ref="980647756" role=""/>
  <member type="way" ref="1113655743" role=""/>
  <member type="way" ref="1063402799" role=""/>
  <member type="way" ref="190391009" role=""/>
  <member type="way" ref="428564381" role=""/>
  <member type="way" ref="520152670" role=""/>
  <member type="way" ref="859909204" role=""/>
  <member type="way" ref="859909205" role=""/>
  <member type="way" ref="859909203" role=""/>
  <member type="way" ref="16141737" role=""/>
  <member type="way" ref="520152671" role=""/>
  <member type="way" ref="190391013" role=""/>
  <member type="way" ref="980647754" role=""/>
  <member type="way" ref="1383840797" role=""/>
  <member type="way" ref="784357983" role=""/>
  <member type="way" ref="256859701" role=""/>
  <member type="way" ref="980647760" role=""/>
  <member type="way" ref="256859700" role=""/>
  <member type="way" ref="952780249" role=""/>
  <member type="way" ref="149430518" role=""/>
  <member type="way" ref="33637005" role=""/>
  <member type="way" ref="168631825" role=""/>
  <member type="way" ref="168631817" role=""/>
  <member type="way" ref="44688777" role=""/>
  <member type="way" ref="168631811" role=""/>
  <member type="way" ref="156662378" role=""/>
  <member type="way" ref="168631823" role=""/>
  <member type="way" ref="44688825" role=""/>
  <member type="way" ref="37312439" role=""/>
  <member type="way" ref="14770156" role=""/>
  <member type="way" ref="216929182" role=""/>
  <member type="way" ref="156662354" role=""/>
  <member type="way" ref="156662351" role=""/>
  <member type="way" ref="156662373" role=""/>
  <member type="way" ref="1347372826" role=""/>
  <member type="way" ref="785221956" role=""/>
  <member type="way" ref="14821497" role=""/>
  <member type="way" ref="295641977" role=""/>
  <member type="way" ref="171423007" role=""/>
  <member type="way" ref="717566391" role=""/>
  <member type="way" ref="953088603" role=""/>
  <member type="way" ref="953088602" role=""/>
  <member type="way" ref="860059267" role=""/>
  <member type="way" ref="953093692" role=""/>
  <member type="way" ref="431600475" role=""/>
  <member type="way" ref="797755002" role=""/>
  <member type="way" ref="294440294" role=""/>
  <member type="way" ref="835550243" role=""/>
  <member type="way" ref="963792011" role=""/>
  <tag k="from" v="Guarapari"/>
  <tag k="name" v="Ônibus 17-0014: Guarapari → Rio de Janeiro"/>
  <tag k="network" v="ANTT"/>
  <tag k="network:wikidata" v="Q9592640"/>
  <tag k="network:wikipedia" v="pt:Agência Nacional de Transportes Terrestres"/>
  <tag k="operator" v="Kaissara"/>
  <tag k="public_transport:version" v="2"/>
  <tag k="ref" v="17-0014"/>
  <tag k="route" v="bus"/>
  <tag k="to" v="Rio de Janeiro"/>
  <tag k="type" v="route"/>
 </relation>
 <relation id="6307488" visible="true" version="376" changeset="179699283" timestamp="2026-03-11T12:59:56Z" user="Taya_S" uid="15944521">
  <member type="node" ref="4730060784" role="stop"/>
  <member type="node" ref="9074768322" role="stop"/>
  <member type="node" ref="4235735630" role="stop"/>
  <member type="node" ref="4233783916" role="stop"/>
  <member type="node" ref="4235735629" role="stop"/>
  <member type="node" ref="5271935126" role="stop"/>
  <member type="node" ref="1243671860" role="stop"/>
  <member type="node" ref="4234914359" role="stop"/>
  <member type="way" ref="835550241" role=""/>
  <member type="way" ref="1015944119" role=""/>
  <member type="way" ref="835550242" role=""/>
  <member type="way" ref="431600486" role=""/>
  <member type="way" ref="176407073" role=""/>
  <member type="way" ref="78453973" role=""/>
  <member type="way" ref="173411868" role=""/>
  <member type="way" ref="953167256" role=""/>
  <member type="way" ref="42430326" role=""/>
  <member type="way" ref="42430322" role=""/>
  <member type="way" ref="42430325" role=""/>
  <member type="way" ref="337180062" role=""/>
  <member type="way" ref="1132520299" role=""/>
  <member type="way" ref="1064954353" role=""/>
  <member type="way" ref="5082900" role=""/>
  <member type="way" ref="37312440" role=""/>
  <member type="way" ref="252031742" role=""/>
  <member type="way" ref="156662355" role=""/>
  <member type="way" ref="168631815" role=""/>
  <member type="way" ref="156662385" role=""/>
  <member type="way" ref="44688865" role=""/>
  <member type="way" ref="44688876" role=""/>
  <member type="way" ref="168631809" role=""/>
  <member type="way" ref="168631828" role=""/>
  <member type="way" ref="33637000" role=""/>
  <member type="way" ref="949746271" role=""/>
  <member type="way" ref="949746269" role=""/>
  <member type="way" ref="1253561911" role=""/>
  <member type="way" ref="949746261" role=""/>
  <member type="way" ref="1253561910" role=""/>
  <member type="way" ref="598947477" role=""/>
  <member type="way" ref="980647765" role=""/>
  <member type="way" ref="149433436" role=""/>
  <member type="way" ref="993521619" role=""/>
  <member type="way" ref="172092439" role=""/>
  <member type="way" ref="949753696" role=""/>
  <member type="way" ref="78453967" role=""/>
  <member type="way" ref="29143803" role=""/>
  <member type="way" ref="259221587" role=""/>
  <member type="way" ref="423858398" role=""/>
  <member type="way" ref="29143932" role=""/>
  <member type="way" ref="469513274" role=""/>
  <member type="way" ref="33888623" role=""/>
  <member type="way" ref="950127577" role=""/>
  <member type="way" ref="950127576" role=""/>
  <member type="way" ref="78453972" role=""/>
  <member type="way" ref="979913402" role=""/>
  <member type="way" ref="950112132" role=""/>
  <member type="way" ref="950112131" role=""/>
  <member type="way" ref="452472258" role=""/>
  <member type="way" ref="979913404" role=""/>
  <member type="way" ref="979913403" role=""/>
  <member type="way" ref="525427948" role=""/>
  <member type="way" ref="834649062" role=""/>
  <member type="way" ref="979913405" role=""/>
  <member type="way" ref="871216191" role=""/>
  <member type="way" ref="950198745" role=""/>
  <member type="way" ref="950198744" role=""/>
  <member type="way" ref="871216192" role=""/>
  <member type="way" ref="16140308" role=""/>
  <member type="way" ref="871216188" role=""/>
  <member type="way" ref="871216187" role=""/>
  <member type="way" ref="784357985" role=""/>
  <member type="way" ref="871216180" role=""/>
  <member type="way" ref="1063402800" role=""/>
  <member type="way" ref="16135695" role=""/>
  <member type="way" ref="958244432" role=""/>
  <member type="way" ref="958244433" role=""/>
  <member type="way" ref="172091110" role=""/>
  <member type="way" ref="980647766" role=""/>
  <member type="way" ref="172091111" role=""/>
  <member type="way" ref="172091102" role=""/>
  <member type="way" ref="316524396" role=""/>
  <member type="way" ref="437968990" role=""/>
  <member type="way" ref="33126690" role=""/>
  <member type="way" ref="603162861" role=""/>
  <member type="way" ref="1275049278" role=""/>
  <member type="way" ref="997035029" role=""/>
  <member type="way" ref="187152692" role=""/>
  <member type="way" ref="187152697" role=""/>
  <member type="way" ref="172091109" role=""/>
  <member type="way" ref="1275057099" role=""/>
  <member type="way" ref="172091100" role=""/>
  <member type="way" ref="1275057716" role=""/>
  <member type="way" ref="103428641" role=""/>
  <member type="way" ref="103428637" role=""/>
  <member type="way" ref="172090200" role=""/>
  <member type="way" ref="172090199" role=""/>
  <member type="way" ref="46205608" role=""/>
  <member type="way" ref="46205544" role=""/>
  <member type="way" ref="46205679" role=""/>
  <member type="way" ref="46205683" role=""/>
  <member type="way" ref="46206739" role=""/>
  <member type="way" ref="46206738" role=""/>
  <member type="way" ref="46206967" role=""/>
  <member type="way" ref="46206971" role=""/>
  <member type="way" ref="38560579" role=""/>
  <member type="way" ref="38560575" role=""/>
  <member type="way" ref="38560555" role=""/>
  <member type="way" ref="38560556" role=""/>
  <member type="way" ref="172089948" role=""/>
  <member type="way" ref="172089945" role=""/>
  <member type="way" ref="72007536" role=""/>
  <member type="way" ref="72007535" role=""/>
  <member type="way" ref="172089006" role=""/>
  <member type="way" ref="172089010" role=""/>
  <member type="way" ref="172088883" role=""/>
  <member type="way" ref="172088879" role=""/>
  <member type="way" ref="33126691" role=""/>
  <member type="way" ref="30600395" role=""/>
  <member type="way" ref="593533720" role=""/>
  <member type="way" ref="593533719" role=""/>
  <member type="way" ref="206868470" role=""/>
  <member type="way" ref="206868474" role=""/>
  <member type="way" ref="593533715" role=""/>
  <member type="way" ref="593533712" role=""/>
  <member type="way" ref="79735619" role=""/>
  <member type="way" ref="79735621" role=""/>
  <member type="way" ref="75419669" role=""/>
  <member type="way" ref="75419615" role=""/>
  <member type="way" ref="172088553" role=""/>
  <member type="way" ref="172088555" role=""/>
  <member type="way" ref="172088410" role=""/>
  <member type="way" ref="1006238410" role=""/>
  <member type="way" ref="1006238409" role=""/>
  <member type="way" ref="79734197" role=""/>
  <member type="way" ref="79734199" role=""/>
  <member type="way" ref="1006238411" role=""/>
  <member type="way" ref="172088131" role=""/>
  <member type="way" ref="784539614" role=""/>
  <member type="way" ref="172088133" role=""/>
  <member type="way" ref="172087954" role=""/>
  <member type="way" ref="784539612" role=""/>
  <member type="way" ref="172087956" role=""/>
  <member type="way" ref="55799158" role=""/>
  <member type="way" ref="55799155" role=""/>
  <member type="way" ref="1275352830" role=""/>
  <member type="way" ref="1275352831" role=""/>
  <member type="way" ref="55799166" role=""/>
  <member type="way" ref="1018870157" role=""/>
  <member type="way" ref="1018870158" role=""/>
  <member type="way" ref="172085835" role=""/>
  <member type="way" ref="1018870159" role=""/>
  <member type="way" ref="172085827" role=""/>
  <member type="way" ref="954681574" role=""/>
  <member type="way" ref="954681573" role=""/>
  <member type="way" ref="172085821" role=""/>
  <member type="way" ref="172085826" role=""/>
  <member type="way" ref="172085822" role=""/>
  <member type="way" ref="172085819" role=""/>
  <member type="way" ref="172085829" role=""/>
  <member type="way" ref="172085832" role=""/>
  <member type="way" ref="55799174" role=""/>
  <member type="way" ref="55799173" role=""/>
  <member type="way" ref="172085823" role=""/>
  <member type="way" ref="1136542681" role=""/>
  <member type="way" ref="1136586561" role=""/>
  <member type="way" ref="1136542680" role=""/>
  <member type="way" ref="1138417454" role=""/>
  <member type="way" ref="1232716005" role=""/>
  <member type="way" ref="172085816" role=""/>
  <member type="way" ref="172084087" role=""/>
  <member type="way" ref="784539611" role=""/>
  <member type="way" ref="172084092" role=""/>
  <member type="way" ref="1275410315" role=""/>
  <member type="way" ref="55799168" role=""/>
  <member type="way" ref="172082277" role=""/>
  <member type="way" ref="1275413094" role=""/>
  <member type="way" ref="1275413095" role=""/>
  <member type="way" ref="172082278" role=""/>
  <member type="way" ref="1275447848" role=""/>
  <member type="way" ref="1275447847" role=""/>
  <member type="way" ref="172082284" role=""/>
  <member type="way" ref="172082296" role=""/>
  <member type="way" ref="172082290" role=""/>
  <member type="way" ref="1275450936" role=""/>
  <member type="way" ref="172082304" role=""/>
  <member type="way" ref="55799189" role=""/>
  <member type="way" ref="55799186" role=""/>
  <member type="way" ref="1275452794" role=""/>
  <member type="way" ref="1275452795" role=""/>
  <member type="way" ref="1275452793" role=""/>
  <member type="way" ref="1281753728" role=""/>
  <member type="way" ref="1275452998" role=""/>
  <member type="way" ref="172076870" role=""/>
  <member type="way" ref="172076869" role=""/>
  <member type="way" ref="1275700882" role=""/>
  <member type="way" ref="172075428" role=""/>
  <member type="way" ref="1275713174" role=""/>
  <member type="way" ref="1275713175" role=""/>
  <member type="way" ref="172075434" role=""/>
  <member type="way" ref="172071254" role=""/>
  <member type="way" ref="172071252" role=""/>
  <member type="way" ref="1275754329" role=""/>
  <member type="way" ref="1275724784" role=""/>
  <member type="way" ref="172071253" role=""/>
  <member type="way" ref="30600396" role=""/>
  <member type="way" ref="260442046" role=""/>
  <member type="way" ref="424435161" role=""/>
  <member type="way" ref="1275857051" role=""/>
  <member type="way" ref="551875365" role=""/>
  <member type="way" ref="440648875" role=""/>
  <member type="way" ref="440648891" role=""/>
  <member type="way" ref="440648882" role=""/>
  <member type="way" ref="440648894" role=""/>
  <member type="way" ref="1275863153" role=""/>
  <member type="way" ref="1275863154" role=""/>
  <member type="way" ref="552165733" role=""/>
  <member type="way" ref="742681240" role=""/>
  <member type="way" ref="742681237" role=""/>
  <member type="way" ref="440648885" role=""/>
  <member type="way" ref="1275863492" role=""/>
  <member type="way" ref="723582944" role=""/>
  <member type="way" ref="640037110" role=""/>
  <member type="way" ref="683618994" role=""/>
  <member type="way" ref="1276223994" role=""/>
  <member type="way" ref="1275869800" role=""/>
  <member type="way" ref="480276746" role=""/>
  <member type="way" ref="1276230693" role=""/>
  <member type="way" ref="640037069" role=""/>
  <member type="way" ref="640037072" role=""/>
  <member type="way" ref="640037068" role=""/>
  <member type="way" ref="1276189897" role=""/>
  <member type="way" ref="1276223993" role=""/>
  <member type="way" ref="440648889" role=""/>
  <member type="way" ref="440648877" role=""/>
  <member type="way" ref="480283488" role=""/>
  <member type="way" ref="490238834" role=""/>
  <member type="way" ref="1276239551" role=""/>
  <member type="way" ref="1276239552" role=""/>
  <member type="way" ref="166829987" role=""/>
  <member type="way" ref="440644777" role=""/>
  <member type="way" ref="440644779" role=""/>
  <member type="way" ref="440644778" role=""/>
  <member type="way" ref="440644774" role=""/>
  <member type="way" ref="1276244954" role=""/>
  <member type="way" ref="166829960" role=""/>
  <member type="way" ref="1276587488" role=""/>
  <member type="way" ref="166829926" role=""/>
  <member type="way" ref="1276588330" role=""/>
  <member type="way" ref="1278594401" role=""/>
  <member type="way" ref="166829978" role=""/>
  <member type="way" ref="1276589744" role=""/>
  <member type="way" ref="1276594283" role=""/>
  <member type="way" ref="1276589745" role=""/>
  <member type="way" ref="1276592583" role=""/>
  <member type="way" ref="1276589462" role=""/>
  <member type="way" ref="1276594282" role=""/>
  <member type="way" ref="552231097" role=""/>
  <member type="way" ref="552231096" role=""/>
  <member type="way" ref="1239201499" role=""/>
  <member type="way" ref="1277616024" role=""/>
  <member type="way" ref="1239201498" role=""/>
  <member type="way" ref="480285658" role=""/>
  <member type="way" ref="480291787" role=""/>
  <member type="way" ref="166829928" role=""/>
  <member type="way" ref="1277620904" role=""/>
  <member type="way" ref="480291784" role=""/>
  <member type="way" ref="1277621232" role=""/>
  <member type="way" ref="1277621231" role=""/>
  <member type="way" ref="1277623020" role=""/>
  <member type="way" ref="440644798" role=""/>
  <member type="way" ref="820925753" role=""/>
  <member type="way" ref="820925752" role=""/>
  <member type="way" ref="1277904496" role=""/>
  <member type="way" ref="1277904863" role=""/>
  <member type="way" ref="1354952968" role=""/>
  <member type="way" ref="325074045" role=""/>
  <member type="way" ref="1277905484" role=""/>
  <member type="way" ref="480291781" role=""/>
  <member type="way" ref="640318523" role=""/>
  <member type="way" ref="1280167283" role=""/>
  <member type="way" ref="1469816959" role=""/>
  <member type="way" ref="1217082097" role=""/>
  <member type="way" ref="1217082098" role=""/>
  <member type="way" ref="1280167281" role=""/>
  <member type="way" ref="1280167279" role=""/>
  <member type="way" ref="1280167280" role=""/>
  <member type="way" ref="640320752" role=""/>
  <member type="way" ref="1280167277" role=""/>
  <member type="way" ref="640318513" role=""/>
  <member type="way" ref="1280167278" role=""/>
  <member type="way" ref="1280167274" role=""/>
  <member type="way" ref="640318516" role=""/>
  <member type="way" ref="1280167275" role=""/>
  <member type="way" ref="1280167276" role=""/>
  <member type="way" ref="640318501" role=""/>
  <member type="way" ref="1469816958" role=""/>
  <member type="way" ref="1154155382" role=""/>
  <member type="way" ref="1280167273" role=""/>
  <member type="way" ref="1277914688" role=""/>
  <member type="way" ref="441997958" role=""/>
  <member type="way" ref="1217082101" role=""/>
  <member type="way" ref="1135253219" role=""/>
  <member type="way" ref="1075175614" role=""/>
  <member type="way" ref="441997962" role=""/>
  <member type="way" ref="1277910878" role=""/>
  <member type="way" ref="1277910879" role=""/>
  <member type="way" ref="1280176099" role=""/>
  <member type="way" ref="1277910880" role=""/>
  <member type="way" ref="433861031" role=""/>
  <member type="way" ref="1278300753" role=""/>
  <member type="way" ref="433861025" role=""/>
  <member type="way" ref="1278302742" role=""/>
  <member type="way" ref="1280176096" role=""/>
  <member type="way" ref="441997963" role=""/>
  <member type="way" ref="1279148781" role=""/>
  <member type="way" ref="1278322392" role=""/>
  <member type="way" ref="1278323151" role=""/>
  <member type="way" ref="1278324787" role=""/>
  <member type="way" ref="552236737" role=""/>
  <member type="way" ref="1280176095" role=""/>
  <member type="way" ref="1278330692" role=""/>
  <member type="way" ref="325067415" role=""/>
  <member type="way" ref="1307347881" role=""/>
  <member type="way" ref="1307347880" role=""/>
  <member type="way" ref="441997961" role=""/>
  <member type="way" ref="606408970" role=""/>
  <member type="way" ref="1017920608" role=""/>
  <member type="way" ref="1017920607" role=""/>
  <member type="way" ref="606408965" role=""/>
  <member type="way" ref="1278339903" role=""/>
  <member type="way" ref="1278340152" role=""/>
  <member type="way" ref="441997956" role=""/>
  <member type="way" ref="325074040" role=""/>
  <member type="way" ref="325074064" role=""/>
  <member type="way" ref="441997959" role=""/>
  <member type="way" ref="1278933089" role=""/>
  <member type="way" ref="1279169027" role=""/>
  <member type="way" ref="724155705" role=""/>
  <member type="way" ref="1278936604" role=""/>
  <member type="way" ref="724155706" role=""/>
  <member type="way" ref="886020444" role=""/>
  <member type="way" ref="1279075565" role=""/>
  <member type="way" ref="886020443" role=""/>
  <member type="way" ref="1279169026" role=""/>
  <member type="way" ref="243871237" role=""/>
  <member type="way" ref="1135253220" role=""/>
  <member type="way" ref="243871243" role=""/>
  <member type="way" ref="243871236" role=""/>
  <member type="way" ref="243871238" role=""/>
  <member type="way" ref="1264646482" role=""/>
  <member type="way" ref="1279355685" role=""/>
  <member type="way" ref="1279356594" role=""/>
  <member type="way" ref="1279356595" role=""/>
  <member type="way" ref="166829969" role=""/>
  <member type="way" ref="995638346" role=""/>
  <member type="way" ref="1279360422" role=""/>
  <member type="way" ref="995638347" role=""/>
  <member type="way" ref="995640280" role=""/>
  <member type="way" ref="995640281" role=""/>
  <member type="way" ref="995640282" role=""/>
  <member type="way" ref="995621085" role=""/>
  <member type="way" ref="995621086" role=""/>
  <member type="way" ref="885995188" role=""/>
  <member type="way" ref="995624404" role=""/>
  <member type="way" ref="885995189" role=""/>
  <member type="way" ref="885995190" role=""/>
  <member type="way" ref="166829927" role=""/>
  <member type="way" ref="995631537" role=""/>
  <member type="way" ref="995631538" role=""/>
  <member type="way" ref="24643732" role=""/>
  <member type="way" ref="133020786" role=""/>
  <member type="way" ref="995631535" role=""/>
  <member type="way" ref="995631534" role=""/>
  <member type="way" ref="133020787" role=""/>
  <member type="way" ref="103805426" role=""/>
  <member type="way" ref="995632939" role=""/>
  <member type="way" ref="995609188" role=""/>
  <member type="way" ref="995609189" role=""/>
  <member type="way" ref="995609185" role=""/>
  <member type="way" ref="995609180" role=""/>
  <member type="way" ref="995609181" role=""/>
  <member type="way" ref="995609182" role=""/>
  <member type="way" ref="312110329" role=""/>
  <member type="way" ref="1279444253" role=""/>
  <member type="way" ref="995612188" role=""/>
  <member type="way" ref="995609183" role=""/>
  <member type="way" ref="995615753" role=""/>
  <member type="way" ref="995615755" role=""/>
  <member type="way" ref="1279444820" role=""/>
  <member type="way" ref="995267377" role=""/>
  <member type="way" ref="312110327" role=""/>
  <member type="way" ref="1279470257" role=""/>
  <member type="way" ref="312110326" role=""/>
  <member type="way" ref="995581362" role=""/>
  <member type="way" ref="995581361" role=""/>
  <member type="way" ref="1279651629" role=""/>
  <member type="way" ref="1279651631" role=""/>
  <member type="way" ref="1279651630" role=""/>
  <member type="way" ref="312477829" role=""/>
  <member type="way" ref="1279653376" role=""/>
  <member type="way" ref="312477828" role=""/>
  <member type="way" ref="325085100" role=""/>
  <member type="way" ref="325085103" role=""/>
  <member type="way" ref="995586883" role=""/>
  <member type="way" ref="384771149" role=""/>
  <member type="way" ref="1279663800" role=""/>
  <member type="way" ref="1279663801" role=""/>
  <member type="way" ref="325092016" role=""/>
  <member type="way" ref="325092018" role=""/>
  <member type="way" ref="1072858703" role=""/>
  <member type="way" ref="1072858702" role=""/>
  <member type="way" ref="1279681028" role=""/>
  <member type="way" ref="1279788537" role=""/>
  <member type="way" ref="1279788538" role=""/>
  <member type="way" ref="305915764" role=""/>
  <member type="way" ref="724155708" role=""/>
  <member type="way" ref="305915762" role=""/>
  <member type="way" ref="305915761" role=""/>
  <member type="way" ref="229031303" role=""/>
  <member type="way" ref="663797590" role=""/>
  <member type="way" ref="1133497365" role=""/>
  <member type="way" ref="229031304" role=""/>
  <member type="way" ref="961613814" role=""/>
  <member type="way" ref="1152758544" role=""/>
  <member type="way" ref="1133497366" role=""/>
  <member type="way" ref="305915758" role=""/>
  <member type="way" ref="961613815" role=""/>
  <member type="way" ref="961613816" role=""/>
  <member type="way" ref="742682435" role=""/>
  <member type="way" ref="995422945" role=""/>
  <member type="way" ref="552385119" role=""/>
  <member type="way" ref="552385117" role=""/>
  <member type="way" ref="440605061" role=""/>
  <member type="way" ref="1131622737" role=""/>
  <member type="way" ref="995421236" role=""/>
  <member type="way" ref="1131622739" role=""/>
  <member type="way" ref="1279998915" role=""/>
  <member type="way" ref="1131622741" role=""/>
  <member type="way" ref="995421235" role=""/>
  <member type="way" ref="1131622745" role=""/>
  <member type="way" ref="325056134" role=""/>
  <member type="way" ref="1131240651" role=""/>
  <member type="way" ref="480428429" role=""/>
  <member type="way" ref="1131609937" role=""/>
  <member type="way" ref="440539169" role=""/>
  <member type="way" ref="1131609936" role=""/>
  <member type="way" ref="664516570" role=""/>
  <member type="way" ref="1131609935" role=""/>
  <member type="way" ref="664516571" role=""/>
  <member type="way" ref="480428431" role=""/>
  <member type="way" ref="480428439" role=""/>
  <member type="way" ref="1131609933" role=""/>
  <member type="way" ref="1131609932" role=""/>
  <member type="way" ref="440539165" role=""/>
  <member type="way" ref="1131609931" role=""/>
  <member type="way" ref="995569708" role=""/>
  <member type="way" ref="1131609929" role=""/>
  <member type="way" ref="1131609930" role=""/>
  <member type="way" ref="440539163" role=""/>
  <member type="way" ref="1252554028" role=""/>
  <member type="way" ref="1252554029" role=""/>
  <member type="way" ref="995569707" role=""/>
  <member type="way" ref="1252562888" role=""/>
  <member type="way" ref="423858409" role=""/>
  <member type="way" ref="423858468" role=""/>
  <member type="way" ref="423858456" role=""/>
  <member type="way" ref="469513272" role=""/>
  <member type="way" ref="423858410" role=""/>
  <member type="way" ref="423858462" role=""/>
  <member type="way" ref="423858405" role=""/>
  <member type="way" ref="423858454" role=""/>
  <member type="way" ref="1328590014" role=""/>
  <member type="way" ref="1328835238" role=""/>
  <member type="way" ref="1252562889" role=""/>
  <member type="way" ref="1328835239" role=""/>
  <member type="way" ref="1328590013" role=""/>
  <member type="way" ref="1254909902" role=""/>
  <member type="way" ref="1254909903" role=""/>
  <member type="way" ref="423858380" role=""/>
  <member type="way" ref="1414270888" role=""/>
  <member type="way" ref="1254909900" role=""/>
  <member type="way" ref="1254909904" role=""/>
  <member type="way" ref="1254909901" role=""/>
  <member type="way" ref="1254909905" role=""/>
  <member type="way" ref="1252562890" role=""/>
  <member type="way" ref="103805444" role=""/>
  <member type="way" ref="312588090" role=""/>
  <member type="way" ref="312588093" role=""/>
  <member type="way" ref="1252562891" role=""/>
  <member type="way" ref="312588091" role=""/>
  <member type="way" ref="312588095" role=""/>
  <member type="way" ref="186353858" role=""/>
  <member type="way" ref="186353862" role=""/>
  <member type="way" ref="1328835240" role=""/>
  <member type="way" ref="1328835241" role=""/>
  <member type="way" ref="995644978" role=""/>
  <member type="way" ref="995644977" role=""/>
  <member type="way" ref="1328835242" role=""/>
  <member type="way" ref="1328835243" role=""/>
  <member type="way" ref="1328835244" role=""/>
  <member type="way" ref="1328835245" role=""/>
  <member type="way" ref="103805457" role=""/>
  <member type="way" ref="961616737" role=""/>
  <member type="way" ref="103805436" role=""/>
  <member type="way" ref="441865644" role=""/>
  <member type="way" ref="996680273" role=""/>
  <member type="way" ref="996680270" role=""/>
  <member type="way" ref="996680274" role=""/>
  <member type="way" ref="996680269" role=""/>
  <member type="way" ref="103805459" role=""/>
  <member type="way" ref="1173736095" role=""/>
  <member type="way" ref="441858651" role=""/>
  <member type="way" ref="1328835253" role=""/>
  <member type="way" ref="996662919" role=""/>
  <member type="way" ref="312655020" role=""/>
  <member type="way" ref="852321828" role=""/>
  <member type="way" ref="423858470" role=""/>
  <member type="way" ref="852315808" role=""/>
  <member type="way" ref="424417762" role=""/>
  <member type="way" ref="424417764" role=""/>
  <member type="way" ref="423858407" role=""/>
  <member type="way" ref="423858464" role=""/>
  <member type="way" ref="423858464" role=""/>
  <member type="way" ref="312588201" role=""/>
  <member type="way" ref="423858448" role=""/>
  <member type="way" ref="361347366" role=""/>
  <member type="way" ref="996645603" role=""/>
  <member type="way" ref="423858377" role=""/>
  <member type="way" ref="1328835246" role=""/>
  <member type="way" ref="39913525" role=""/>
  <member type="way" ref="274711466" role=""/>
  <member type="way" ref="298631128" role=""/>
  <member type="way" ref="696549434" role=""/>
  <member type="way" ref="298631127" role=""/>
  <member type="way" ref="274711468" role=""/>
  <member type="way" ref="105558359" role=""/>
  <member type="way" ref="105558350" role=""/>
  <member type="way" ref="997573243" role=""/>
  <member type="way" ref="997573245" role=""/>
  <member type="way" ref="997573246" role=""/>
  <member type="way" ref="997573247" role=""/>
  <member type="way" ref="997573249" role=""/>
  <member type="way" ref="997573250" role=""/>
  <member type="way" ref="697056580" role=""/>
  <member type="way" ref="997570264" role=""/>
  <member type="way" ref="552350918" role=""/>
  <member type="way" ref="997571359" role=""/>
  <member type="way" ref="41170097" role=""/>
  <member type="way" ref="41170099" role=""/>
  <member type="way" ref="298020399" role=""/>
  <member type="way" ref="30145939" role=""/>
  <member type="way" ref="949269697" role=""/>
  <member type="way" ref="997263074" role=""/>
  <member type="way" ref="997278917" role=""/>
  <member type="way" ref="228129658" role=""/>
  <member type="way" ref="298631119" role=""/>
  <member type="way" ref="39913523" role=""/>
  <member type="way" ref="640287889" role=""/>
  <member type="way" ref="640287891" role=""/>
  <member type="way" ref="325042404" role=""/>
  <member type="way" ref="325042402" role=""/>
  <member type="way" ref="640287895" role=""/>
  <member type="way" ref="261105139" role=""/>
  <member type="way" ref="640287899" role=""/>
  <member type="way" ref="640287901" role=""/>
  <member type="way" ref="640287902" role=""/>
  <member type="way" ref="640287904" role=""/>
  <member type="way" ref="640287905" role=""/>
  <member type="way" ref="640287906" role=""/>
  <member type="way" ref="640287909" role=""/>
  <member type="way" ref="1153949556" role=""/>
  <member type="way" ref="640287910" role=""/>
  <member type="way" ref="640287911" role=""/>
  <member type="way" ref="1317036907" role=""/>
  <member type="way" ref="695717200" role=""/>
  <member type="way" ref="1103532239" role=""/>
  <member type="way" ref="640287913" role=""/>
  <member type="way" ref="1423085427" role=""/>
  <member type="way" ref="1101191576" role=""/>
  <member type="way" ref="260034789" role=""/>
  <member type="way" ref="1317876743" role=""/>
  <member type="way" ref="1317876744" role=""/>
  <member type="way" ref="1317876742" role=""/>
  <member type="way" ref="1317876745" role=""/>
  <member type="way" ref="996701043" role=""/>
  <member type="way" ref="996701876" role=""/>
  <member type="way" ref="996701875" role=""/>
  <member type="way" ref="996702961" role=""/>
  <member type="way" ref="996702960" role=""/>
  <member type="way" ref="594631726" role=""/>
  <member type="way" ref="894708552" role=""/>
  <member type="way" ref="894708553" role=""/>
  <member type="way" ref="996726459" role=""/>
  <member type="way" ref="815671394" role=""/>
  <member type="way" ref="996726457" role=""/>
  <member type="way" ref="995399189" role=""/>
  <member type="way" ref="594631728" role=""/>
  <member type="way" ref="742683007" role=""/>
  <member type="way" ref="742683009" role=""/>
  <member type="way" ref="995399188" role=""/>
  <member type="way" ref="25300874" role=""/>
  <member type="way" ref="107693777" role=""/>
  <member type="way" ref="685108845" role=""/>
  <member type="way" ref="1469247997" role=""/>
  <member type="way" ref="996729425" role=""/>
  <member type="way" ref="996729426" role=""/>
  <member type="way" ref="996729427" role=""/>
  <member type="way" ref="996729428" role=""/>
  <member type="way" ref="685108846" role=""/>
  <member type="way" ref="685108847" role=""/>
  <member type="way" ref="685108848" role=""/>
  <member type="way" ref="1190246530" role=""/>
  <member type="way" ref="1190246531" role=""/>
  <member type="way" ref="107693750" role=""/>
  <member type="way" ref="815669485" role=""/>
  <member type="way" ref="815669484" role=""/>
  <member type="way" ref="815669483" role=""/>
  <member type="way" ref="815669480" role=""/>
  <member type="way" ref="815669482" role=""/>
  <member type="way" ref="995307541" role=""/>
  <member type="way" ref="996895348" role=""/>
  <member type="way" ref="815669486" role=""/>
  <member type="way" ref="995307538" role=""/>
  <member type="way" ref="995307539" role=""/>
  <member type="way" ref="995307540" role=""/>
  <member type="way" ref="484534778" role=""/>
  <member type="way" ref="484534772" role=""/>
  <member type="way" ref="484534771" role=""/>
  <member type="way" ref="841130956" role=""/>
  <member type="way" ref="841130957" role=""/>
  <member type="way" ref="1247347178" role=""/>
  <member type="way" ref="1247347179" role=""/>
  <member type="way" ref="1247347180" role=""/>
  <member type="way" ref="1247347181" role=""/>
  <member type="way" ref="30145942" role=""/>
  <member type="way" ref="1254980223" role=""/>
  <member type="way" ref="1254980224" role=""/>
  <member type="way" ref="1315828071" role=""/>
  <member type="way" ref="30145943" role=""/>
  <member type="way" ref="995052643" role=""/>
  <member type="way" ref="328461478" role=""/>
  <member type="way" ref="831747742" role=""/>
  <member type="way" ref="831747744" role=""/>
  <member type="way" ref="831747739" role=""/>
  <member type="way" ref="831747741" role=""/>
  <member type="way" ref="995264219" role=""/>
  <member type="way" ref="328461458" role=""/>
  <member type="way" ref="328461467" role=""/>
  <member type="way" ref="328461460" role=""/>
  <member type="way" ref="361349324" role=""/>
  <member type="way" ref="995041793" role=""/>
  <member type="way" ref="361349325" role=""/>
  <member type="way" ref="744496359" role=""/>
  <member type="way" ref="744496358" role=""/>
  <member type="way" ref="995041792" role=""/>
  <member type="way" ref="479304291" role=""/>
  <member type="way" ref="995041788" role=""/>
  <member type="way" ref="995041789" role=""/>
  <member type="way" ref="479304289" role=""/>
  <member type="way" ref="969547722" role=""/>
  <member type="way" ref="995035201" role=""/>
  <member type="way" ref="361093330" role=""/>
  <member type="way" ref="361093329" role=""/>
  <member type="way" ref="361093326" role=""/>
  <member type="way" ref="328461456" role=""/>
  <member type="way" ref="995035195" role=""/>
  <member type="way" ref="995035194" role=""/>
  <member type="way" ref="995035192" role=""/>
  <member type="way" ref="995035191" role=""/>
  <member type="way" ref="151982361" role=""/>
  <member type="way" ref="995019164" role=""/>
  <member type="way" ref="995019162" role=""/>
  <member type="way" ref="995019163" role=""/>
  <member type="way" ref="995019160" role=""/>
  <member type="way" ref="995019161" role=""/>
  <member type="way" ref="995019165" role=""/>
  <member type="way" ref="151982365" role=""/>
  <member type="way" ref="724155710" role=""/>
  <member type="way" ref="995008356" role=""/>
  <member type="way" ref="995008355" role=""/>
  <member type="way" ref="995008354" role=""/>
  <member type="way" ref="969572206" role=""/>
  <member type="way" ref="995008353" role=""/>
  <member type="way" ref="997215638" role=""/>
  <member type="way" ref="361819690" role=""/>
  <member type="way" ref="361819693" role=""/>
  <member type="way" ref="361819692" role=""/>
  <member type="way" ref="361819695" role=""/>
  <member type="way" ref="88363413" role=""/>
  <member type="way" ref="88363398" role=""/>
  <member type="way" ref="324896444" role=""/>
  <member type="way" ref="324896445" role=""/>
  <member type="way" ref="90144199" role=""/>
  <member type="way" ref="90144219" role=""/>
  <member type="way" ref="118362024" role=""/>
  <member type="way" ref="118362043" role=""/>
  <member type="way" ref="996920293" role=""/>
  <member type="way" ref="996920292" role=""/>
  <member type="way" ref="996920290" role=""/>
  <member type="way" ref="328461475" role=""/>
  <member type="way" ref="996923213" role=""/>
  <member type="way" ref="996926600" role=""/>
  <member type="way" ref="328461470" role=""/>
  <member type="way" ref="328461473" role=""/>
  <member type="way" ref="996930161" role=""/>
  <member type="way" ref="328461461" role=""/>
  <member type="way" ref="996930160" role=""/>
  <member type="way" ref="996930159" role=""/>
  <member type="way" ref="724155711" role=""/>
  <member type="way" ref="996937241" role=""/>
  <member type="way" ref="996937242" role=""/>
  <member type="way" ref="996937809" role=""/>
  <member type="way" ref="996937808" role=""/>
  <member type="way" ref="328461474" role=""/>
  <member type="way" ref="996941355" role=""/>
  <member type="way" ref="996961014" role=""/>
  <member type="way" ref="353682186" role=""/>
  <member type="way" ref="834874432" role=""/>
  <member type="way" ref="996961013" role=""/>
  <member type="way" ref="328461477" role=""/>
  <member type="way" ref="996961653" role=""/>
  <member type="way" ref="996961654" role=""/>
  <member type="way" ref="996961655" role=""/>
  <member type="way" ref="996963746" role=""/>
  <member type="way" ref="996963745" role=""/>
  <member type="way" ref="996963744" role=""/>
  <member type="way" ref="996963742" role=""/>
  <member type="way" ref="996963743" role=""/>
  <member type="way" ref="996964216" role=""/>
  <member type="way" ref="996965772" role=""/>
  <member type="way" ref="996965773" role=""/>
  <member type="way" ref="996965769" role=""/>
  <member type="way" ref="996965770" role=""/>
  <member type="way" ref="996965771" role=""/>
  <member type="way" ref="996965768" role=""/>
  <member type="way" ref="30145994" role=""/>
  <member type="way" ref="469513275" role=""/>
  <member type="way" ref="136507810" role=""/>
  <member type="way" ref="329148733" role=""/>
  <member type="way" ref="300888895" role=""/>
  <member type="way" ref="361819698" role=""/>
  <member type="way" ref="361819697" role=""/>
  <member type="way" ref="361819694" role=""/>
  <member type="way" ref="361819696" role=""/>
  <member type="way" ref="34077779" role=""/>
  <member type="way" ref="34077778" role=""/>
  <member type="way" ref="430862975" role=""/>
  <member type="way" ref="997223872" role=""/>
  <member type="way" ref="997223871" role=""/>
  <member type="way" ref="724155712" role=""/>
  <member type="way" ref="832462561" role=""/>
  <member type="way" ref="832462562" role=""/>
  <member type="way" ref="328461457" role=""/>
  <member type="way" ref="834530124" role=""/>
  <member type="way" ref="996445945" role=""/>
  <member type="way" ref="830696634" role=""/>
  <member type="way" ref="34077776" role=""/>
  <member type="way" ref="34077777" role=""/>
  <member type="way" ref="328461462" role=""/>
  <member type="way" ref="24794750" role=""/>
  <member type="way" ref="328461468" role=""/>
  <member type="way" ref="827767617" role=""/>
  <member type="way" ref="996451274" role=""/>
  <member type="way" ref="744496729" role=""/>
  <member type="way" ref="744496728" role=""/>
  <member type="way" ref="827767618" role=""/>
  <member type="way" ref="89289056" role=""/>
  <member type="way" ref="89288822" role=""/>
  <member type="way" ref="128453943" role=""/>
  <member type="way" ref="470840942" role=""/>
  <member type="way" ref="470840943" role=""/>
  <member type="way" ref="545479224" role=""/>
  <member type="way" ref="128453946" role=""/>
  <member type="way" ref="545479226" role=""/>
  <member type="way" ref="997273784" role=""/>
  <member type="way" ref="546170686" role=""/>
  <member type="way" ref="328461476" role=""/>
  <member type="way" ref="555811388" role=""/>
  <member type="way" ref="555811389" role=""/>
  <member type="way" ref="546170693" role=""/>
  <member type="way" ref="996486715" role=""/>
  <member type="way" ref="996486714" role=""/>
  <member type="way" ref="996489279" role=""/>
  <member type="way" ref="546170694" role=""/>
  <member type="way" ref="994970181" role=""/>
  <member type="way" ref="994970182" role=""/>
  <member type="way" ref="996489275" role=""/>
  <member type="way" ref="996489274" role=""/>
  <member type="way" ref="996490009" role=""/>
  <member type="way" ref="996490008" role=""/>
  <member type="way" ref="996490995" role=""/>
  <member type="way" ref="996490996" role=""/>
  <member type="way" ref="996490994" role=""/>
  <member type="way" ref="328461479" role=""/>
  <member type="way" ref="996490993" role=""/>
  <member type="way" ref="328461465" role=""/>
  <member type="way" ref="832503619" role=""/>
  <member type="way" ref="996490992" role=""/>
  <member type="way" ref="328461472" role=""/>
  <member type="way" ref="996490990" role=""/>
  <member type="way" ref="996490991" role=""/>
  <member type="way" ref="996490989" role=""/>
  <member type="way" ref="996491748" role=""/>
  <member type="way" ref="996491745" role=""/>
  <member type="way" ref="996491744" role=""/>
  <member type="way" ref="996492586" role=""/>
  <member type="way" ref="996492585" role=""/>
  <member type="way" ref="996492584" role=""/>
  <member type="way" ref="996493346" role=""/>
  <member type="way" ref="996493345" role=""/>
  <member type="way" ref="996493342" role=""/>
  <member type="way" ref="996657765" role=""/>
  <member type="way" ref="430862976" role=""/>
  <member type="way" ref="430862974" role=""/>
  <member type="way" ref="997229480" role=""/>
  <member type="way" ref="997229479" role=""/>
  <member type="way" ref="997229478" role=""/>
  <member type="way" ref="997229477" role=""/>
  <member type="way" ref="313846581" role=""/>
  <member type="way" ref="997230163" role=""/>
  <member type="way" ref="997230164" role=""/>
  <member type="way" ref="829669359" role=""/>
  <member type="way" ref="997229476" role=""/>
  <member type="way" ref="997229475" role=""/>
  <member type="way" ref="829669360" role=""/>
  <member type="way" ref="994051986" role=""/>
  <member type="way" ref="994051989" role=""/>
  <member type="way" ref="313846580" role=""/>
  <member type="way" ref="825997403" role=""/>
  <member type="way" ref="825997404" role=""/>
  <member type="way" ref="825997405" role=""/>
  <member type="way" ref="825997406" role=""/>
  <member type="way" ref="673008768" role=""/>
  <member type="way" ref="996688834" role=""/>
  <member type="way" ref="996688835" role=""/>
  <member type="way" ref="754717304" role=""/>
  <member type="way" ref="994051983" role=""/>
  <member type="way" ref="994051982" role=""/>
  <member type="way" ref="673008773" role=""/>
  <member type="way" ref="673008774" role=""/>
  <member type="way" ref="996689417" role=""/>
  <member type="way" ref="784357981" role=""/>
  <member type="way" ref="784357980" role=""/>
  <member type="way" ref="773570662" role=""/>
  <member type="way" ref="24794745" role=""/>
  <member type="way" ref="34077774" role=""/>
  <member type="way" ref="311049146" role=""/>
  <member type="way" ref="89819172" role=""/>
  <member type="way" ref="545472241" role=""/>
  <member type="way" ref="430993300" role=""/>
  <member type="way" ref="89819171" role=""/>
  <member type="way" ref="353682250" role=""/>
  <member type="way" ref="673008767" role=""/>
  <member type="way" ref="673617514" role=""/>
  <member type="way" ref="773570677" role=""/>
  <member type="way" ref="773570667" role=""/>
  <member type="way" ref="773570666" role=""/>
  <member type="way" ref="773570673" role=""/>
  <member type="way" ref="673617508" role=""/>
  <member type="way" ref="659558197" role=""/>
  <member type="way" ref="994088970" role=""/>
  <member type="way" ref="724157492" role=""/>
  <member type="way" ref="325268441" role=""/>
  <member type="way" ref="253448195" role=""/>
  <member type="way" ref="328461484" role=""/>
  <member type="way" ref="89819071" role=""/>
  <member type="way" ref="1061489369" role=""/>
  <member type="way" ref="1061489371" role=""/>
  <member type="way" ref="1061489370" role=""/>
  <member type="way" ref="39913529" role=""/>
  <member type="way" ref="1061489372" role=""/>
  <member type="way" ref="1061489373" role=""/>
  <member type="way" ref="1061489374" role=""/>
  <member type="way" ref="1061489375" role=""/>
  <member type="way" ref="1061489376" role=""/>
  <member type="way" ref="1061489377" role=""/>
  <member type="way" ref="39913532" role=""/>
  <member type="way" ref="174410207" role=""/>
  <member type="way" ref="262737305" role=""/>
  <member type="way" ref="423989771" role=""/>
  <member type="way" ref="423989772" role=""/>
  <member type="way" ref="108376388" role=""/>
  <member type="way" ref="469513271" role=""/>
  <member type="way" ref="108376645" role=""/>
  <member type="way" ref="423989772" role=""/>
  <member type="way" ref="440691810" role=""/>
  <member type="way" ref="39913535" role=""/>
  <member type="way" ref="275033220" role=""/>
  <member type="way" ref="260094872" role=""/>
  <member type="way" ref="437525516" role=""/>
  <member type="way" ref="547002605" role=""/>
  <member type="way" ref="260094879" role=""/>
  <member type="way" ref="260094869" role=""/>
  <member type="way" ref="328446481" role=""/>
  <member type="way" ref="328446468" role=""/>
  <member type="way" ref="328446466" role=""/>
  <member type="way" ref="328446474" role=""/>
  <member type="way" ref="328446480" role=""/>
  <member type="way" ref="894189687" role=""/>
  <member type="way" ref="894189686" role=""/>
  <member type="way" ref="894189685" role=""/>
  <member type="way" ref="894189684" role=""/>
  <member type="way" ref="440689017" role=""/>
  <member type="way" ref="1027013209" role=""/>
  <member type="way" ref="1027013210" role=""/>
  <member type="way" ref="440689016" role=""/>
  <member type="way" ref="1026818220" role=""/>
  <member type="way" ref="25734278" role=""/>
  <member type="way" ref="25734279" role=""/>
  <member type="way" ref="545472235" role=""/>
  <member type="way" ref="25864022" role=""/>
  <member type="way" ref="771378784" role=""/>
  <member type="way" ref="164652253" role=""/>
  <member type="way" ref="210067711" role=""/>
  <member type="way" ref="393028958" role=""/>
  <member type="way" ref="547002604" role=""/>
  <member type="way" ref="393028964" role=""/>
  <member type="way" ref="393028955" role=""/>
  <member type="way" ref="440685553" role=""/>
  <member type="way" ref="963739517" role=""/>
  <member type="way" ref="25864023" role=""/>
  <member type="way" ref="438157457" role=""/>
  <member type="way" ref="438157456" role=""/>
  <member type="way" ref="438157458" role=""/>
  <member type="way" ref="438157459" role=""/>
  <member type="way" ref="547694880" role=""/>
  <member type="way" ref="128224742" role=""/>
  <member type="way" ref="834185997" role=""/>
  <member type="way" ref="25714805" role=""/>
  <member type="way" ref="438156110" role=""/>
  <member type="way" ref="729734602" role=""/>
  <member type="way" ref="729734603" role=""/>
  <member type="way" ref="771378785" role=""/>
  <member type="way" ref="438156111" role=""/>
  <member type="way" ref="25300886" role=""/>
  <member type="way" ref="87687638" role=""/>
  <member type="way" ref="459468734" role=""/>
  <member type="way" ref="459468735" role=""/>
  <member type="way" ref="128224745" role=""/>
  <member type="way" ref="547725014" role=""/>
  <member type="way" ref="128224744" role=""/>
  <member type="way" ref="462964083" role=""/>
  <member type="way" ref="25714803" role=""/>
  <member type="way" ref="293885849" role=""/>
  <member type="way" ref="293885848" role=""/>
  <member type="way" ref="496374953" role=""/>
  <member type="way" ref="434578788" role=""/>
  <member type="way" ref="997555026" role=""/>
  <member type="way" ref="437093640" role=""/>
  <member type="way" ref="437093639" role=""/>
  <member type="way" ref="484997760" role=""/>
  <member type="way" ref="453105555" role=""/>
  <member type="way" ref="453105554" role=""/>
  <member type="way" ref="362395211" role=""/>
  <member type="way" ref="437093645" role=""/>
  <member type="way" ref="437093648" role=""/>
  <member type="way" ref="437093641" role=""/>
  <member type="way" ref="437093650" role=""/>
  <member type="way" ref="362395209" role=""/>
  <member type="way" ref="362395210" role=""/>
  <member type="way" ref="99273751" role=""/>
  <member type="way" ref="437093653" role=""/>
  <member type="way" ref="437093642" role=""/>
  <member type="way" ref="437093643" role=""/>
  <member type="way" ref="437093652" role=""/>
  <member type="way" ref="99273514" role=""/>
  <member type="way" ref="42434124" role=""/>
  <member type="way" ref="42434123" role=""/>
  <member type="way" ref="354180007" role=""/>
  <member type="way" ref="28580161" role=""/>
  <member type="way" ref="453101581" role=""/>
  <member type="way" ref="28588559" role=""/>
  <member type="way" ref="315688622" role=""/>
  <member type="way" ref="28588556" role=""/>
  <member type="way" ref="33826618" role=""/>
  <member type="way" ref="453101575" role=""/>
  <member type="way" ref="33826619" role=""/>
  <member type="way" ref="33826610" role=""/>
  <member type="way" ref="33826614" role=""/>
  <member type="way" ref="33850531" role=""/>
  <member type="way" ref="28588569" role=""/>
  <member type="way" ref="33826615" role=""/>
  <member type="way" ref="423989780" role=""/>
  <tag k="from" v="Rio de Janeiro"/>
  <tag k="name" v="Ônibus 17-0014: Rio de Janeiro → Guarapari"/>
  <tag k="network" v="ANTT"/>
  <tag k="network:wikidata" v="Q9592640"/>
  <tag k="network:wikipedia" v="pt:Agência Nacional de Transportes Terrestres"/>
  <tag k="operator" v="Kaissara"/>
  <tag k="public_transport:version" v="2"/>
  <tag k="ref" v="17-0014"/>
  <tag k="route" v="bus"/>
  <tag k="to" v="Guarapari"/>
  <tag k="type" v="route"/>
 </relation>
 <relation id="6505177" visible="true" version="1" changeset="41555094" timestamp="2016-08-19T12:22:10Z" user="ThiagoPv" uid="502691">
  <member type="way" ref="10938336" role="outer"/>
  <tag k="natural" v="grassland"/>
  <tag k="type" v="multipolygon"/>
 </relation>
 <relation id="6505178" visible="true" version="1" changeset="41555094" timestamp="2016-08-19T12:22:10Z" user="ThiagoPv" uid="502691">
  <member type="way" ref="10938269" role="outer"/>
  <tag k="natural" v="wood"/>
  <tag k="type" v="multipolygon"/>
 </relation>
 <relation id="7064939" visible="true" version="354" changeset="180080873" timestamp="2026-03-18T21:59:24Z" user="Pedro Souza Costa" uid="21298810">
  <member type="way" ref="1427157987" role=""/>
  <member type="way" ref="1427157988" role=""/>
  <member type="way" ref="1318811056" role=""/>
  <member type="way" ref="1427157964" role=""/>
  <member type="way" ref="1427157985" role=""/>
  <member type="way" ref="1427157986" role=""/>
  <member type="way" ref="1318811055" role=""/>
  <member type="node" ref="4730060786" role="stop"/>
  <member type="node" ref="4235735630" role="stop"/>
  <member type="way" ref="48495308" role=""/>
  <member type="way" ref="555948690" role=""/>
  <member type="way" ref="479978447" role=""/>
  <member type="way" ref="48495338" role=""/>
  <member type="way" ref="479978446" role=""/>
  <member type="way" ref="489667979" role=""/>
  <member type="way" ref="479978445" role=""/>
  <member type="way" ref="224026131" role=""/>
  <member type="way" ref="51846902" role=""/>
  <member type="way" ref="51846900" role=""/>
  <member type="way" ref="489845664" role=""/>
  <member type="way" ref="996972943" role=""/>
  <member type="way" ref="483123055" role=""/>
  <member type="way" ref="391119429" role=""/>
  <member type="way" ref="51846906" role=""/>
  <member type="way" ref="439437036" role=""/>
  <member type="way" ref="48495315" role=""/>
  <member type="way" ref="52227714" role=""/>
  <member type="way" ref="52227713" role=""/>
  <member type="way" ref="479978444" role=""/>
  <member type="way" ref="487090322" role=""/>
  <member type="way" ref="224026132" role=""/>
  <member type="way" ref="541936861" role=""/>
  <member type="way" ref="427088715" role=""/>
  <member type="way" ref="48541932" role=""/>
  <member type="way" ref="48541929" role=""/>
  <member type="way" ref="24654120" role=""/>
  <member type="way" ref="28662332" role=""/>
  <member type="way" ref="169494279" role=""/>
  <member type="way" ref="297477187" role=""/>
  <member type="way" ref="487090321" role=""/>
  <member type="way" ref="329241550" role=""/>
  <member type="way" ref="478357920" role=""/>
  <member type="way" ref="478357918" role=""/>
  <member type="way" ref="224389552" role=""/>
  <member type="way" ref="326635861" role=""/>
  <member type="way" ref="544384018" role=""/>
  <member type="way" ref="224390835" role=""/>
  <member type="way" ref="544384016" role=""/>
  <member type="way" ref="508772791" role=""/>
  <member type="way" ref="299944903" role=""/>
  <member type="way" ref="995413189" role=""/>
  <member type="way" ref="331667774" role=""/>
  <member type="way" ref="329386424" role=""/>
  <member type="way" ref="484417860" role=""/>
  <member type="way" ref="358905620" role=""/>
  <member type="way" ref="326635860" role=""/>
  <member type="way" ref="1413573698" role=""/>
  <member type="way" ref="1413573697" role=""/>
  <member type="way" ref="220292301" role=""/>
  <member type="way" ref="1352323593" role=""/>
  <member type="way" ref="220292176" role=""/>
  <member type="way" ref="220292017" role=""/>
  <member type="way" ref="220291348" role=""/>
  <member type="way" ref="220291292" role=""/>
  <member type="way" ref="330081080" role=""/>
  <member type="way" ref="330081081" role=""/>
  <member type="way" ref="998780143" role=""/>
  <member type="way" ref="25863849" role=""/>
  <member type="way" ref="330081085" role=""/>
  <member type="way" ref="330081083" role=""/>
  <member type="way" ref="259581234" role=""/>
  <member type="way" ref="330081087" role=""/>
  <member type="way" ref="259581229" role=""/>
  <member type="way" ref="326478940" role=""/>
  <member type="way" ref="508612630" role=""/>
  <member type="way" ref="154097147" role=""/>
  <member type="way" ref="508612632" role=""/>
  <member type="way" ref="852040127" role=""/>
  <member type="way" ref="154097161" role=""/>
  <member type="way" ref="478357917" role=""/>
  <member type="way" ref="328625189" role=""/>
  <member type="way" ref="1239522348" role=""/>
  <member type="way" ref="1239522347" role=""/>
  <member type="way" ref="328625182" role=""/>
  <member type="way" ref="1239625443" role=""/>
  <member type="way" ref="152364727" role=""/>
  <member type="way" ref="25863845" role=""/>
  <member type="way" ref="1239625444" role=""/>
  <member type="way" ref="830729037" role=""/>
  <member type="way" ref="830729036" role=""/>
  <member type="way" ref="721029741" role=""/>
  <member type="way" ref="712290374" role=""/>
  <member type="way" ref="721029737" role=""/>
  <member type="way" ref="539997168" role=""/>
  <member type="way" ref="713214784" role=""/>
  <member type="way" ref="544384009" role=""/>
  <member type="way" ref="544384006" role=""/>
  <member type="way" ref="317379632" role=""/>
  <member type="way" ref="317379633" role=""/>
  <member type="way" ref="544384004" role=""/>
  <member type="way" ref="488789626" role=""/>
  <member type="way" ref="544384003" role=""/>
  <member type="way" ref="488789627" role=""/>
  <member type="way" ref="544384002" role=""/>
  <member type="way" ref="293763776" role=""/>
  <member type="way" ref="293763774" role=""/>
  <member type="way" ref="754680628" role=""/>
  <member type="way" ref="328488790" role=""/>
  <member type="way" ref="488785259" role=""/>
  <member type="way" ref="488784815" role=""/>
  <member type="way" ref="773352498" role=""/>
  <member type="way" ref="488784816" role=""/>
  <member type="way" ref="754405499" role=""/>
  <member type="way" ref="317666468" role=""/>
  <member type="way" ref="328488786" role=""/>
  <member type="way" ref="328488788" role=""/>
  <member type="way" ref="317666465" role=""/>
  <member type="way" ref="1090852697" role=""/>
  <member type="way" ref="822355509" role=""/>
  <member type="way" ref="28662902" role=""/>
  <member type="way" ref="28662901" role=""/>
  <member type="way" ref="821998987" role=""/>
  <member type="way" ref="821998986" role=""/>
  <member type="way" ref="822355510" role=""/>
  <member type="way" ref="822355511" role=""/>
  <member type="way" ref="821999702" role=""/>
  <member type="way" ref="317662875" role=""/>
  <member type="way" ref="472974544" role=""/>
  <member type="way" ref="472974548" role=""/>
  <member type="way" ref="480311105" role=""/>
  <member type="way" ref="317662866" role=""/>
  <member type="way" ref="724157494" role=""/>
  <member type="way" ref="963758604" role=""/>
  <member type="way" ref="325344117" role=""/>
  <member type="way" ref="744464179" role=""/>
  <member type="way" ref="744464182" role=""/>
  <member type="way" ref="325344114" role=""/>
  <member type="way" ref="855673872" role=""/>
  <member type="way" ref="808995576" role=""/>
  <member type="way" ref="317662876" role=""/>
  <member type="way" ref="754402300" role=""/>
  <member type="way" ref="485954259" role=""/>
  <member type="way" ref="463350720" role=""/>
  <member type="way" ref="463350721" role=""/>
  <member type="way" ref="485908467" role=""/>
  <member type="way" ref="463346648" role=""/>
  <member type="way" ref="808995586" role=""/>
  <member type="way" ref="808995580" role=""/>
  <member type="way" ref="317662882" role=""/>
  <member type="way" ref="485908472" role=""/>
  <member type="way" ref="165612480" role=""/>
  <member type="way" ref="995661511" role=""/>
  <member type="way" ref="995661512" role=""/>
  <member type="way" ref="755655698" role=""/>
  <member type="way" ref="808995573" role=""/>
  <member type="way" ref="845469431" role=""/>
  <member type="way" ref="808995568" role=""/>
  <member type="way" ref="808995571" role=""/>
  <member type="way" ref="808995570" role=""/>
  <member type="way" ref="808995572" role=""/>
  <member type="way" ref="475628391" role=""/>
  <member type="way" ref="475628390" role=""/>
  <member type="way" ref="831215031" role=""/>
  <member type="way" ref="831215030" role=""/>
  <member type="way" ref="1285021566" role=""/>
  <member type="way" ref="24602394" role=""/>
  <member type="way" ref="475633378" role=""/>
  <member type="way" ref="87815842" role=""/>
  <member type="way" ref="1285021561" role=""/>
  <member type="way" ref="87816176" role=""/>
  <member type="way" ref="1285021557" role=""/>
  <member type="way" ref="995740030" role=""/>
  <member type="way" ref="441357692" role=""/>
  <member type="way" ref="835000303" role=""/>
  <member type="way" ref="441357691" role=""/>
  <member type="way" ref="996337414" role=""/>
  <member type="way" ref="1341770528" role=""/>
  <member type="way" ref="474933848" role=""/>
  <member type="way" ref="128454803" role=""/>
  <member type="way" ref="547306664" role=""/>
  <member type="way" ref="1427157993" role=""/>
  <member type="way" ref="724157493" role=""/>
  <member type="way" ref="547306662" role=""/>
  <member type="way" ref="996337418" role=""/>
  <member type="way" ref="128454794" role=""/>
  <member type="way" ref="996350850" role=""/>
  <member type="way" ref="33850525" role=""/>
  <member type="way" ref="997007450" role=""/>
  <member type="way" ref="1447701084" role=""/>
  <member type="way" ref="997007448" role=""/>
  <member type="way" ref="1447701083" role=""/>
  <member type="way" ref="33850526" role=""/>
  <member type="way" ref="996464564" role=""/>
  <member type="way" ref="89819067" role=""/>
  <member type="way" ref="293130312" role=""/>
  <member type="way" ref="1328864488" role=""/>
  <member type="way" ref="328488784" role=""/>
  <member type="way" ref="293130314" role=""/>
  <member type="way" ref="996463736" role=""/>
  <member type="way" ref="996463735" role=""/>
  <member type="way" ref="154419075" role=""/>
  <member type="way" ref="996463738" role=""/>
  <member type="way" ref="996463740" role=""/>
  <member type="way" ref="996463741" role=""/>
  <member type="way" ref="686633521" role=""/>
  <member type="way" ref="994948746" role=""/>
  <member type="way" ref="430667048" role=""/>
  <member type="way" ref="686633519" role=""/>
  <member type="way" ref="151982391" role=""/>
  <member type="way" ref="151982373" role=""/>
  <member type="way" ref="328461463" role=""/>
  <member type="way" ref="328461459" role=""/>
  <member type="way" ref="328461469" role=""/>
  <member type="way" ref="325268441" role=""/>
  <member type="way" ref="724157492" role=""/>
  <member type="way" ref="994088969" role=""/>
  <member type="way" ref="659558200" role=""/>
  <member type="way" ref="673008754" role=""/>
  <member type="way" ref="673617505" role=""/>
  <member type="way" ref="825998500" role=""/>
  <member type="way" ref="673008767" role=""/>
  <member type="way" ref="89819151" role=""/>
  <member type="way" ref="353682206" role=""/>
  <member type="way" ref="430993301" role=""/>
  <member type="way" ref="545472240" role=""/>
  <member type="way" ref="89819172" role=""/>
  <member type="way" ref="311049146" role=""/>
  <member type="way" ref="34077774" role=""/>
  <member type="way" ref="24794745" role=""/>
  <member type="way" ref="773570663" role=""/>
  <member type="way" ref="673008764" role=""/>
  <member type="way" ref="673008749" role=""/>
  <member type="way" ref="994051985" role=""/>
  <member type="way" ref="994051984" role=""/>
  <member type="way" ref="996688835" role=""/>
  <member type="way" ref="996688834" role=""/>
  <member type="way" ref="673008768" role=""/>
  <member type="way" ref="825997406" role=""/>
  <member type="way" ref="825997405" role=""/>
  <member type="way" ref="825997404" role=""/>
  <member type="way" ref="825997403" role=""/>
  <member type="way" ref="313846580" role=""/>
  <member type="way" ref="994051989" role=""/>
  <member type="way" ref="994051986" role=""/>
  <member type="way" ref="829669360" role=""/>
  <member type="way" ref="997229475" role=""/>
  <member type="way" ref="997229476" role=""/>
  <member type="way" ref="829669359" role=""/>
  <member type="way" ref="997230164" role=""/>
  <member type="way" ref="997230163" role=""/>
  <member type="way" ref="313846581" role=""/>
  <member type="way" ref="997229477" role=""/>
  <member type="way" ref="997229478" role=""/>
  <member type="way" ref="997229479" role=""/>
  <member type="way" ref="997229480" role=""/>
  <member type="way" ref="430862974" role=""/>
  <member type="way" ref="430862976" role=""/>
  <member type="way" ref="996657765" role=""/>
  <member type="way" ref="996493342" role=""/>
  <member type="way" ref="996493345" role=""/>
  <member type="way" ref="996493346" role=""/>
  <member type="way" ref="996492584" role=""/>
  <member type="way" ref="996492585" role=""/>
  <member type="way" ref="996492586" role=""/>
  <member type="way" ref="996491744" role=""/>
  <member type="way" ref="996491745" role=""/>
  <member type="way" ref="996491748" role=""/>
  <member type="way" ref="996490989" role=""/>
  <member type="way" ref="996490991" role=""/>
  <member type="way" ref="996490990" role=""/>
  <member type="way" ref="328461472" role=""/>
  <member type="way" ref="996490992" role=""/>
  <member type="way" ref="832503619" role=""/>
  <member type="way" ref="328461465" role=""/>
  <member type="way" ref="996490993" role=""/>
  <member type="way" ref="328461479" role=""/>
  <member type="way" ref="996490994" role=""/>
  <member type="way" ref="996490996" role=""/>
  <member type="way" ref="996490995" role=""/>
  <member type="way" ref="996490008" role=""/>
  <member type="way" ref="996490009" role=""/>
  <member type="way" ref="996489274" role=""/>
  <member type="way" ref="996489275" role=""/>
  <member type="way" ref="994970182" role=""/>
  <member type="way" ref="994970181" role=""/>
  <member type="way" ref="546170694" role=""/>
  <member type="way" ref="996489279" role=""/>
  <member type="way" ref="996486714" role=""/>
  <member type="way" ref="996486715" role=""/>
  <member type="way" ref="546170693" role=""/>
  <member type="way" ref="555811389" role=""/>
  <member type="way" ref="555811388" role=""/>
  <member type="way" ref="328461476" role=""/>
  <member type="way" ref="546170686" role=""/>
  <member type="way" ref="997273784" role=""/>
  <member type="way" ref="545479226" role=""/>
  <member type="way" ref="128453946" role=""/>
  <member type="way" ref="545479224" role=""/>
  <member type="way" ref="470840943" role=""/>
  <member type="way" ref="470840942" role=""/>
  <member type="way" ref="128453943" role=""/>
  <member type="way" ref="89288822" role=""/>
  <member type="way" ref="89289056" role=""/>
  <member type="way" ref="827767618" role=""/>
  <member type="way" ref="744496728" role=""/>
  <member type="way" ref="744496729" role=""/>
  <member type="way" ref="827767617" role=""/>
  <member type="way" ref="328461468" role=""/>
  <member type="way" ref="24794750" role=""/>
  <member type="way" ref="328461462" role=""/>
  <member type="way" ref="34077777" role=""/>
  <member type="way" ref="34077776" role=""/>
  <member type="way" ref="830696634" role=""/>
  <member type="way" ref="834530124" role=""/>
  <member type="way" ref="328461457" role=""/>
  <member type="way" ref="832462562" role=""/>
  <member type="way" ref="832462561" role=""/>
  <member type="way" ref="724155712" role=""/>
  <member type="way" ref="997223871" role=""/>
  <member type="way" ref="997223872" role=""/>
  <member type="way" ref="430862975" role=""/>
  <member type="way" ref="34077778" role=""/>
  <member type="way" ref="34077779" role=""/>
  <member type="way" ref="361819696" role=""/>
  <member type="way" ref="361819694" role=""/>
  <member type="way" ref="361819697" role=""/>
  <member type="way" ref="361819698" role=""/>
  <member type="way" ref="136507812" role=""/>
  <member type="way" ref="329148730" role=""/>
  <member type="way" ref="325330785" role=""/>
  <member type="way" ref="469513275" role=""/>
  <member type="way" ref="30145994" role=""/>
  <member type="way" ref="996965768" role=""/>
  <member type="way" ref="996965771" role=""/>
  <member type="way" ref="996965770" role=""/>
  <member type="way" ref="996965769" role=""/>
  <member type="way" ref="996965773" role=""/>
  <member type="way" ref="996965772" role=""/>
  <member type="way" ref="996964216" role=""/>
  <member type="way" ref="996963743" role=""/>
  <member type="way" ref="996963742" role=""/>
  <member type="way" ref="996963744" role=""/>
  <member type="way" ref="996963745" role=""/>
  <member type="way" ref="996963746" role=""/>
  <member type="way" ref="996961655" role=""/>
  <member type="way" ref="996961654" role=""/>
  <member type="way" ref="996961653" role=""/>
  <member type="way" ref="328461477" role=""/>
  <member type="way" ref="996961013" role=""/>
  <member type="way" ref="834874432" role=""/>
  <member type="way" ref="353682186" role=""/>
  <member type="way" ref="996961014" role=""/>
  <member type="way" ref="996941355" role=""/>
  <member type="way" ref="328461474" role=""/>
  <member type="way" ref="996937808" role=""/>
  <member type="way" ref="996937809" role=""/>
  <member type="way" ref="996937242" role=""/>
  <member type="way" ref="996937241" role=""/>
  <member type="way" ref="724155711" role=""/>
  <member type="way" ref="996930159" role=""/>
  <member type="way" ref="996930160" role=""/>
  <member type="way" ref="328461461" role=""/>
  <member type="way" ref="996930161" role=""/>
  <member type="way" ref="328461473" role=""/>
  <member type="way" ref="328461470" role=""/>
  <member type="way" ref="996926600" role=""/>
  <member type="way" ref="996923213" role=""/>
  <member type="way" ref="328461475" role=""/>
  <member type="way" ref="996920290" role=""/>
  <member type="way" ref="996920292" role=""/>
  <member type="way" ref="996920293" role=""/>
  <member type="way" ref="118362043" role=""/>
  <member type="way" ref="118362024" role=""/>
  <member type="way" ref="90144219" role=""/>
  <member type="way" ref="90144199" role=""/>
  <member type="way" ref="997217658" role=""/>
  <member type="way" ref="88363385" role=""/>
  <member type="way" ref="324896435" role=""/>
  <member type="way" ref="997217659" role=""/>
  <member type="way" ref="324896436" role=""/>
  <member type="way" ref="88363413" role=""/>
  <member type="way" ref="361819695" role=""/>
  <member type="way" ref="361819692" role=""/>
  <member type="way" ref="361819693" role=""/>
  <member type="way" ref="361819690" role=""/>
  <member type="way" ref="997215638" role=""/>
  <member type="way" ref="995008353" role=""/>
  <member type="way" ref="969572206" role=""/>
  <member type="way" ref="995008354" role=""/>
  <member type="way" ref="995008355" role=""/>
  <member type="way" ref="995008356" role=""/>
  <member type="way" ref="724155710" role=""/>
  <member type="way" ref="151982365" role=""/>
  <member type="way" ref="995019165" role=""/>
  <member type="way" ref="995019161" role=""/>
  <member type="way" ref="995019160" role=""/>
  <member type="way" ref="995019163" role=""/>
  <member type="way" ref="995019162" role=""/>
  <member type="way" ref="995019164" role=""/>
  <member type="way" ref="151982361" role=""/>
  <member type="way" ref="995035191" role=""/>
  <member type="way" ref="995035192" role=""/>
  <member type="way" ref="995035194" role=""/>
  <member type="way" ref="995035195" role=""/>
  <member type="way" ref="328461456" role=""/>
  <member type="way" ref="361093326" role=""/>
  <member type="way" ref="361093329" role=""/>
  <member type="way" ref="361093330" role=""/>
  <member type="way" ref="995035201" role=""/>
  <member type="way" ref="969547722" role=""/>
  <member type="way" ref="479304290" role=""/>
  <member type="way" ref="995041789" role=""/>
  <member type="way" ref="995041788" role=""/>
  <member type="way" ref="479304291" role=""/>
  <member type="way" ref="361349326" role=""/>
  <member type="way" ref="995041791" role=""/>
  <member type="way" ref="744496360" role=""/>
  <member type="way" ref="744496361" role=""/>
  <member type="way" ref="995041790" role=""/>
  <member type="way" ref="361349324" role=""/>
  <member type="way" ref="328461460" role=""/>
  <member type="way" ref="328461467" role=""/>
  <member type="way" ref="328461458" role=""/>
  <member type="way" ref="995264219" role=""/>
  <member type="way" ref="831747741" role=""/>
  <member type="way" ref="831747740" role=""/>
  <member type="way" ref="831747744" role=""/>
  <member type="way" ref="831747743" role=""/>
  <member type="way" ref="328461478" role=""/>
  <member type="way" ref="995052643" role=""/>
  <member type="way" ref="30145943" role=""/>
  <member type="way" ref="1315828071" role=""/>
  <member type="way" ref="1247347178" role=""/>
  <member type="way" ref="1247347179" role=""/>
  <member type="way" ref="1247347180" role=""/>
  <member type="way" ref="1247347181" role=""/>
  <member type="way" ref="30145942" role=""/>
  <member type="way" ref="1254980223" role=""/>
  <member type="way" ref="1254980224" role=""/>
  <member type="way" ref="841130957" role=""/>
  <member type="way" ref="841130956" role=""/>
  <member type="way" ref="484534779" role=""/>
  <member type="way" ref="484534784" role=""/>
  <member type="way" ref="484534789" role=""/>
  <member type="way" ref="484534783" role=""/>
  <member type="way" ref="484534780" role=""/>
  <member type="way" ref="995307540" role=""/>
  <member type="way" ref="995307539" role=""/>
  <member type="way" ref="995307538" role=""/>
  <member type="way" ref="815669486" role=""/>
  <member type="way" ref="996895348" role=""/>
  <member type="way" ref="995307541" role=""/>
  <member type="way" ref="815669482" role=""/>
  <member type="way" ref="815669480" role=""/>
  <member type="way" ref="815669483" role=""/>
  <member type="way" ref="815669484" role=""/>
  <member type="way" ref="815669485" role=""/>
  <member type="way" ref="107693750" role=""/>
  <member type="way" ref="1190246531" role=""/>
  <member type="way" ref="1190246530" role=""/>
  <member type="way" ref="685108848" role=""/>
  <member type="way" ref="685108847" role=""/>
  <member type="way" ref="685108846" role=""/>
  <member type="way" ref="996729428" role=""/>
  <member type="way" ref="996729427" role=""/>
  <member type="way" ref="996729426" role=""/>
  <member type="way" ref="996729425" role=""/>
  <member type="way" ref="1469247997" role=""/>
  <member type="way" ref="685108845" role=""/>
  <member type="way" ref="107693777" role=""/>
  <member type="way" ref="25300874" role=""/>
  <member type="way" ref="995399187" role=""/>
  <member type="way" ref="594631727" role=""/>
  <member type="way" ref="742683010" role=""/>
  <member type="way" ref="742683008" role=""/>
  <member type="way" ref="995399186" role=""/>
  <member type="way" ref="996726457" role=""/>
  <member type="way" ref="815671394" role=""/>
  <member type="way" ref="996726459" role=""/>
  <member type="way" ref="894708553" role=""/>
  <member type="way" ref="894708552" role=""/>
  <member type="way" ref="594631726" role=""/>
  <member type="way" ref="996702960" role=""/>
  <member type="way" ref="996702961" role=""/>
  <member type="way" ref="996701875" role=""/>
  <member type="way" ref="996701876" role=""/>
  <member type="way" ref="996701043" role=""/>
  <member type="way" ref="1317876745" role=""/>
  <member type="way" ref="1317876742" role=""/>
  <member type="way" ref="1317876744" role=""/>
  <member type="way" ref="1317876743" role=""/>
  <member type="way" ref="260034789" role=""/>
  <member type="way" ref="1101191576" role=""/>
  <member type="way" ref="1423085427" role=""/>
  <member type="way" ref="640287913" role=""/>
  <member type="way" ref="1103532239" role=""/>
  <member type="way" ref="695717200" role=""/>
  <member type="way" ref="1317036907" role=""/>
  <member type="way" ref="640287911" role=""/>
  <member type="way" ref="640287910" role=""/>
  <member type="way" ref="1153949556" role=""/>
  <member type="way" ref="640287909" role=""/>
  <member type="way" ref="640287906" role=""/>
  <member type="way" ref="640287905" role=""/>
  <member type="way" ref="640287904" role=""/>
  <member type="way" ref="640287902" role=""/>
  <member type="way" ref="640287901" role=""/>
  <member type="way" ref="640287899" role=""/>
  <member type="way" ref="261105139" role=""/>
  <member type="way" ref="640287895" role=""/>
  <member type="way" ref="325042402" role=""/>
  <member type="way" ref="325042404" role=""/>
  <member type="way" ref="640287891" role=""/>
  <member type="way" ref="640287889" role=""/>
  <member type="way" ref="39913523" role=""/>
  <member type="way" ref="39913522" role=""/>
  <member type="way" ref="298631123" role=""/>
  <member type="way" ref="41289047" role=""/>
  <member type="way" ref="969538513" role=""/>
  <member type="way" ref="969538512" role=""/>
  <member type="way" ref="298631161" role=""/>
  <member type="way" ref="158073469" role=""/>
  <member type="way" ref="696276561" role=""/>
  <member type="way" ref="89395228" role=""/>
  <member type="way" ref="228116429" role=""/>
  <member type="way" ref="158073468" role=""/>
  <member type="way" ref="263299306" role=""/>
  <member type="way" ref="552350921" role=""/>
  <member type="way" ref="552350918" role=""/>
  <member type="way" ref="997570264" role=""/>
  <member type="way" ref="697056580" role=""/>
  <member type="way" ref="997573250" role=""/>
  <member type="way" ref="997573249" role=""/>
  <member type="way" ref="997573247" role=""/>
  <member type="way" ref="997573246" role=""/>
  <member type="way" ref="997573245" role=""/>
  <member type="way" ref="997573243" role=""/>
  <member type="way" ref="105558350" role=""/>
  <member type="way" ref="105558355" role=""/>
  <member type="way" ref="405557735" role=""/>
  <member type="way" ref="274711469" role=""/>
  <member type="way" ref="696549435" role=""/>
  <member type="way" ref="298631126" role=""/>
  <member type="way" ref="274711467" role=""/>
  <member type="way" ref="1328835246" role=""/>
  <member type="way" ref="423858377" role=""/>
  <member type="way" ref="852292671" role=""/>
  <member type="way" ref="1328835247" role=""/>
  <member type="way" ref="1328835250" role=""/>
  <member type="way" ref="1328835249" role=""/>
  <member type="way" ref="1328835248" role=""/>
  <member type="way" ref="1328835251" role=""/>
  <member type="way" ref="1328835252" role=""/>
  <member type="way" ref="423858391" role=""/>
  <member type="way" ref="852321827" role=""/>
  <member type="way" ref="885972002" role=""/>
  <member type="way" ref="1328835253" role=""/>
  <member type="way" ref="441858651" role=""/>
  <member type="way" ref="1173736095" role=""/>
  <member type="way" ref="103805459" role=""/>
  <member type="way" ref="996680269" role=""/>
  <member type="way" ref="996680274" role=""/>
  <member type="way" ref="996680270" role=""/>
  <member type="way" ref="996680273" role=""/>
  <member type="way" ref="441865644" role=""/>
  <member type="way" ref="103805436" role=""/>
  <member type="way" ref="961616737" role=""/>
  <member type="way" ref="103805457" role=""/>
  <member type="way" ref="1328835245" role=""/>
  <member type="way" ref="1328835244" role=""/>
  <member type="way" ref="1328835243" role=""/>
  <member type="way" ref="1328835242" role=""/>
  <member type="way" ref="995644977" role=""/>
  <member type="way" ref="995644978" role=""/>
  <member type="way" ref="1328835241" role=""/>
  <member type="way" ref="1328835240" role=""/>
  <member type="way" ref="186353862" role=""/>
  <member type="way" ref="186353858" role=""/>
  <member type="way" ref="996678165" role=""/>
  <member type="way" ref="103805290" role=""/>
  <member type="way" ref="312588092" role=""/>
  <member type="way" ref="312588094" role=""/>
  <member type="way" ref="1073983416" role=""/>
  <member type="way" ref="996677200" role=""/>
  <member type="way" ref="1252562890" role=""/>
  <member type="way" ref="1254909905" role=""/>
  <member type="way" ref="1254909901" role=""/>
  <member type="way" ref="1254909904" role=""/>
  <member type="way" ref="1254909900" role=""/>
  <member type="way" ref="1414270888" role=""/>
  <member type="way" ref="423858380" role=""/>
  <member type="way" ref="1254909903" role=""/>
  <member type="way" ref="1254909902" role=""/>
  <member type="way" ref="1328590013" role=""/>
  <member type="way" ref="1328835239" role=""/>
  <member type="way" ref="1252562889" role=""/>
  <member type="way" ref="1328835238" role=""/>
  <member type="way" ref="1328590014" role=""/>
  <member type="way" ref="423858374" role=""/>
  <member type="way" ref="423858372" role=""/>
  <member type="way" ref="423858452" role=""/>
  <member type="way" ref="423858468" role=""/>
  <member type="way" ref="423858456" role=""/>
  <member type="way" ref="469513272" role=""/>
  <member type="way" ref="423858410" role=""/>
  <member type="way" ref="423858462" role=""/>
  <member type="way" ref="423858405" role=""/>
  <member type="way" ref="423858458" role=""/>
  <member type="way" ref="423858372" role=""/>
  <member type="way" ref="423858369" role=""/>
  <member type="way" ref="1252562888" role=""/>
  <member type="way" ref="995569707" role=""/>
  <member type="way" ref="1252554029" role=""/>
  <member type="way" ref="1252554028" role=""/>
  <member type="way" ref="440539163" role=""/>
  <member type="way" ref="1131609930" role=""/>
  <member type="way" ref="1131609929" role=""/>
  <member type="way" ref="995569708" role=""/>
  <member type="way" ref="441865645" role=""/>
  <member type="way" ref="440609857" role=""/>
  <member type="way" ref="1356396491" role=""/>
  <member type="way" ref="1131609934" role=""/>
  <member type="way" ref="440539164" role=""/>
  <member type="way" ref="1131240656" role=""/>
  <member type="way" ref="440539170" role=""/>
  <member type="way" ref="480428432" role=""/>
  <member type="way" ref="664516573" role=""/>
  <member type="way" ref="1131240655" role=""/>
  <member type="way" ref="664516572" role=""/>
  <member type="way" ref="1131240654" role=""/>
  <member type="way" ref="1131240653" role=""/>
  <member type="way" ref="1131240652" role=""/>
  <member type="way" ref="103805383" role=""/>
  <member type="way" ref="440609858" role=""/>
  <member type="way" ref="440609860" role=""/>
  <member type="way" ref="325056168" role=""/>
  <member type="way" ref="1131622747" role=""/>
  <member type="way" ref="1131622748" role=""/>
  <member type="way" ref="1131622746" role=""/>
  <member type="way" ref="1131622744" role=""/>
  <member type="way" ref="1131622743" role=""/>
  <member type="way" ref="1131622742" role=""/>
  <member type="way" ref="1131622740" role=""/>
  <member type="way" ref="325056157" role=""/>
  <member type="way" ref="440605060" role=""/>
  <member type="way" ref="552385115" role=""/>
  <member type="way" ref="552385114" role=""/>
  <member type="way" ref="1131622736" role=""/>
  <member type="way" ref="961613813" role=""/>
  <member type="way" ref="742682437" role=""/>
  <member type="way" ref="606406075" role=""/>
  <member type="way" ref="363481357" role=""/>
  <member type="way" ref="363481358" role=""/>
  <member type="way" ref="305846656" role=""/>
  <member type="way" ref="305846659" role=""/>
  <member type="way" ref="724155709" role=""/>
  <member type="way" ref="1073373738" role=""/>
  <member type="way" ref="1073373737" role=""/>
  <member type="way" ref="325092017" role=""/>
  <member type="way" ref="724155707" role=""/>
  <member type="way" ref="1133497362" role=""/>
  <member type="way" ref="325085101" role=""/>
  <member type="way" ref="325085102" role=""/>
  <member type="way" ref="325085100" role=""/>
  <member type="way" ref="312477828" role=""/>
  <member type="way" ref="1279653376" role=""/>
  <member type="way" ref="312477829" role=""/>
  <member type="way" ref="1279651630" role=""/>
  <member type="way" ref="1279651631" role=""/>
  <member type="way" ref="1279651629" role=""/>
  <member type="way" ref="995581361" role=""/>
  <member type="way" ref="995581362" role=""/>
  <member type="way" ref="312110326" role=""/>
  <member type="way" ref="1279470257" role=""/>
  <member type="way" ref="312110327" role=""/>
  <member type="way" ref="995267377" role=""/>
  <member type="way" ref="1279444820" role=""/>
  <member type="way" ref="995615755" role=""/>
  <member type="way" ref="995615753" role=""/>
  <member type="way" ref="995609183" role=""/>
  <member type="way" ref="995612188" role=""/>
  <member type="way" ref="1279444253" role=""/>
  <member type="way" ref="312110329" role=""/>
  <member type="way" ref="995609182" role=""/>
  <member type="way" ref="995609181" role=""/>
  <member type="way" ref="995609180" role=""/>
  <member type="way" ref="995609185" role=""/>
  <member type="way" ref="995609189" role=""/>
  <member type="way" ref="995609188" role=""/>
  <member type="way" ref="995632939" role=""/>
  <member type="way" ref="103805426" role=""/>
  <member type="way" ref="133020787" role=""/>
  <member type="way" ref="995631534" role=""/>
  <member type="way" ref="995631535" role=""/>
  <member type="way" ref="133020786" role=""/>
  <member type="way" ref="24643732" role=""/>
  <member type="way" ref="995631538" role=""/>
  <member type="way" ref="995631537" role=""/>
  <member type="way" ref="166829927" role=""/>
  <member type="way" ref="885995190" role=""/>
  <member type="way" ref="885995189" role=""/>
  <member type="way" ref="995624404" role=""/>
  <member type="way" ref="885995188" role=""/>
  <member type="way" ref="995621086" role=""/>
  <member type="way" ref="995621085" role=""/>
  <member type="way" ref="995640282" role=""/>
  <member type="way" ref="995640281" role=""/>
  <member type="way" ref="995640280" role=""/>
  <member type="way" ref="995638347" role=""/>
  <member type="way" ref="1279360422" role=""/>
  <member type="way" ref="995638346" role=""/>
  <member type="way" ref="166829969" role=""/>
  <member type="way" ref="1279356595" role=""/>
  <member type="way" ref="1279356594" role=""/>
  <member type="way" ref="1279355685" role=""/>
  <member type="way" ref="1264646482" role=""/>
  <member type="way" ref="243871239" role=""/>
  <member type="way" ref="243871235" role=""/>
  <member type="way" ref="243871244" role=""/>
  <member type="way" ref="1135253220" role=""/>
  <member type="way" ref="243871237" role=""/>
  <member type="way" ref="1279169026" role=""/>
  <member type="way" ref="886020443" role=""/>
  <member type="way" ref="1279075565" role=""/>
  <member type="way" ref="886020444" role=""/>
  <member type="way" ref="724155706" role=""/>
  <member type="way" ref="1278936604" role=""/>
  <member type="way" ref="724155705" role=""/>
  <member type="way" ref="1279169027" role=""/>
  <member type="way" ref="1278933089" role=""/>
  <member type="way" ref="441997959" role=""/>
  <member type="way" ref="325067405" role=""/>
  <member type="way" ref="441997957" role=""/>
  <member type="way" ref="325074060" role=""/>
  <member type="way" ref="961609476" role=""/>
  <member type="way" ref="1017920606" role=""/>
  <member type="way" ref="1017920609" role=""/>
  <member type="way" ref="606408967" role=""/>
  <member type="way" ref="1307347882" role=""/>
  <member type="way" ref="1307347883" role=""/>
  <member type="way" ref="384774717" role=""/>
  <member type="way" ref="433861038" role=""/>
  <member type="way" ref="552236741" role=""/>
  <member type="way" ref="441997964" role=""/>
  <member type="way" ref="433861024" role=""/>
  <member type="way" ref="433861026" role=""/>
  <member type="way" ref="1280176097" role=""/>
  <member type="way" ref="1280176098" role=""/>
  <member type="way" ref="1217082099" role=""/>
  <member type="way" ref="1217082100" role=""/>
  <member type="way" ref="433861047" role=""/>
  <member type="way" ref="1075175614" role=""/>
  <member type="way" ref="1135253219" role=""/>
  <member type="way" ref="1217082101" role=""/>
  <member type="way" ref="441997958" role=""/>
  <member type="way" ref="1277914688" role=""/>
  <member type="way" ref="1280167273" role=""/>
  <member type="way" ref="1154155382" role=""/>
  <member type="way" ref="1469816958" role=""/>
  <member type="way" ref="640318501" role=""/>
  <member type="way" ref="1280167276" role=""/>
  <member type="way" ref="1280167275" role=""/>
  <member type="way" ref="640318516" role=""/>
  <member type="way" ref="1280167274" role=""/>
  <member type="way" ref="1280167278" role=""/>
  <member type="way" ref="640318513" role=""/>
  <member type="way" ref="1280167277" role=""/>
  <member type="way" ref="640320752" role=""/>
  <member type="way" ref="1280167280" role=""/>
  <member type="way" ref="1280167279" role=""/>
  <member type="way" ref="1280167281" role=""/>
  <member type="way" ref="1217082098" role=""/>
  <member type="way" ref="1217082097" role=""/>
  <member type="way" ref="1469816959" role=""/>
  <member type="way" ref="1280167283" role=""/>
  <member type="way" ref="640318523" role=""/>
  <member type="way" ref="480291781" role=""/>
  <member type="way" ref="440644780" role=""/>
  <member type="way" ref="820925755" role=""/>
  <member type="way" ref="820925754" role=""/>
  <member type="way" ref="440644790" role=""/>
  <member type="way" ref="440644776" role=""/>
  <member type="way" ref="1277620905" role=""/>
  <member type="way" ref="1277620906" role=""/>
  <member type="way" ref="480291786" role=""/>
  <member type="way" ref="1239201496" role=""/>
  <member type="way" ref="1239201497" role=""/>
  <member type="way" ref="552231095" role=""/>
  <member type="way" ref="552231094" role=""/>
  <member type="way" ref="440644782" role=""/>
  <member type="way" ref="440644775" role=""/>
  <member type="way" ref="440644773" role=""/>
  <member type="way" ref="480285660" role=""/>
  <member type="way" ref="480285662" role=""/>
  <member type="way" ref="166829924" role=""/>
  <member type="way" ref="166829900" role=""/>
  <member type="way" ref="166829910" role=""/>
  <member type="way" ref="440644781" role=""/>
  <member type="way" ref="490238843" role=""/>
  <member type="way" ref="442051411" role=""/>
  <member type="way" ref="490238835" role=""/>
  <member type="way" ref="440644771" role=""/>
  <member type="way" ref="166829939" role=""/>
  <member type="way" ref="166829975" role=""/>
  <member type="way" ref="166829918" role=""/>
  <member type="way" ref="640037071" role=""/>
  <member type="way" ref="640037070" role=""/>
  <member type="way" ref="166829977" role=""/>
  <member type="way" ref="683618997" role=""/>
  <member type="way" ref="683618996" role=""/>
  <member type="way" ref="640037105" role=""/>
  <member type="way" ref="480276745" role=""/>
  <member type="way" ref="723582945" role=""/>
  <member type="way" ref="307235127" role=""/>
  <member type="way" ref="742681238" role=""/>
  <member type="way" ref="742681239" role=""/>
  <member type="way" ref="307235126" role=""/>
  <member type="way" ref="166829925" role=""/>
  <member type="way" ref="166829976" role=""/>
  <member type="way" ref="166829923" role=""/>
  <member type="way" ref="166829892" role=""/>
  <member type="way" ref="552112159" role=""/>
  <member type="way" ref="172066863" role=""/>
  <member type="way" ref="405831047" role=""/>
  <member type="way" ref="172066849" role=""/>
  <member type="way" ref="172066851" role=""/>
  <member type="way" ref="1469205086" role=""/>
  <member type="way" ref="1467149402" role=""/>
  <member type="way" ref="1467149403" role=""/>
  <member type="way" ref="55799188" role=""/>
  <member type="way" ref="172071251" role=""/>
  <member type="way" ref="172071250" role=""/>
  <member type="way" ref="172075436" role=""/>
  <member type="way" ref="172075425" role=""/>
  <member type="way" ref="172076876" role=""/>
  <member type="way" ref="1490380458" role=""/>
  <member type="way" ref="1490380459" role=""/>
  <member type="way" ref="172076872" role=""/>
  <member type="way" ref="55799190" role=""/>
  <member type="way" ref="55799169" role=""/>
  <member type="way" ref="172082302" role=""/>
  <member type="way" ref="172082280" role=""/>
  <member type="way" ref="172082279" role=""/>
  <member type="way" ref="172082298" role=""/>
  <member type="way" ref="1018870164" role=""/>
  <member type="way" ref="1018870163" role=""/>
  <member type="way" ref="1063664453" role=""/>
  <member type="way" ref="172082294" role=""/>
  <member type="way" ref="172082286" role=""/>
  <member type="way" ref="1024210844" role=""/>
  <member type="way" ref="1026366283" role=""/>
  <member type="way" ref="29179107" role=""/>
  <member type="way" ref="172084093" role=""/>
  <member type="way" ref="784539594" role=""/>
  <member type="way" ref="172084085" role=""/>
  <member type="way" ref="1136542679" role=""/>
  <member type="way" ref="172085818" role=""/>
  <member type="way" ref="172085820" role=""/>
  <member type="way" ref="1018870162" role=""/>
  <member type="way" ref="55799175" role=""/>
  <member type="way" ref="55799167" role=""/>
  <member type="way" ref="172085817" role=""/>
  <member type="way" ref="172085833" role=""/>
  <member type="way" ref="172085831" role=""/>
  <member type="way" ref="172085834" role=""/>
  <member type="way" ref="1018870161" role=""/>
  <member type="way" ref="172085825" role=""/>
  <member type="way" ref="954681576" role=""/>
  <member type="way" ref="954681575" role=""/>
  <member type="way" ref="172085830" role=""/>
  <member type="way" ref="1018870160" role=""/>
  <member type="way" ref="172085828" role=""/>
  <member type="way" ref="1018870156" role=""/>
  <member type="way" ref="29179108" role=""/>
  <member type="way" ref="366053079" role=""/>
  <member type="way" ref="172086340" role=""/>
  <member type="way" ref="784539593" role=""/>
  <member type="way" ref="55799157" role=""/>
  <member type="way" ref="55799156" role=""/>
  <member type="way" ref="172087950" role=""/>
  <member type="way" ref="172087953" role=""/>
  <member type="way" ref="172088130" role=""/>
  <member type="way" ref="784539590" role=""/>
  <member type="way" ref="172088134" role=""/>
  <member type="way" ref="1095209735" role=""/>
  <member type="way" ref="79734195" role=""/>
  <member type="way" ref="1095209734" role=""/>
  <member type="way" ref="595160579" role=""/>
  <member type="way" ref="742680126" role=""/>
  <member type="way" ref="742680131" role=""/>
  <member type="way" ref="172088411" role=""/>
  <member type="way" ref="1090320573" role=""/>
  <member type="way" ref="1006238408" role=""/>
  <member type="way" ref="172088556" role=""/>
  <member type="way" ref="172088554" role=""/>
  <member type="way" ref="75419662" role=""/>
  <member type="way" ref="75419665" role=""/>
  <member type="way" ref="79735616" role=""/>
  <member type="way" ref="79735615" role=""/>
  <member type="way" ref="593533716" role=""/>
  <member type="way" ref="593533717" role=""/>
  <member type="way" ref="206868468" role=""/>
  <member type="way" ref="593533722" role=""/>
  <member type="way" ref="593533721" role=""/>
  <member type="way" ref="206868467" role=""/>
  <member type="way" ref="33126676" role=""/>
  <member type="way" ref="29179801" role=""/>
  <member type="way" ref="172088887" role=""/>
  <member type="way" ref="172088884" role=""/>
  <member type="way" ref="172089007" role=""/>
  <member type="way" ref="172089009" role=""/>
  <member type="way" ref="72007533" role=""/>
  <member type="way" ref="72007534" role=""/>
  <member type="way" ref="172089949" role=""/>
  <member type="way" ref="172089951" role=""/>
  <member type="way" ref="38560553" role=""/>
  <member type="way" ref="38560554" role=""/>
  <member type="way" ref="38560576" role=""/>
  <member type="way" ref="38560580" role=""/>
  <member type="way" ref="46206965" role=""/>
  <member type="way" ref="46206964" role=""/>
  <member type="way" ref="46206737" role=""/>
  <member type="way" ref="46206736" role=""/>
  <member type="way" ref="46205686" role=""/>
  <member type="way" ref="46205595" role=""/>
  <member type="way" ref="46205602" role=""/>
  <member type="way" ref="46205604" role=""/>
  <member type="way" ref="172090197" role=""/>
  <member type="way" ref="172090198" role=""/>
  <member type="way" ref="103428643" role=""/>
  <member type="way" ref="103428642" role=""/>
  <member type="way" ref="172091106" role=""/>
  <member type="way" ref="172091099" role=""/>
  <member type="way" ref="187152695" role=""/>
  <member type="way" ref="187152698" role=""/>
  <member type="way" ref="997035030" role=""/>
  <member type="way" ref="603162862" role=""/>
  <member type="way" ref="437968991" role=""/>
  <member type="way" ref="29179048" role=""/>
  <member type="way" ref="958239584" role=""/>
  <member type="way" ref="172091103" role=""/>
  <member type="way" ref="172091104" role=""/>
  <member type="way" ref="172091101" role=""/>
  <member type="way" ref="172091105" role=""/>
  <member type="way" ref="16137613" role=""/>
  <member type="way" ref="149430534" role=""/>
  <member type="way" ref="992547140" role=""/>
  <member type="way" ref="871216178" role=""/>
  <member type="way" ref="871216177" role=""/>
  <member type="way" ref="784357983" role=""/>
  <member type="way" ref="256859701" role=""/>
  <member type="way" ref="256859700" role=""/>
  <member type="way" ref="980647760" role=""/>
  <member type="way" ref="952780249" role=""/>
  <member type="way" ref="149430518" role=""/>
  <member type="way" ref="33637005" role=""/>
  <member type="way" ref="168631825" role=""/>
  <member type="way" ref="168631817" role=""/>
  <member type="way" ref="44688777" role=""/>
  <member type="way" ref="168631811" role=""/>
  <member type="way" ref="156662378" role=""/>
  <member type="way" ref="168631823" role=""/>
  <member type="way" ref="44688825" role=""/>
  <member type="way" ref="37312439" role=""/>
  <member type="way" ref="14770156" role=""/>
  <member type="way" ref="216929182" role=""/>
  <member type="way" ref="156662354" role=""/>
  <member type="way" ref="156662351" role=""/>
  <member type="way" ref="156662373" role=""/>
  <member type="way" ref="1347372826" role=""/>
  <member type="way" ref="785221956" role=""/>
  <member type="way" ref="14821497" role=""/>
  <member type="way" ref="295641977" role=""/>
  <member type="way" ref="171423007" role=""/>
  <member type="way" ref="717566391" role=""/>
  <member type="way" ref="953088603" role=""/>
  <member type="way" ref="953088602" role=""/>
  <member type="way" ref="860059267" role=""/>
  <member type="way" ref="953093692" role=""/>
  <member type="way" ref="431600475" role=""/>
  <member type="way" ref="797755002" role=""/>
  <member type="way" ref="294440294" role=""/>
  <member type="way" ref="835550243" role=""/>
  <member type="way" ref="963792011" role=""/>
  <tag k="from" v="Vitória"/>
  <tag k="name" v="Ônibus 17-0010: Vitória → Rio de Janeiro"/>
  <tag k="network" v="ANTT"/>
  <tag k="network:wikidata" v="Q9592640"/>
  <tag k="network:wikipedia" v="pt:Agência Nacional de Transportes Terrestres"/>
  <tag k="operator" v="Kaissara"/>
  <tag k="public_transport:version" v="2"/>
  <tag k="ref" v="17-0010"/>
  <tag k="route" v="bus"/>
  <tag k="to" v="Rio de Janeiro"/>
  <tag k="type" v="route"/>
 </relation>
 <relation id="7070021" visible="true" version="406" changeset="179699283" timestamp="2026-03-11T12:59:56Z" user="Taya_S" uid="15944521">
  <member type="way" ref="1427157987" role=""/>
  <member type="way" ref="1427157988" role=""/>
  <member type="way" ref="1318811056" role=""/>
  <member type="way" ref="1427157964" role=""/>
  <member type="way" ref="1427157985" role=""/>
  <member type="way" ref="1427157986" role=""/>
  <member type="way" ref="1318811055" role=""/>
  <member type="node" ref="4730060784" role="stop"/>
  <member type="node" ref="4235735630" role="stop"/>
  <member type="node" ref="616152869" role="stop"/>
  <member type="way" ref="835550241" role=""/>
  <member type="way" ref="1015944119" role=""/>
  <member type="way" ref="835550242" role=""/>
  <member type="way" ref="431600486" role=""/>
  <member type="way" ref="176407073" role=""/>
  <member type="way" ref="78453973" role=""/>
  <member type="way" ref="173411868" role=""/>
  <member type="way" ref="953167256" role=""/>
  <member type="way" ref="42430326" role=""/>
  <member type="way" ref="42430322" role=""/>
  <member type="way" ref="42430325" role=""/>
  <member type="way" ref="337180062" role=""/>
  <member type="way" ref="1132520299" role=""/>
  <member type="way" ref="1064954353" role=""/>
  <member type="way" ref="5082900" role=""/>
  <member type="way" ref="37312440" role=""/>
  <member type="way" ref="252031742" role=""/>
  <member type="way" ref="156662355" role=""/>
  <member type="way" ref="168631815" role=""/>
  <member type="way" ref="156662385" role=""/>
  <member type="way" ref="44688865" role=""/>
  <member type="way" ref="44688876" role=""/>
  <member type="way" ref="168631809" role=""/>
  <member type="way" ref="168631828" role=""/>
  <member type="way" ref="33637000" role=""/>
  <member type="way" ref="949746272" role=""/>
  <member type="way" ref="949746270" role=""/>
  <member type="way" ref="1253561913" role=""/>
  <member type="way" ref="593119640" role=""/>
  <member type="way" ref="1253561912" role=""/>
  <member type="way" ref="949746264" role=""/>
  <member type="way" ref="74379645" role=""/>
  <member type="way" ref="980647763" role=""/>
  <member type="way" ref="149430535" role=""/>
  <member type="way" ref="183173832" role=""/>
  <member type="way" ref="871216190" role=""/>
  <member type="way" ref="871216189" role=""/>
  <member type="way" ref="784357985" role=""/>
  <member type="way" ref="871216180" role=""/>
  <member type="way" ref="1063402800" role=""/>
  <member type="way" ref="16135695" role=""/>
  <member type="way" ref="958244432" role=""/>
  <member type="way" ref="958244433" role=""/>
  <member type="way" ref="172091110" role=""/>
  <member type="way" ref="980647766" role=""/>
  <member type="way" ref="172091111" role=""/>
  <member type="way" ref="172091102" role=""/>
  <member type="way" ref="316524396" role=""/>
  <member type="way" ref="437968990" role=""/>
  <member type="way" ref="33126690" role=""/>
  <member type="way" ref="603162861" role=""/>
  <member type="way" ref="1275049278" role=""/>
  <member type="way" ref="997035029" role=""/>
  <member type="way" ref="187152692" role=""/>
  <member type="way" ref="187152697" role=""/>
  <member type="way" ref="172091109" role=""/>
  <member type="way" ref="1275057099" role=""/>
  <member type="way" ref="172091100" role=""/>
  <member type="way" ref="1275057716" role=""/>
  <member type="way" ref="103428641" role=""/>
  <member type="way" ref="103428637" role=""/>
  <member type="way" ref="172090200" role=""/>
  <member type="way" ref="172090199" role=""/>
  <member type="way" ref="46205608" role=""/>
  <member type="way" ref="46205544" role=""/>
  <member type="way" ref="46205679" role=""/>
  <member type="way" ref="46205683" role=""/>
  <member type="way" ref="46206739" role=""/>
  <member type="way" ref="46206738" role=""/>
  <member type="way" ref="46206967" role=""/>
  <member type="way" ref="46206971" role=""/>
  <member type="way" ref="38560579" role=""/>
  <member type="way" ref="38560575" role=""/>
  <member type="way" ref="38560555" role=""/>
  <member type="way" ref="38560556" role=""/>
  <member type="way" ref="172089948" role=""/>
  <member type="way" ref="172089945" role=""/>
  <member type="way" ref="72007536" role=""/>
  <member type="way" ref="72007535" role=""/>
  <member type="way" ref="172089006" role=""/>
  <member type="way" ref="172089010" role=""/>
  <member type="way" ref="172088883" role=""/>
  <member type="way" ref="172088879" role=""/>
  <member type="way" ref="33126691" role=""/>
  <member type="way" ref="30600395" role=""/>
  <member type="way" ref="593533720" role=""/>
  <member type="way" ref="593533719" role=""/>
  <member type="way" ref="206868470" role=""/>
  <member type="way" ref="206868474" role=""/>
  <member type="way" ref="593533715" role=""/>
  <member type="way" ref="593533712" role=""/>
  <member type="way" ref="79735619" role=""/>
  <member type="way" ref="79735621" role=""/>
  <member type="way" ref="75419669" role=""/>
  <member type="way" ref="75419615" role=""/>
  <member type="way" ref="172088553" role=""/>
  <member type="way" ref="172088555" role=""/>
  <member type="way" ref="172088410" role=""/>
  <member type="way" ref="1006238410" role=""/>
  <member type="way" ref="1006238409" role=""/>
  <member type="way" ref="79734197" role=""/>
  <member type="way" ref="79734199" role=""/>
  <member type="way" ref="1006238411" role=""/>
  <member type="way" ref="172088131" role=""/>
  <member type="way" ref="784539614" role=""/>
  <member type="way" ref="172088133" role=""/>
  <member type="way" ref="172087954" role=""/>
  <member type="way" ref="784539612" role=""/>
  <member type="way" ref="172087956" role=""/>
  <member type="way" ref="55799158" role=""/>
  <member type="way" ref="55799155" role=""/>
  <member type="way" ref="1275352830" role=""/>
  <member type="way" ref="1275352831" role=""/>
  <member type="way" ref="55799166" role=""/>
  <member type="way" ref="1018870157" role=""/>
  <member type="way" ref="1018870158" role=""/>
  <member type="way" ref="172085835" role=""/>
  <member type="way" ref="1018870159" role=""/>
  <member type="way" ref="172085827" role=""/>
  <member type="way" ref="954681574" role=""/>
  <member type="way" ref="954681573" role=""/>
  <member type="way" ref="172085821" role=""/>
  <member type="way" ref="172085826" role=""/>
  <member type="way" ref="172085822" role=""/>
  <member type="way" ref="172085819" role=""/>
  <member type="way" ref="172085829" role=""/>
  <member type="way" ref="172085832" role=""/>
  <member type="way" ref="55799174" role=""/>
  <member type="way" ref="55799173" role=""/>
  <member type="way" ref="172085823" role=""/>
  <member type="way" ref="1136542681" role=""/>
  <member type="way" ref="1136586561" role=""/>
  <member type="way" ref="1136542680" role=""/>
  <member type="way" ref="1138417454" role=""/>
  <member type="way" ref="1232716005" role=""/>
  <member type="way" ref="172085816" role=""/>
  <member type="way" ref="172084087" role=""/>
  <member type="way" ref="784539611" role=""/>
  <member type="way" ref="172084092" role=""/>
  <member type="way" ref="1275410315" role=""/>
  <member type="way" ref="55799168" role=""/>
  <member type="way" ref="172082277" role=""/>
  <member type="way" ref="1275413094" role=""/>
  <member type="way" ref="1275413095" role=""/>
  <member type="way" ref="172082278" role=""/>
  <member type="way" ref="1275447848" role=""/>
  <member type="way" ref="1275447847" role=""/>
  <member type="way" ref="172082284" role=""/>
  <member type="way" ref="172082296" role=""/>
  <member type="way" ref="172082290" role=""/>
  <member type="way" ref="1275450936" role=""/>
  <member type="way" ref="172082304" role=""/>
  <member type="way" ref="55799189" role=""/>
  <member type="way" ref="55799186" role=""/>
  <member type="way" ref="1275452794" role=""/>
  <member type="way" ref="1275452795" role=""/>
  <member type="way" ref="1275452793" role=""/>
  <member type="way" ref="1281753728" role=""/>
  <member type="way" ref="1275452998" role=""/>
  <member type="way" ref="172076870" role=""/>
  <member type="way" ref="172076869" role=""/>
  <member type="way" ref="1275700882" role=""/>
  <member type="way" ref="172075428" role=""/>
  <member type="way" ref="1275713174" role=""/>
  <member type="way" ref="1275713175" role=""/>
  <member type="way" ref="172075434" role=""/>
  <member type="way" ref="172071254" role=""/>
  <member type="way" ref="172071252" role=""/>
  <member type="way" ref="1275754329" role=""/>
  <member type="way" ref="1275724784" role=""/>
  <member type="way" ref="172071253" role=""/>
  <member type="way" ref="30600396" role=""/>
  <member type="way" ref="260442046" role=""/>
  <member type="way" ref="424435161" role=""/>
  <member type="way" ref="1275857051" role=""/>
  <member type="way" ref="551875365" role=""/>
  <member type="way" ref="440648875" role=""/>
  <member type="way" ref="440648891" role=""/>
  <member type="way" ref="440648882" role=""/>
  <member type="way" ref="440648894" role=""/>
  <member type="way" ref="1275863153" role=""/>
  <member type="way" ref="1275863154" role=""/>
  <member type="way" ref="552165733" role=""/>
  <member type="way" ref="742681240" role=""/>
  <member type="way" ref="742681237" role=""/>
  <member type="way" ref="440648885" role=""/>
  <member type="way" ref="1275863492" role=""/>
  <member type="way" ref="723582944" role=""/>
  <member type="way" ref="640037110" role=""/>
  <member type="way" ref="683618994" role=""/>
  <member type="way" ref="1276223994" role=""/>
  <member type="way" ref="1275869800" role=""/>
  <member type="way" ref="480276746" role=""/>
  <member type="way" ref="1276230693" role=""/>
  <member type="way" ref="640037069" role=""/>
  <member type="way" ref="640037072" role=""/>
  <member type="way" ref="640037068" role=""/>
  <member type="way" ref="1276189897" role=""/>
  <member type="way" ref="1276223993" role=""/>
  <member type="way" ref="440648889" role=""/>
  <member type="way" ref="440648877" role=""/>
  <member type="way" ref="480283488" role=""/>
  <member type="way" ref="490238834" role=""/>
  <member type="way" ref="1276239551" role=""/>
  <member type="way" ref="1276239552" role=""/>
  <member type="way" ref="166829987" role=""/>
  <member type="way" ref="440644777" role=""/>
  <member type="way" ref="440644779" role=""/>
  <member type="way" ref="440644778" role=""/>
  <member type="way" ref="440644774" role=""/>
  <member type="way" ref="1276244954" role=""/>
  <member type="way" ref="166829960" role=""/>
  <member type="way" ref="1276587488" role=""/>
  <member type="way" ref="166829926" role=""/>
  <member type="way" ref="1276588330" role=""/>
  <member type="way" ref="1278594401" role=""/>
  <member type="way" ref="166829978" role=""/>
  <member type="way" ref="1276589744" role=""/>
  <member type="way" ref="1276594283" role=""/>
  <member type="way" ref="1276589745" role=""/>
  <member type="way" ref="1276592583" role=""/>
  <member type="way" ref="1276589462" role=""/>
  <member type="way" ref="1276594282" role=""/>
  <member type="way" ref="552231097" role=""/>
  <member type="way" ref="552231096" role=""/>
  <member type="way" ref="1239201499" role=""/>
  <member type="way" ref="1277616024" role=""/>
  <member type="way" ref="1239201498" role=""/>
  <member type="way" ref="480285658" role=""/>
  <member type="way" ref="480291787" role=""/>
  <member type="way" ref="166829928" role=""/>
  <member type="way" ref="1277620904" role=""/>
  <member type="way" ref="480291784" role=""/>
  <member type="way" ref="1277621232" role=""/>
  <member type="way" ref="1277621231" role=""/>
  <member type="way" ref="1277623020" role=""/>
  <member type="way" ref="440644798" role=""/>
  <member type="way" ref="820925753" role=""/>
  <member type="way" ref="820925752" role=""/>
  <member type="way" ref="1277904496" role=""/>
  <member type="way" ref="1277904863" role=""/>
  <member type="way" ref="1354952968" role=""/>
  <member type="way" ref="325074045" role=""/>
  <member type="way" ref="1277905484" role=""/>
  <member type="way" ref="480291781" role=""/>
  <member type="way" ref="640318523" role=""/>
  <member type="way" ref="1280167283" role=""/>
  <member type="way" ref="1469816959" role=""/>
  <member type="way" ref="1217082097" role=""/>
  <member type="way" ref="1217082098" role=""/>
  <member type="way" ref="1280167281" role=""/>
  <member type="way" ref="1280167279" role=""/>
  <member type="way" ref="1280167280" role=""/>
  <member type="way" ref="640320752" role=""/>
  <member type="way" ref="1280167277" role=""/>
  <member type="way" ref="640318513" role=""/>
  <member type="way" ref="1280167278" role=""/>
  <member type="way" ref="1280167274" role=""/>
  <member type="way" ref="640318516" role=""/>
  <member type="way" ref="1280167275" role=""/>
  <member type="way" ref="1280167276" role=""/>
  <member type="way" ref="640318501" role=""/>
  <member type="way" ref="1469816958" role=""/>
  <member type="way" ref="1154155382" role=""/>
  <member type="way" ref="1280167273" role=""/>
  <member type="way" ref="1277914688" role=""/>
  <member type="way" ref="441997958" role=""/>
  <member type="way" ref="1217082101" role=""/>
  <member type="way" ref="1135253219" role=""/>
  <member type="way" ref="1075175614" role=""/>
  <member type="way" ref="441997962" role=""/>
  <member type="way" ref="1277910878" role=""/>
  <member type="way" ref="1277910879" role=""/>
  <member type="way" ref="1280176099" role=""/>
  <member type="way" ref="1277910880" role=""/>
  <member type="way" ref="433861031" role=""/>
  <member type="way" ref="1278300753" role=""/>
  <member type="way" ref="433861025" role=""/>
  <member type="way" ref="1278302742" role=""/>
  <member type="way" ref="1280176096" role=""/>
  <member type="way" ref="441997963" role=""/>
  <member type="way" ref="1279148781" role=""/>
  <member type="way" ref="1278322392" role=""/>
  <member type="way" ref="1278323151" role=""/>
  <member type="way" ref="1278324787" role=""/>
  <member type="way" ref="552236737" role=""/>
  <member type="way" ref="1280176095" role=""/>
  <member type="way" ref="1278330692" role=""/>
  <member type="way" ref="325067415" role=""/>
  <member type="way" ref="1307347881" role=""/>
  <member type="way" ref="1307347880" role=""/>
  <member type="way" ref="441997961" role=""/>
  <member type="way" ref="606408970" role=""/>
  <member type="way" ref="1017920608" role=""/>
  <member type="way" ref="1017920607" role=""/>
  <member type="way" ref="606408965" role=""/>
  <member type="way" ref="1278339903" role=""/>
  <member type="way" ref="1278340152" role=""/>
  <member type="way" ref="441997956" role=""/>
  <member type="way" ref="325074040" role=""/>
  <member type="way" ref="325074064" role=""/>
  <member type="way" ref="441997959" role=""/>
  <member type="way" ref="1278933089" role=""/>
  <member type="way" ref="1279169027" role=""/>
  <member type="way" ref="724155705" role=""/>
  <member type="way" ref="1278936604" role=""/>
  <member type="way" ref="724155706" role=""/>
  <member type="way" ref="886020444" role=""/>
  <member type="way" ref="1279075565" role=""/>
  <member type="way" ref="886020443" role=""/>
  <member type="way" ref="1279169026" role=""/>
  <member type="way" ref="243871237" role=""/>
  <member type="way" ref="1135253220" role=""/>
  <member type="way" ref="243871243" role=""/>
  <member type="way" ref="243871236" role=""/>
  <member type="way" ref="243871238" role=""/>
  <member type="way" ref="1264646482" role=""/>
  <member type="way" ref="1279355685" role=""/>
  <member type="way" ref="1279356594" role=""/>
  <member type="way" ref="1279356595" role=""/>
  <member type="way" ref="166829969" role=""/>
  <member type="way" ref="995638346" role=""/>
  <member type="way" ref="1279360422" role=""/>
  <member type="way" ref="995638347" role=""/>
  <member type="way" ref="995640280" role=""/>
  <member type="way" ref="995640281" role=""/>
  <member type="way" ref="995640282" role=""/>
  <member type="way" ref="995621085" role=""/>
  <member type="way" ref="995621086" role=""/>
  <member type="way" ref="885995188" role=""/>
  <member type="way" ref="995624404" role=""/>
  <member type="way" ref="885995189" role=""/>
  <member type="way" ref="885995190" role=""/>
  <member type="way" ref="166829927" role=""/>
  <member type="way" ref="995631537" role=""/>
  <member type="way" ref="995631538" role=""/>
  <member type="way" ref="24643732" role=""/>
  <member type="way" ref="133020786" role=""/>
  <member type="way" ref="995631535" role=""/>
  <member type="way" ref="995631534" role=""/>
  <member type="way" ref="133020787" role=""/>
  <member type="way" ref="103805426" role=""/>
  <member type="way" ref="995632939" role=""/>
  <member type="way" ref="995609188" role=""/>
  <member type="way" ref="995609189" role=""/>
  <member type="way" ref="995609185" role=""/>
  <member type="way" ref="995609180" role=""/>
  <member type="way" ref="995609181" role=""/>
  <member type="way" ref="995609182" role=""/>
  <member type="way" ref="312110329" role=""/>
  <member type="way" ref="1279444253" role=""/>
  <member type="way" ref="995612188" role=""/>
  <member type="way" ref="995609183" role=""/>
  <member type="way" ref="995615753" role=""/>
  <member type="way" ref="995615755" role=""/>
  <member type="way" ref="1279444820" role=""/>
  <member type="way" ref="995267377" role=""/>
  <member type="way" ref="312110327" role=""/>
  <member type="way" ref="1279470257" role=""/>
  <member type="way" ref="312110326" role=""/>
  <member type="way" ref="995581362" role=""/>
  <member type="way" ref="995581361" role=""/>
  <member type="way" ref="1279651629" role=""/>
  <member type="way" ref="1279651631" role=""/>
  <member type="way" ref="1279651630" role=""/>
  <member type="way" ref="312477829" role=""/>
  <member type="way" ref="1279653376" role=""/>
  <member type="way" ref="312477828" role=""/>
  <member type="way" ref="325085100" role=""/>
  <member type="way" ref="325085103" role=""/>
  <member type="way" ref="995586883" role=""/>
  <member type="way" ref="384771149" role=""/>
  <member type="way" ref="1279663800" role=""/>
  <member type="way" ref="1279663801" role=""/>
  <member type="way" ref="325092016" role=""/>
  <member type="way" ref="325092018" role=""/>
  <member type="way" ref="1072858703" role=""/>
  <member type="way" ref="1072858702" role=""/>
  <member type="way" ref="1279681028" role=""/>
  <member type="way" ref="1279788537" role=""/>
  <member type="way" ref="1279788538" role=""/>
  <member type="way" ref="305915764" role=""/>
  <member type="way" ref="724155708" role=""/>
  <member type="way" ref="305915762" role=""/>
  <member type="way" ref="305915761" role=""/>
  <member type="way" ref="229031303" role=""/>
  <member type="way" ref="663797590" role=""/>
  <member type="way" ref="1133497365" role=""/>
  <member type="way" ref="229031304" role=""/>
  <member type="way" ref="961613814" role=""/>
  <member type="way" ref="1152758544" role=""/>
  <member type="way" ref="1133497366" role=""/>
  <member type="way" ref="305915758" role=""/>
  <member type="way" ref="961613815" role=""/>
  <member type="way" ref="961613816" role=""/>
  <member type="way" ref="742682435" role=""/>
  <member type="way" ref="995422945" role=""/>
  <member type="way" ref="552385119" role=""/>
  <member type="way" ref="552385117" role=""/>
  <member type="way" ref="440605061" role=""/>
  <member type="way" ref="1131622737" role=""/>
  <member type="way" ref="995421236" role=""/>
  <member type="way" ref="1131622739" role=""/>
  <member type="way" ref="1279998915" role=""/>
  <member type="way" ref="1131622741" role=""/>
  <member type="way" ref="995421235" role=""/>
  <member type="way" ref="1131622745" role=""/>
  <member type="way" ref="325056134" role=""/>
  <member type="way" ref="1131240651" role=""/>
  <member type="way" ref="480428429" role=""/>
  <member type="way" ref="1131609937" role=""/>
  <member type="way" ref="440539169" role=""/>
  <member type="way" ref="1131609936" role=""/>
  <member type="way" ref="664516570" role=""/>
  <member type="way" ref="1131609935" role=""/>
  <member type="way" ref="664516571" role=""/>
  <member type="way" ref="480428431" role=""/>
  <member type="way" ref="480428439" role=""/>
  <member type="way" ref="1131609933" role=""/>
  <member type="way" ref="1131609932" role=""/>
  <member type="way" ref="440539165" role=""/>
  <member type="way" ref="1131609931" role=""/>
  <member type="way" ref="995569708" role=""/>
  <member type="way" ref="1131609929" role=""/>
  <member type="way" ref="1131609930" role=""/>
  <member type="way" ref="440539163" role=""/>
  <member type="way" ref="1252554028" role=""/>
  <member type="way" ref="1252554029" role=""/>
  <member type="way" ref="995569707" role=""/>
  <member type="way" ref="1252562888" role=""/>
  <member type="way" ref="423858409" role=""/>
  <member type="way" ref="423858468" role=""/>
  <member type="way" ref="423858456" role=""/>
  <member type="way" ref="469513272" role=""/>
  <member type="way" ref="423858410" role=""/>
  <member type="way" ref="423858462" role=""/>
  <member type="way" ref="423858405" role=""/>
  <member type="way" ref="423858454" role=""/>
  <member type="way" ref="1328590014" role=""/>
  <member type="way" ref="1328835238" role=""/>
  <member type="way" ref="1252562889" role=""/>
  <member type="way" ref="1328835239" role=""/>
  <member type="way" ref="1328590013" role=""/>
  <member type="way" ref="1254909902" role=""/>
  <member type="way" ref="1254909903" role=""/>
  <member type="way" ref="423858380" role=""/>
  <member type="way" ref="1414270888" role=""/>
  <member type="way" ref="1254909900" role=""/>
  <member type="way" ref="1254909904" role=""/>
  <member type="way" ref="1254909901" role=""/>
  <member type="way" ref="1254909905" role=""/>
  <member type="way" ref="1252562890" role=""/>
  <member type="way" ref="103805444" role=""/>
  <member type="way" ref="312588090" role=""/>
  <member type="way" ref="312588093" role=""/>
  <member type="way" ref="1252562891" role=""/>
  <member type="way" ref="312588091" role=""/>
  <member type="way" ref="312588095" role=""/>
  <member type="way" ref="186353858" role=""/>
  <member type="way" ref="186353862" role=""/>
  <member type="way" ref="1328835240" role=""/>
  <member type="way" ref="1328835241" role=""/>
  <member type="way" ref="995644978" role=""/>
  <member type="way" ref="995644977" role=""/>
  <member type="way" ref="1328835242" role=""/>
  <member type="way" ref="1328835243" role=""/>
  <member type="way" ref="1328835244" role=""/>
  <member type="way" ref="1328835245" role=""/>
  <member type="way" ref="103805457" role=""/>
  <member type="way" ref="961616737" role=""/>
  <member type="way" ref="103805436" role=""/>
  <member type="way" ref="441865644" role=""/>
  <member type="way" ref="996680273" role=""/>
  <member type="way" ref="996680270" role=""/>
  <member type="way" ref="996680274" role=""/>
  <member type="way" ref="996680269" role=""/>
  <member type="way" ref="103805459" role=""/>
  <member type="way" ref="1173736095" role=""/>
  <member type="way" ref="441858651" role=""/>
  <member type="way" ref="1328835253" role=""/>
  <member type="way" ref="885972002" role=""/>
  <member type="way" ref="852321827" role=""/>
  <member type="way" ref="423858391" role=""/>
  <member type="way" ref="1328835252" role=""/>
  <member type="way" ref="1328835251" role=""/>
  <member type="way" ref="1328835248" role=""/>
  <member type="way" ref="1328835249" role=""/>
  <member type="way" ref="1328835250" role=""/>
  <member type="way" ref="1328835247" role=""/>
  <member type="way" ref="852292671" role=""/>
  <member type="way" ref="423858377" role=""/>
  <member type="way" ref="1328835246" role=""/>
  <member type="way" ref="39913525" role=""/>
  <member type="way" ref="274711466" role=""/>
  <member type="way" ref="298631128" role=""/>
  <member type="way" ref="696549434" role=""/>
  <member type="way" ref="298631127" role=""/>
  <member type="way" ref="274711468" role=""/>
  <member type="way" ref="105558359" role=""/>
  <member type="way" ref="105558350" role=""/>
  <member type="way" ref="997573243" role=""/>
  <member type="way" ref="997573245" role=""/>
  <member type="way" ref="997573246" role=""/>
  <member type="way" ref="997573247" role=""/>
  <member type="way" ref="997573249" role=""/>
  <member type="way" ref="997573250" role=""/>
  <member type="way" ref="697056580" role=""/>
  <member type="way" ref="997570264" role=""/>
  <member type="way" ref="552350918" role=""/>
  <member type="way" ref="997571359" role=""/>
  <member type="way" ref="41170097" role=""/>
  <member type="way" ref="41170099" role=""/>
  <member type="way" ref="298020399" role=""/>
  <member type="way" ref="30145939" role=""/>
  <member type="way" ref="949269697" role=""/>
  <member type="way" ref="997263074" role=""/>
  <member type="way" ref="997278917" role=""/>
  <member type="way" ref="228129658" role=""/>
  <member type="way" ref="298631119" role=""/>
  <member type="way" ref="39913523" role=""/>
  <member type="way" ref="640287889" role=""/>
  <member type="way" ref="640287891" role=""/>
  <member type="way" ref="325042404" role=""/>
  <member type="way" ref="325042402" role=""/>
  <member type="way" ref="640287895" role=""/>
  <member type="way" ref="261105139" role=""/>
  <member type="way" ref="640287899" role=""/>
  <member type="way" ref="640287901" role=""/>
  <member type="way" ref="640287902" role=""/>
  <member type="way" ref="640287904" role=""/>
  <member type="way" ref="640287905" role=""/>
  <member type="way" ref="640287906" role=""/>
  <member type="way" ref="640287909" role=""/>
  <member type="way" ref="1153949556" role=""/>
  <member type="way" ref="640287910" role=""/>
  <member type="way" ref="640287911" role=""/>
  <member type="way" ref="1317036907" role=""/>
  <member type="way" ref="695717200" role=""/>
  <member type="way" ref="1103532239" role=""/>
  <member type="way" ref="640287913" role=""/>
  <member type="way" ref="1423085427" role=""/>
  <member type="way" ref="1101191576" role=""/>
  <member type="way" ref="260034789" role=""/>
  <member type="way" ref="1317876743" role=""/>
  <member type="way" ref="1317876744" role=""/>
  <member type="way" ref="1317876742" role=""/>
  <member type="way" ref="1317876745" role=""/>
  <member type="way" ref="996701043" role=""/>
  <member type="way" ref="996701876" role=""/>
  <member type="way" ref="996701875" role=""/>
  <member type="way" ref="996702961" role=""/>
  <member type="way" ref="996702960" role=""/>
  <member type="way" ref="594631726" role=""/>
  <member type="way" ref="894708552" role=""/>
  <member type="way" ref="894708553" role=""/>
  <member type="way" ref="996726459" role=""/>
  <member type="way" ref="815671394" role=""/>
  <member type="way" ref="996726457" role=""/>
  <member type="way" ref="995399189" role=""/>
  <member type="way" ref="594631728" role=""/>
  <member type="way" ref="742683007" role=""/>
  <member type="way" ref="742683009" role=""/>
  <member type="way" ref="995399188" role=""/>
  <member type="way" ref="25300874" role=""/>
  <member type="way" ref="107693777" role=""/>
  <member type="way" ref="685108845" role=""/>
  <member type="way" ref="1469247997" role=""/>
  <member type="way" ref="996729425" role=""/>
  <member type="way" ref="996729426" role=""/>
  <member type="way" ref="996729427" role=""/>
  <member type="way" ref="996729428" role=""/>
  <member type="way" ref="685108846" role=""/>
  <member type="way" ref="685108847" role=""/>
  <member type="way" ref="685108848" role=""/>
  <member type="way" ref="1190246530" role=""/>
  <member type="way" ref="1190246531" role=""/>
  <member type="way" ref="107693750" role=""/>
  <member type="way" ref="815669485" role=""/>
  <member type="way" ref="815669484" role=""/>
  <member type="way" ref="815669483" role=""/>
  <member type="way" ref="815669480" role=""/>
  <member type="way" ref="815669482" role=""/>
  <member type="way" ref="995307541" role=""/>
  <member type="way" ref="996895348" role=""/>
  <member type="way" ref="815669486" role=""/>
  <member type="way" ref="995307538" role=""/>
  <member type="way" ref="995307539" role=""/>
  <member type="way" ref="995307540" role=""/>
  <member type="way" ref="484534778" role=""/>
  <member type="way" ref="484534772" role=""/>
  <member type="way" ref="484534771" role=""/>
  <member type="way" ref="841130956" role=""/>
  <member type="way" ref="841130957" role=""/>
  <member type="way" ref="1247347178" role=""/>
  <member type="way" ref="1247347179" role=""/>
  <member type="way" ref="1247347180" role=""/>
  <member type="way" ref="1247347181" role=""/>
  <member type="way" ref="30145942" role=""/>
  <member type="way" ref="1254980223" role=""/>
  <member type="way" ref="1254980224" role=""/>
  <member type="way" ref="1315828071" role=""/>
  <member type="way" ref="30145943" role=""/>
  <member type="way" ref="995052643" role=""/>
  <member type="way" ref="328461478" role=""/>
  <member type="way" ref="831747742" role=""/>
  <member type="way" ref="831747744" role=""/>
  <member type="way" ref="831747739" role=""/>
  <member type="way" ref="831747741" role=""/>
  <member type="way" ref="995264219" role=""/>
  <member type="way" ref="328461458" role=""/>
  <member type="way" ref="328461467" role=""/>
  <member type="way" ref="328461460" role=""/>
  <member type="way" ref="361349324" role=""/>
  <member type="way" ref="995041793" role=""/>
  <member type="way" ref="361349325" role=""/>
  <member type="way" ref="744496359" role=""/>
  <member type="way" ref="744496358" role=""/>
  <member type="way" ref="995041792" role=""/>
  <member type="way" ref="479304291" role=""/>
  <member type="way" ref="995041788" role=""/>
  <member type="way" ref="995041789" role=""/>
  <member type="way" ref="479304289" role=""/>
  <member type="way" ref="969547722" role=""/>
  <member type="way" ref="995035201" role=""/>
  <member type="way" ref="361093330" role=""/>
  <member type="way" ref="361093329" role=""/>
  <member type="way" ref="361093326" role=""/>
  <member type="way" ref="328461456" role=""/>
  <member type="way" ref="995035195" role=""/>
  <member type="way" ref="995035194" role=""/>
  <member type="way" ref="995035192" role=""/>
  <member type="way" ref="995035191" role=""/>
  <member type="way" ref="151982361" role=""/>
  <member type="way" ref="995019164" role=""/>
  <member type="way" ref="995019162" role=""/>
  <member type="way" ref="995019163" role=""/>
  <member type="way" ref="995019160" role=""/>
  <member type="way" ref="995019161" role=""/>
  <member type="way" ref="995019165" role=""/>
  <member type="way" ref="151982365" role=""/>
  <member type="way" ref="724155710" role=""/>
  <member type="way" ref="995008356" role=""/>
  <member type="way" ref="995008355" role=""/>
  <member type="way" ref="995008354" role=""/>
  <member type="way" ref="969572206" role=""/>
  <member type="way" ref="995008353" role=""/>
  <member type="way" ref="997215638" role=""/>
  <member type="way" ref="361819690" role=""/>
  <member type="way" ref="361819693" role=""/>
  <member type="way" ref="361819692" role=""/>
  <member type="way" ref="361819695" role=""/>
  <member type="way" ref="88363413" role=""/>
  <member type="way" ref="88363398" role=""/>
  <member type="way" ref="324896444" role=""/>
  <member type="way" ref="324896445" role=""/>
  <member type="way" ref="90144199" role=""/>
  <member type="way" ref="90144219" role=""/>
  <member type="way" ref="118362024" role=""/>
  <member type="way" ref="118362043" role=""/>
  <member type="way" ref="996920293" role=""/>
  <member type="way" ref="996920292" role=""/>
  <member type="way" ref="996920290" role=""/>
  <member type="way" ref="328461475" role=""/>
  <member type="way" ref="996923213" role=""/>
  <member type="way" ref="996926600" role=""/>
  <member type="way" ref="328461470" role=""/>
  <member type="way" ref="328461473" role=""/>
  <member type="way" ref="996930161" role=""/>
  <member type="way" ref="328461461" role=""/>
  <member type="way" ref="996930160" role=""/>
  <member type="way" ref="996930159" role=""/>
  <member type="way" ref="724155711" role=""/>
  <member type="way" ref="996937241" role=""/>
  <member type="way" ref="996937242" role=""/>
  <member type="way" ref="996937809" role=""/>
  <member type="way" ref="996937808" role=""/>
  <member type="way" ref="328461474" role=""/>
  <member type="way" ref="996941355" role=""/>
  <member type="way" ref="996961014" role=""/>
  <member type="way" ref="353682186" role=""/>
  <member type="way" ref="834874432" role=""/>
  <member type="way" ref="996961013" role=""/>
  <member type="way" ref="328461477" role=""/>
  <member type="way" ref="996961653" role=""/>
  <member type="way" ref="996961654" role=""/>
  <member type="way" ref="996961655" role=""/>
  <member type="way" ref="996963746" role=""/>
  <member type="way" ref="996963745" role=""/>
  <member type="way" ref="996963744" role=""/>
  <member type="way" ref="996963742" role=""/>
  <member type="way" ref="996963743" role=""/>
  <member type="way" ref="996964216" role=""/>
  <member type="way" ref="996965772" role=""/>
  <member type="way" ref="996965773" role=""/>
  <member type="way" ref="996965769" role=""/>
  <member type="way" ref="996965770" role=""/>
  <member type="way" ref="996965771" role=""/>
  <member type="way" ref="996965768" role=""/>
  <member type="way" ref="30145994" role=""/>
  <member type="way" ref="469513275" role=""/>
  <member type="way" ref="136507810" role=""/>
  <member type="way" ref="329148733" role=""/>
  <member type="way" ref="300888895" role=""/>
  <member type="way" ref="361819698" role=""/>
  <member type="way" ref="361819697" role=""/>
  <member type="way" ref="361819694" role=""/>
  <member type="way" ref="361819696" role=""/>
  <member type="way" ref="34077779" role=""/>
  <member type="way" ref="34077778" role=""/>
  <member type="way" ref="430862975" role=""/>
  <member type="way" ref="997223872" role=""/>
  <member type="way" ref="997223871" role=""/>
  <member type="way" ref="724155712" role=""/>
  <member type="way" ref="832462561" role=""/>
  <member type="way" ref="832462562" role=""/>
  <member type="way" ref="328461457" role=""/>
  <member type="way" ref="834530124" role=""/>
  <member type="way" ref="830696634" role=""/>
  <member type="way" ref="34077776" role=""/>
  <member type="way" ref="34077777" role=""/>
  <member type="way" ref="328461462" role=""/>
  <member type="way" ref="24794750" role=""/>
  <member type="way" ref="328461468" role=""/>
  <member type="way" ref="827767617" role=""/>
  <member type="way" ref="744496729" role=""/>
  <member type="way" ref="744496728" role=""/>
  <member type="way" ref="827767618" role=""/>
  <member type="way" ref="89289056" role=""/>
  <member type="way" ref="89288822" role=""/>
  <member type="way" ref="128453943" role=""/>
  <member type="way" ref="470840942" role=""/>
  <member type="way" ref="470840943" role=""/>
  <member type="way" ref="545479224" role=""/>
  <member type="way" ref="128453946" role=""/>
  <member type="way" ref="545479226" role=""/>
  <member type="way" ref="997273784" role=""/>
  <member type="way" ref="546170686" role=""/>
  <member type="way" ref="328461476" role=""/>
  <member type="way" ref="555811388" role=""/>
  <member type="way" ref="555811389" role=""/>
  <member type="way" ref="546170693" role=""/>
  <member type="way" ref="996486715" role=""/>
  <member type="way" ref="996486714" role=""/>
  <member type="way" ref="996489279" role=""/>
  <member type="way" ref="546170694" role=""/>
  <member type="way" ref="994970181" role=""/>
  <member type="way" ref="994970182" role=""/>
  <member type="way" ref="996489275" role=""/>
  <member type="way" ref="996489274" role=""/>
  <member type="way" ref="996490009" role=""/>
  <member type="way" ref="996490008" role=""/>
  <member type="way" ref="996490995" role=""/>
  <member type="way" ref="996490996" role=""/>
  <member type="way" ref="996490994" role=""/>
  <member type="way" ref="328461479" role=""/>
  <member type="way" ref="996490993" role=""/>
  <member type="way" ref="328461465" role=""/>
  <member type="way" ref="832503619" role=""/>
  <member type="way" ref="996490992" role=""/>
  <member type="way" ref="328461472" role=""/>
  <member type="way" ref="996490990" role=""/>
  <member type="way" ref="996490991" role=""/>
  <member type="way" ref="996490989" role=""/>
  <member type="way" ref="996491748" role=""/>
  <member type="way" ref="996491745" role=""/>
  <member type="way" ref="996491744" role=""/>
  <member type="way" ref="996492586" role=""/>
  <member type="way" ref="996492585" role=""/>
  <member type="way" ref="996492584" role=""/>
  <member type="way" ref="996493346" role=""/>
  <member type="way" ref="996493345" role=""/>
  <member type="way" ref="996493342" role=""/>
  <member type="way" ref="996657765" role=""/>
  <member type="way" ref="430862976" role=""/>
  <member type="way" ref="430862974" role=""/>
  <member type="way" ref="997229480" role=""/>
  <member type="way" ref="997229479" role=""/>
  <member type="way" ref="997229478" role=""/>
  <member type="way" ref="997229477" role=""/>
  <member type="way" ref="313846581" role=""/>
  <member type="way" ref="997230163" role=""/>
  <member type="way" ref="997230164" role=""/>
  <member type="way" ref="829669359" role=""/>
  <member type="way" ref="997229476" role=""/>
  <member type="way" ref="997229475" role=""/>
  <member type="way" ref="829669360" role=""/>
  <member type="way" ref="994051986" role=""/>
  <member type="way" ref="994051989" role=""/>
  <member type="way" ref="313846580" role=""/>
  <member type="way" ref="825997403" role=""/>
  <member type="way" ref="825997404" role=""/>
  <member type="way" ref="825997405" role=""/>
  <member type="way" ref="825997406" role=""/>
  <member type="way" ref="673008768" role=""/>
  <member type="way" ref="996688834" role=""/>
  <member type="way" ref="996688835" role=""/>
  <member type="way" ref="754717304" role=""/>
  <member type="way" ref="994051983" role=""/>
  <member type="way" ref="994051982" role=""/>
  <member type="way" ref="673008773" role=""/>
  <member type="way" ref="673008774" role=""/>
  <member type="way" ref="996689417" role=""/>
  <member type="way" ref="784357981" role=""/>
  <member type="way" ref="784357980" role=""/>
  <member type="way" ref="773570662" role=""/>
  <member type="way" ref="24794745" role=""/>
  <member type="way" ref="34077774" role=""/>
  <member type="way" ref="311049146" role=""/>
  <member type="way" ref="89819172" role=""/>
  <member type="way" ref="545472241" role=""/>
  <member type="way" ref="430993300" role=""/>
  <member type="way" ref="89819171" role=""/>
  <member type="way" ref="353682250" role=""/>
  <member type="way" ref="673008767" role=""/>
  <member type="way" ref="673617514" role=""/>
  <member type="way" ref="773570677" role=""/>
  <member type="way" ref="773570667" role=""/>
  <member type="way" ref="773570666" role=""/>
  <member type="way" ref="773570673" role=""/>
  <member type="way" ref="673617508" role=""/>
  <member type="way" ref="659558197" role=""/>
  <member type="way" ref="994088970" role=""/>
  <member type="way" ref="724157492" role=""/>
  <member type="way" ref="325268441" role=""/>
  <member type="way" ref="328461469" role=""/>
  <member type="way" ref="328461459" role=""/>
  <member type="way" ref="328461463" role=""/>
  <member type="way" ref="151982373" role=""/>
  <member type="way" ref="151982391" role=""/>
  <member type="way" ref="686633519" role=""/>
  <member type="way" ref="89819089" role=""/>
  <member type="way" ref="994948747" role=""/>
  <member type="way" ref="686633521" role=""/>
  <member type="way" ref="996463741" role=""/>
  <member type="way" ref="996463740" role=""/>
  <member type="way" ref="996463738" role=""/>
  <member type="way" ref="996463737" role=""/>
  <member type="way" ref="89819140" role=""/>
  <member type="way" ref="328488800" role=""/>
  <member type="way" ref="154419083" role=""/>
  <member type="way" ref="293130313" role=""/>
  <member type="way" ref="1328864487" role=""/>
  <member type="way" ref="1328864486" role=""/>
  <member type="way" ref="996463734" role=""/>
  <member type="way" ref="996464564" role=""/>
  <member type="way" ref="33850526" role=""/>
  <member type="way" ref="1447701083" role=""/>
  <member type="way" ref="997007448" role=""/>
  <member type="way" ref="1447701084" role=""/>
  <member type="way" ref="997007450" role=""/>
  <member type="way" ref="33850525" role=""/>
  <member type="way" ref="996350850" role=""/>
  <member type="way" ref="128454794" role=""/>
  <member type="way" ref="547306662" role=""/>
  <member type="way" ref="724157493" role=""/>
  <member type="way" ref="547306664" role=""/>
  <member type="way" ref="1427157993" role=""/>
  <member type="way" ref="128454803" role=""/>
  <member type="way" ref="474933848" role=""/>
  <member type="way" ref="1341770528" role=""/>
  <member type="way" ref="441357691" role=""/>
  <member type="way" ref="835000303" role=""/>
  <member type="way" ref="441357692" role=""/>
  <member type="way" ref="995740030" role=""/>
  <member type="way" ref="1285021557" role=""/>
  <member type="way" ref="87816176" role=""/>
  <member type="way" ref="1285021561" role=""/>
  <member type="way" ref="87815842" role=""/>
  <member type="way" ref="475633378" role=""/>
  <member type="way" ref="24602394" role=""/>
  <member type="way" ref="1285021566" role=""/>
  <member type="way" ref="831215030" role=""/>
  <member type="way" ref="831215031" role=""/>
  <member type="way" ref="475628390" role=""/>
  <member type="way" ref="475628391" role=""/>
  <member type="way" ref="851944056" role=""/>
  <member type="way" ref="833191541" role=""/>
  <member type="way" ref="808995564" role=""/>
  <member type="way" ref="808995563" role=""/>
  <member type="way" ref="833191547" role=""/>
  <member type="way" ref="995661514" role=""/>
  <member type="way" ref="995661513" role=""/>
  <member type="way" ref="621002186" role=""/>
  <member type="way" ref="852040167" role=""/>
  <member type="way" ref="754394488" role=""/>
  <member type="way" ref="754402301" role=""/>
  <member type="way" ref="834839249" role=""/>
  <member type="way" ref="808995574" role=""/>
  <member type="way" ref="317662880" role=""/>
  <member type="way" ref="744464181" role=""/>
  <member type="way" ref="851944080" role=""/>
  <member type="way" ref="744464180" role=""/>
  <member type="way" ref="851944082" role=""/>
  <member type="way" ref="1090852698" role=""/>
  <member type="way" ref="851944081" role=""/>
  <member type="way" ref="1090852699" role=""/>
  <member type="way" ref="754633910" role=""/>
  <member type="way" ref="87988654" role=""/>
  <member type="way" ref="830729035" role=""/>
  <member type="way" ref="777103154" role=""/>
  <member type="way" ref="777263595" role=""/>
  <member type="way" ref="508838121" role=""/>
  <member type="way" ref="508838120" role=""/>
  <member type="way" ref="508838119" role=""/>
  <member type="way" ref="317678362" role=""/>
  <member type="way" ref="996326108" role=""/>
  <member type="way" ref="996326109" role=""/>
  <member type="way" ref="996326107" role=""/>
  <member type="way" ref="508838117" role=""/>
  <member type="way" ref="317379631" role=""/>
  <member type="way" ref="508838116" role=""/>
  <member type="way" ref="996326106" role=""/>
  <member type="way" ref="317379634" role=""/>
  <member type="way" ref="713214783" role=""/>
  <member type="way" ref="508838115" role=""/>
  <member type="way" ref="996326104" role=""/>
  <member type="way" ref="996326105" role=""/>
  <member type="way" ref="721029736" role=""/>
  <member type="way" ref="328625209" role=""/>
  <member type="way" ref="721029740" role=""/>
  <member type="way" ref="558479968" role=""/>
  <member type="way" ref="508838114" role=""/>
  <member type="way" ref="995325296" role=""/>
  <member type="way" ref="996326103" role=""/>
  <member type="way" ref="996326102" role=""/>
  <member type="way" ref="328625183" role=""/>
  <member type="way" ref="508838112" role=""/>
  <member type="way" ref="830729038" role=""/>
  <member type="way" ref="830729039" role=""/>
  <member type="way" ref="508838111" role=""/>
  <member type="way" ref="508838113" role=""/>
  <member type="way" ref="152364740" role=""/>
  <member type="way" ref="485447642" role=""/>
  <member type="way" ref="996326101" role=""/>
  <member type="way" ref="152364720" role=""/>
  <member type="way" ref="1239522350" role=""/>
  <member type="way" ref="477006337" role=""/>
  <member type="way" ref="1239522349" role=""/>
  <member type="way" ref="765472350" role=""/>
  <member type="way" ref="328625195" role=""/>
  <member type="way" ref="477006335" role=""/>
  <member type="way" ref="328625198" role=""/>
  <member type="way" ref="996326099" role=""/>
  <member type="way" ref="508612633" role=""/>
  <member type="way" ref="996326098" role=""/>
  <member type="way" ref="996326097" role=""/>
  <member type="way" ref="154097137" role=""/>
  <member type="way" ref="508612631" role=""/>
  <member type="way" ref="31287003" role=""/>
  <member type="way" ref="996326096" role=""/>
  <member type="way" ref="488135984" role=""/>
  <member type="way" ref="996326095" role=""/>
  <member type="way" ref="559514175" role=""/>
  <member type="way" ref="488681516" role=""/>
  <member type="way" ref="37739613" role=""/>
  <member type="way" ref="488681514" role=""/>
  <member type="way" ref="488681517" role=""/>
  <member type="way" ref="559514179" role=""/>
  <member type="way" ref="544218327" role=""/>
  <member type="way" ref="488567177" role=""/>
  <member type="way" ref="488567192" role=""/>
  <member type="way" ref="895047431" role=""/>
  <member type="way" ref="488567193" role=""/>
  <member type="way" ref="326478947" role=""/>
  <member type="way" ref="325323031" role=""/>
  <member type="way" ref="507428418" role=""/>
  <member type="way" ref="507428417" role=""/>
  <member type="way" ref="895047432" role=""/>
  <member type="way" ref="325323035" role=""/>
  <member type="way" ref="507428416" role=""/>
  <member type="way" ref="358905636" role=""/>
  <member type="way" ref="480237857" role=""/>
  <member type="way" ref="508772797" role=""/>
  <member type="way" ref="220292305" role=""/>
  <member type="way" ref="220292088" role=""/>
  <member type="way" ref="1413573700" role=""/>
  <member type="way" ref="1413573699" role=""/>
  <member type="way" ref="220292303" role=""/>
  <member type="way" ref="326635862" role=""/>
  <member type="way" ref="292639357" role=""/>
  <member type="way" ref="477006334" role=""/>
  <member type="way" ref="477006333" role=""/>
  <member type="way" ref="544384017" role=""/>
  <member type="way" ref="292639362" role=""/>
  <member type="way" ref="441863944" role=""/>
  <member type="way" ref="501475558" role=""/>
  <member type="way" ref="220292394" role=""/>
  <member type="way" ref="326635863" role=""/>
  <member type="way" ref="486411931" role=""/>
  <member type="way" ref="330308305" role=""/>
  <member type="way" ref="495332703" role=""/>
  <member type="way" ref="487090319" role=""/>
  <member type="way" ref="330308306" role=""/>
  <member type="way" ref="436489692" role=""/>
  <member type="way" ref="28662326" role=""/>
  <member type="way" ref="169496921" role=""/>
  <member type="way" ref="28798871" role=""/>
  <member type="way" ref="48495265" role=""/>
  <member type="way" ref="48541933" role=""/>
  <member type="way" ref="541939214" role=""/>
  <member type="way" ref="51846901" role=""/>
  <member type="way" ref="487090318" role=""/>
  <member type="way" ref="479978445" role=""/>
  <member type="way" ref="224026131" role=""/>
  <member type="way" ref="51846902" role=""/>
  <member type="way" ref="51846900" role=""/>
  <member type="way" ref="489845664" role=""/>
  <member type="way" ref="996972943" role=""/>
  <member type="way" ref="483123055" role=""/>
  <member type="way" ref="391119429" role=""/>
  <member type="way" ref="51846906" role=""/>
  <member type="way" ref="439437036" role=""/>
  <member type="way" ref="48495315" role=""/>
  <member type="way" ref="52227714" role=""/>
  <member type="way" ref="52227713" role=""/>
  <member type="way" ref="479978444" role=""/>
  <member type="way" ref="487090322" role=""/>
  <member type="way" ref="224026132" role=""/>
  <member type="way" ref="541936861" role=""/>
  <member type="way" ref="901403011" role=""/>
  <member type="way" ref="482572723" role=""/>
  <member type="way" ref="427088713" role=""/>
  <member type="way" ref="48495316" role=""/>
  <member type="way" ref="479978447" role=""/>
  <member type="way" ref="494250579" role=""/>
  <member type="way" ref="494250576" role=""/>
  <tag k="from" v="Rio de Janeiro"/>
  <tag k="name" v="Ônibus 17-0010: Rio de Janeiro → Vitória"/>
  <tag k="network" v="ANTT"/>
  <tag k="network:wikidata" v="Q9592640"/>
  <tag k="network:wikipedia" v="pt:Agência Nacional de Transportes Terrestres"/>
  <tag k="operator" v="Kaissara"/>
  <tag k="public_transport:version" v="2"/>
  <tag k="ref" v="17-0010"/>
  <tag k="route" v="bus"/>
  <tag k="to" v="Vitória"/>
  <tag k="type" v="route"/>
 </relation>
 <relation id="7109096" visible="true" version="4" changeset="146194409" timestamp="2024-01-12T20:20:07Z" user="petropouli" uid="4200031">
  <member type="way" ref="480285659" role=""/>
  <member type="relation" ref="7070021" role=""/>
  <member type="relation" ref="7064939" role=""/>
  <tag k="name" v="Ônibus 17-0010: Vitória → Rio de Janeiro"/>
  <tag k="network" v="ANTT"/>
  <tag k="network:wikidata" v="Q9592640"/>
  <tag k="network:wikipedia" v="pt:Agência Nacional de Transportes Terrestres"/>
  <tag k="operator" v="Kaissara"/>
  <tag k="ref" v="17-0010"/>
  <tag k="route_master" v="bus"/>
  <tag k="type" v="route_master"/>
 </relation>
 <relation id="7109097" visible="true" version="4" changeset="146194409" timestamp="2024-01-12T20:20:07Z" user="petropouli" uid="4200031">
  <member type="way" ref="480285659" role=""/>
  <member type="relation" ref="6299628" role=""/>
  <member type="relation" ref="6307488" role=""/>
  <tag k="name" v="Ônibus 17-0014: Guarapari → Rio de Janeiro"/>
  <tag k="network" v="ANTT"/>
  <tag k="network:wikidata" v="Q9592640"/>
  <tag k="network:wikipedia" v="pt:Agência Nacional de Transportes Terrestres"/>
  <tag k="operator" v="Kaissara"/>
  <tag k="ref" v="17-0014"/>
  <tag k="route_master" v="bus"/>
  <tag k="type" v="route_master"/>
 </relation>
 <relation id="10588599" visible="true" version="62" changeset="173950197" timestamp="2025-10-29T21:57:09Z" user="Sturm br" uid="604619">
  <member type="way" ref="1295607375" role="outer"/>
  <member type="way" ref="427163235" role="outer"/>
  <member type="way" ref="615391863" role="outer"/>
  <member type="way" ref="615390415" role="outer"/>
  <member type="way" ref="615645827" role="outer"/>
  <member type="way" ref="615645828" role="outer"/>
  <member type="way" ref="615645829" role="outer"/>
  <member type="way" ref="615645830" role="outer"/>
  <member type="way" ref="615645831" role="outer"/>
  <member type="way" ref="615645834" role="outer"/>
  <member type="way" ref="615645871" role="outer"/>
  <member type="way" ref="615645869" role="outer"/>
  <member type="way" ref="615645872" role="outer"/>
  <member type="way" ref="615645870" role="outer"/>
  <member type="way" ref="615645875" role="outer"/>
  <member type="way" ref="615390414" role="outer"/>
  <member type="way" ref="184302252" role="outer"/>
  <member type="way" ref="590200845" role="outer"/>
  <member type="way" ref="590200850" role="outer"/>
  <member type="way" ref="590200853" role="outer"/>
  <member type="way" ref="590164797" role="outer"/>
  <member type="way" ref="589709961" role="outer"/>
  <member type="way" ref="589709962" role="outer"/>
  <member type="way" ref="999737040" role="outer"/>
  <member type="way" ref="33182956" role="outer"/>
  <member type="way" ref="33182767" role="outer"/>
  <member type="way" ref="1093377884" role="outer"/>
  <member type="way" ref="589709959" role="outer"/>
  <member type="way" ref="589709960" role="outer"/>
  <member type="way" ref="1092742351" role="outer"/>
  <member type="way" ref="590159680" role="outer"/>
  <member type="way" ref="590159681" role="outer"/>
  <member type="way" ref="589633324" role="outer"/>
  <member type="way" ref="589635785" role="outer"/>
  <member type="way" ref="589639542" role="outer"/>
  <member type="way" ref="589639543" role="outer"/>
  <member type="way" ref="1092754734" role="outer"/>
  <member type="way" ref="589633325" role="outer"/>
  <member type="way" ref="1093171332" role="outer"/>
  <member type="way" ref="590219883" role="outer"/>
  <member type="way" ref="1093171334" role="outer"/>
  <member type="way" ref="590219885" role="outer"/>
  <member type="way" ref="1097515110" role="outer"/>
  <member type="way" ref="1097515119" role="outer"/>
  <member type="way" ref="10938690" role="outer"/>
  <member type="way" ref="1097515126" role="outer"/>
  <member type="way" ref="1097515139" role="outer"/>
  <member type="way" ref="1097515140" role="outer"/>
  <member type="way" ref="1062942248" role="outer"/>
  <member type="way" ref="186450254" role="outer"/>
  <member type="way" ref="288178504" role="outer"/>
  <member type="way" ref="1013915928" role="outer"/>
  <member type="way" ref="288179472" role="outer"/>
  <member type="way" ref="1097130479" role="outer"/>
  <member type="way" ref="1096778062" role="outer"/>
  <member type="way" ref="288179468" role="outer"/>
  <member type="way" ref="288179470" role="outer"/>
  <member type="way" ref="288179469" role="outer"/>
  <member type="way" ref="288223029" role="outer"/>
  <member type="way" ref="288223027" role="outer"/>
  <member type="way" ref="288223024" role="outer"/>
  <member type="way" ref="288647675" role="outer"/>
  <member type="way" ref="1084062782" role="outer"/>
  <member type="way" ref="288179471" role="outer"/>
  <member type="way" ref="10939096" role="outer"/>
  <member type="way" ref="10939205" role="outer"/>
  <member type="way" ref="99309195" role="outer"/>
  <member type="way" ref="99314851" role="outer"/>
  <member type="way" ref="99314849" role="outer"/>
  <member type="way" ref="1092220805" role="outer"/>
  <member type="way" ref="186450385" role="outer"/>
  <member type="way" ref="1013913994" role="outer"/>
  <member type="way" ref="99314850" role="outer"/>
  <member type="way" ref="99314847" role="outer"/>
  <member type="way" ref="1092220803" role="outer"/>
  <member type="way" ref="288749425" role="outer"/>
  <member type="way" ref="1013913701" role="outer"/>
  <member type="way" ref="1013913995" role="outer"/>
  <member type="way" ref="10938503" role="outer"/>
  <member type="way" ref="1013913702" role="outer"/>
  <member type="way" ref="179335849" role="outer"/>
  <member type="way" ref="208938657" role="outer"/>
  <member type="way" ref="278450363" role="outer"/>
  <member type="way" ref="1084122514" role="outer"/>
  <member type="way" ref="34894196" role="outer"/>
  <member type="way" ref="371748849" role="outer"/>
  <member type="way" ref="208938592" role="outer"/>
  <member type="way" ref="371748775" role="outer"/>
  <member type="way" ref="70575037" role="outer"/>
  <member type="way" ref="371748774" role="outer"/>
  <member type="way" ref="1168600416" role="outer"/>
  <member type="way" ref="1168600412" role="outer"/>
  <member type="way" ref="1168600414" role="outer"/>
  <member type="way" ref="1168600413" role="outer"/>
  <member type="way" ref="1168600417" role="outer"/>
  <member type="way" ref="1168600410" role="outer"/>
  <member type="way" ref="1168600411" role="outer"/>
  <member type="way" ref="1168600408" role="outer"/>
  <member type="way" ref="1168600409" role="outer"/>
  <member type="way" ref="1168600419" role="outer"/>
  <member type="way" ref="1168600420" role="outer"/>
  <member type="way" ref="1168600407" role="outer"/>
  <member type="way" ref="1064954354" role="outer"/>
  <member type="way" ref="1168600386" role="outer"/>
  <member type="way" ref="1168600403" role="outer"/>
  <member type="way" ref="1168600402" role="outer"/>
  <member type="way" ref="1168600405" role="outer"/>
  <member type="way" ref="371749002" role="outer"/>
  <member type="way" ref="371749007" role="outer"/>
  <member type="way" ref="371692994" role="outer"/>
  <member type="way" ref="371686897" role="outer"/>
  <member type="way" ref="372935944" role="outer"/>
  <member type="way" ref="371685427" role="outer"/>
  <member type="way" ref="372935939" role="outer"/>
  <member type="way" ref="373162650" role="outer"/>
  <member type="way" ref="150093091" role="outer"/>
  <member type="way" ref="372935960" role="outer"/>
  <member type="way" ref="373162647" role="outer"/>
  <member type="way" ref="371389416" role="outer"/>
  <member type="way" ref="94039523" role="outer"/>
  <member type="way" ref="93788839" role="outer"/>
  <member type="way" ref="93788868" role="outer"/>
  <member type="way" ref="326177870" role="outer"/>
  <member type="way" ref="427478841" role="outer"/>
  <member type="way" ref="427478840" role="outer"/>
  <member type="way" ref="427478833" role="outer"/>
  <member type="way" ref="326177876" role="outer"/>
  <member type="way" ref="93788815" role="outer"/>
  <member type="way" ref="145077173" role="outer"/>
  <member type="way" ref="1000931929" role="outer"/>
  <member type="way" ref="371748984" role="outer"/>
  <member type="way" ref="371413853" role="outer"/>
  <member type="way" ref="1002853349" role="outer"/>
  <member type="way" ref="1000931931" role="outer"/>
  <member type="way" ref="70574890" role="outer"/>
  <member type="way" ref="381600323" role="outer"/>
  <member type="way" ref="381600327" role="outer"/>
  <member type="way" ref="371413852" role="outer"/>
  <member type="way" ref="381625945" role="outer"/>
  <member type="way" ref="381600325" role="outer"/>
  <member type="way" ref="381625935" role="outer"/>
  <member type="way" ref="381639469" role="outer"/>
  <member type="way" ref="381600334" role="outer"/>
  <member type="way" ref="381639478" role="outer"/>
  <member type="way" ref="1002853351" role="outer"/>
  <member type="way" ref="371511361" role="outer"/>
  <member type="way" ref="371512811" role="outer"/>
  <member type="way" ref="1002853352" role="outer"/>
  <member type="way" ref="70574425" role="outer"/>
  <member type="way" ref="371656015" role="outer"/>
  <member type="way" ref="1002853354" role="outer"/>
  <member type="way" ref="1002853355" role="outer"/>
  <member type="way" ref="153680642" role="outer"/>
  <member type="way" ref="372177036" role="outer"/>
  <member type="way" ref="387231942" role="outer"/>
  <member type="way" ref="1009202362" role="outer"/>
  <member type="way" ref="371644215" role="outer"/>
  <member type="way" ref="1009202361" role="outer"/>
  <member type="way" ref="1002853357" role="outer"/>
  <member type="way" ref="372177034" role="outer"/>
  <member type="way" ref="372177035" role="outer"/>
  <member type="way" ref="1007445577" role="outer"/>
  <member type="way" ref="962414398" role="outer"/>
  <member type="way" ref="372177037" role="outer"/>
  <member type="way" ref="1007445578" role="outer"/>
  <member type="way" ref="1007188075" role="outer"/>
  <member type="way" ref="372177038" role="outer"/>
  <member type="way" ref="1007188067" role="outer"/>
  <member type="way" ref="371445455" role="outer"/>
  <member type="way" ref="1007188069" role="outer"/>
  <member type="way" ref="372500668" role="outer"/>
  <member type="way" ref="372500679" role="outer"/>
  <member type="way" ref="372500685" role="outer"/>
  <member type="way" ref="372500636" role="outer"/>
  <member type="way" ref="1007188071" role="outer"/>
  <member type="way" ref="372500625" role="outer"/>
  <member type="way" ref="372500718" role="outer"/>
  <member type="way" ref="372500670" role="outer"/>
  <member type="way" ref="372500644" role="outer"/>
  <member type="way" ref="372500682" role="outer"/>
  <member type="way" ref="372500613" role="outer"/>
  <member type="way" ref="372500648" role="outer"/>
  <member type="way" ref="371445456" role="outer"/>
  <member type="way" ref="1007188074" role="outer"/>
  <member type="way" ref="372500655" role="outer"/>
  <member type="way" ref="372500638" role="outer"/>
  <member type="way" ref="70574527" role="outer"/>
  <member type="way" ref="74851537" role="outer"/>
  <member type="way" ref="200736124" role="outer"/>
  <member type="way" ref="70463740" role="outer"/>
  <member type="way" ref="34895061" role="outer"/>
  <member type="way" ref="443857146" role="outer"/>
  <member type="way" ref="1096357614" role="outer"/>
  <member type="way" ref="1007169148" role="outer"/>
  <member type="way" ref="443857095" role="outer"/>
  <member type="way" ref="30638154" role="outer"/>
  <member type="way" ref="372500629" role="outer"/>
  <member type="way" ref="200736126" role="outer"/>
  <member type="way" ref="200736128" role="outer"/>
  <member type="way" ref="372500639" role="outer"/>
  <member type="way" ref="186862065" role="outer"/>
  <member type="way" ref="747925964" role="outer"/>
  <member type="way" ref="747925967" role="outer"/>
  <member type="way" ref="747772278" role="outer"/>
  <member type="way" ref="747772277" role="outer"/>
  <member type="way" ref="747772276" role="outer"/>
  <member type="way" ref="164581035" role="outer"/>
  <member type="way" ref="747772274" role="outer"/>
  <member type="way" ref="747772273" role="outer"/>
  <member type="way" ref="747772285" role="outer"/>
  <member type="way" ref="371475175" role="outer"/>
  <member type="way" ref="747772282" role="outer"/>
  <member type="way" ref="747772284" role="outer"/>
  <member type="way" ref="747772287" role="outer"/>
  <member type="way" ref="747772289" role="outer"/>
  <member type="way" ref="747772291" role="outer"/>
  <member type="way" ref="747772290" role="outer"/>
  <member type="way" ref="371442567" role="outer"/>
  <member type="way" ref="747772296" role="outer"/>
  <member type="way" ref="747772297" role="outer"/>
  <member type="way" ref="747772300" role="outer"/>
  <member type="way" ref="747772305" role="outer"/>
  <member type="way" ref="747772326" role="outer"/>
  <member type="way" ref="747772325" role="outer"/>
  <member type="way" ref="371442573" role="outer"/>
  <member type="way" ref="747772311" role="outer"/>
  <member type="way" ref="747772322" role="outer"/>
  <member type="way" ref="747772333" role="outer"/>
  <member type="way" ref="747772327" role="outer"/>
  <member type="way" ref="747772340" role="outer"/>
  <member type="way" ref="371442566" role="outer"/>
  <member type="way" ref="747772341" role="outer"/>
  <member type="way" ref="179332400" role="outer"/>
  <member type="way" ref="747772342" role="outer"/>
  <member type="way" ref="747772350" role="outer"/>
  <member type="way" ref="747772362" role="outer"/>
  <member type="way" ref="747772363" role="outer"/>
  <member type="way" ref="747772352" role="outer"/>
  <member type="way" ref="426800043" role="outer"/>
  <member type="way" ref="747772357" role="outer"/>
  <member type="way" ref="747772358" role="outer"/>
  <member type="way" ref="826000180" role="outer"/>
  <member type="way" ref="747772371" role="outer"/>
  <member type="way" ref="10939509" role="outer"/>
  <member type="way" ref="812691198" role="outer"/>
  <member type="way" ref="812691201" role="outer"/>
  <member type="way" ref="747772369" role="outer"/>
  <member type="way" ref="812670893" role="outer"/>
  <member type="way" ref="812670908" role="outer"/>
  <member type="way" ref="812670879" role="outer"/>
  <member type="way" ref="812670891" role="outer"/>
  <member type="way" ref="747727912" role="outer"/>
  <member type="way" ref="827914352" role="outer"/>
  <member type="way" ref="1007169132" role="outer"/>
  <member type="way" ref="30638818" role="outer"/>
  <member type="way" ref="1096357624" role="outer"/>
  <member type="way" ref="30637937" role="outer"/>
  <member type="way" ref="1096432970" role="outer"/>
  <member type="way" ref="30638777" role="outer"/>
  <member type="way" ref="827914358" role="outer"/>
  <member type="way" ref="30639165" role="outer"/>
  <member type="way" ref="1096125809" role="outer"/>
  <member type="way" ref="1359177746" role="outer"/>
  <member type="way" ref="1359177747" role="outer"/>
  <member type="way" ref="30639129" role="outer"/>
  <member type="way" ref="827914367" role="outer"/>
  <member type="way" ref="30638133" role="outer"/>
  <member type="way" ref="30638913" role="outer"/>
  <member type="way" ref="1095773015" role="outer"/>
  <member type="way" ref="30638023" role="outer"/>
  <member type="way" ref="827954087" role="outer"/>
  <member type="way" ref="30638479" role="outer"/>
  <member type="way" ref="827954075" role="outer"/>
  <member type="way" ref="827954045" role="outer"/>
  <member type="way" ref="1084244694" role="outer"/>
  <member type="way" ref="1084244695" role="outer"/>
  <member type="way" ref="30639176" role="outer"/>
  <member type="way" ref="1084323842" role="outer"/>
  <member type="way" ref="30638037" role="outer"/>
  <member type="way" ref="30638846" role="outer"/>
  <member type="way" ref="30638631" role="outer"/>
  <member type="way" ref="30638155" role="outer"/>
  <member type="way" ref="30638005" role="outer"/>
  <member type="way" ref="30638026" role="outer"/>
  <member type="way" ref="30638235" role="outer"/>
  <member type="way" ref="30638753" role="outer"/>
  <member type="way" ref="30638786" role="outer"/>
  <member type="way" ref="30638661" role="outer"/>
  <member type="way" ref="30639189" role="outer"/>
  <member type="way" ref="30639224" role="outer"/>
  <member type="way" ref="30639087" role="outer"/>
  <member type="way" ref="30637859" role="outer"/>
  <member type="way" ref="30637951" role="outer"/>
  <member type="way" ref="30639047" role="outer"/>
  <member type="way" ref="30639024" role="outer"/>
  <member type="way" ref="30639002" role="outer"/>
  <member type="way" ref="1084033368" role="outer"/>
  <member type="way" ref="30639234" role="outer"/>
  <member type="way" ref="30639146" role="outer"/>
  <member type="way" ref="30639169" role="outer"/>
  <member type="way" ref="30639053" role="outer"/>
  <member type="way" ref="30639080" role="outer"/>
  <member type="way" ref="30638910" role="outer"/>
  <member type="way" ref="30638900" role="outer"/>
  <member type="way" ref="30639237" role="outer"/>
  <member type="way" ref="30639126" role="outer"/>
  <member type="way" ref="30638856" role="outer"/>
  <member type="way" ref="30638807" role="outer"/>
  <member type="way" ref="30637930" role="outer"/>
  <member type="way" ref="1085714868" role="outer"/>
  <member type="way" ref="30637933" role="outer"/>
  <member type="way" ref="30637976" role="outer"/>
  <member type="way" ref="30638290" role="outer"/>
  <member type="way" ref="814750652" role="outer"/>
  <member type="way" ref="30637873" role="outer"/>
  <member type="way" ref="30639133" role="outer"/>
  <member type="way" ref="1085720515" role="outer"/>
  <member type="way" ref="30638568" role="outer"/>
  <member type="way" ref="30638687" role="outer"/>
  <member type="way" ref="30638656" role="outer"/>
  <member type="way" ref="30639015" role="outer"/>
  <member type="way" ref="30638353" role="outer"/>
  <member type="way" ref="30638351" role="outer"/>
  <member type="way" ref="30638262" role="outer"/>
  <member type="way" ref="30638084" role="outer"/>
  <member type="way" ref="30638890" role="outer"/>
  <member type="way" ref="30638896" role="outer"/>
  <member type="way" ref="30639181" role="outer"/>
  <member type="way" ref="30638964" role="outer"/>
  <member type="way" ref="30639180" role="outer"/>
  <member type="way" ref="30639213" role="outer"/>
  <member type="way" ref="30638919" role="outer"/>
  <member type="way" ref="30638973" role="outer"/>
  <member type="way" ref="30638387" role="outer"/>
  <member type="way" ref="30639005" role="outer"/>
  <member type="way" ref="30639184" role="outer"/>
  <member type="way" ref="30638909" role="outer"/>
  <member type="way" ref="1084904567" role="outer"/>
  <member type="way" ref="30637946" role="outer"/>
  <member type="way" ref="30638963" role="outer"/>
  <member type="way" ref="30639201" role="outer"/>
  <member type="way" ref="30639137" role="outer"/>
  <member type="way" ref="30638415" role="outer"/>
  <member type="way" ref="30637993" role="outer"/>
  <member type="way" ref="30639202" role="outer"/>
  <member type="way" ref="30638893" role="outer"/>
  <member type="way" ref="30638956" role="outer"/>
  <member type="way" ref="30639209" role="outer"/>
  <member type="way" ref="30638912" role="outer"/>
  <member type="way" ref="30639216" role="outer"/>
  <member type="way" ref="30639229" role="outer"/>
  <member type="way" ref="863849219" role="outer"/>
  <member type="way" ref="1089891494" role="outer"/>
  <member type="way" ref="1089891493" role="outer"/>
  <member type="way" ref="30638853" role="outer"/>
  <member type="way" ref="30637934" role="outer"/>
  <member type="way" ref="30142656" role="outer"/>
  <member type="way" ref="1092226739" role="outer"/>
  <member type="way" ref="1092222360" role="outer"/>
  <member type="way" ref="166478645" role="outer"/>
  <member type="way" ref="617280031" role="outer"/>
  <member type="way" ref="617280028" role="outer"/>
  <member type="way" ref="615597010" role="outer"/>
  <member type="way" ref="617280029" role="outer"/>
  <member type="way" ref="1085475641" role="outer"/>
  <member type="way" ref="270048409" role="outer"/>
  <member type="way" ref="615645823" role="outer"/>
  <member type="way" ref="1062968683" role="outer"/>
  <member type="way" ref="1062968682" role="outer"/>
  <member type="way" ref="1062968681" role="outer"/>
  <member type="way" ref="70856180" role="outer"/>
  <member type="way" ref="70856243" role="outer"/>
  <member type="way" ref="70856178" role="outer"/>
  <member type="way" ref="70856225" role="outer"/>
  <member type="way" ref="70856272" role="outer"/>
  <member type="way" ref="1062942251" role="outer"/>
  <member type="way" ref="1062942252" role="outer"/>
  <member type="way" ref="1062942254" role="outer"/>
  <member type="way" ref="1062942255" role="outer"/>
  <member type="way" ref="1326478631" role="inner"/>
  <member type="way" ref="28824255" role="outer"/>
  <member type="way" ref="64374496" role="outer"/>
  <member type="way" ref="64375294" role="outer"/>
  <member type="way" ref="64375300" role="outer"/>
  <member type="way" ref="70601788" role="outer"/>
  <member type="way" ref="70601801" role="outer"/>
  <member type="way" ref="70601825" role="outer"/>
  <member type="way" ref="10937169" role="outer"/>
  <member type="way" ref="10936904" role="outer"/>
  <member type="way" ref="10937057" role="outer"/>
  <member type="way" ref="10937008" role="outer"/>
  <member type="way" ref="141316890" role="outer"/>
  <member type="way" ref="141316889" role="outer"/>
  <member type="way" ref="487910008" role="outer"/>
  <member type="way" ref="487910454" role="outer"/>
  <member type="way" ref="10938699" role="outer"/>
  <member type="way" ref="10938512" role="outer"/>
  <member type="way" ref="10938554" role="outer"/>
  <member type="way" ref="10939128" role="outer"/>
  <member type="way" ref="10938411" role="outer"/>
  <member type="way" ref="10938594" role="outer"/>
  <member type="way" ref="10938545" role="outer"/>
  <member type="way" ref="10939385" role="outer"/>
  <member type="way" ref="10938396" role="outer"/>
  <member type="way" ref="200733045" role="outer"/>
  <member type="way" ref="1007169134" role="outer"/>
  <member type="way" ref="1007169135" role="outer"/>
  <member type="way" ref="200733043" role="outer"/>
  <member type="way" ref="70601713" role="outer"/>
  <member type="way" ref="70601813" role="outer"/>
  <member type="way" ref="70601716" role="outer"/>
  <member type="way" ref="70601823" role="outer"/>
  <member type="way" ref="70601828" role="outer"/>
  <member type="way" ref="70601725" role="outer"/>
  <member type="way" ref="70601796" role="outer"/>
  <member type="way" ref="70601822" role="outer"/>
  <member type="way" ref="70601779" role="outer"/>
  <member type="way" ref="70601833" role="outer"/>
  <member type="way" ref="70601721" role="outer"/>
  <member type="way" ref="70601826" role="outer"/>
  <member type="way" ref="70601799" role="outer"/>
  <member type="way" ref="70601793" role="outer"/>
  <member type="way" ref="70601737" role="outer"/>
  <member type="way" ref="70601783" role="outer"/>
  <member type="way" ref="70601821" role="outer"/>
  <member type="way" ref="70601839" role="outer"/>
  <member type="way" ref="70601753" role="outer"/>
  <member type="way" ref="70601811" role="outer"/>
  <member type="way" ref="70601708" role="outer"/>
  <member type="way" ref="371660203" role="outer"/>
  <member type="way" ref="70601781" role="outer"/>
  <member type="way" ref="70601730" role="outer"/>
  <member type="way" ref="70601806" role="outer"/>
  <member type="way" ref="70601829" role="outer"/>
  <member type="way" ref="70601771" role="outer"/>
  <member type="way" ref="70601827" role="outer"/>
  <member type="way" ref="70601798" role="outer"/>
  <member type="way" ref="70601832" role="outer"/>
  <member type="way" ref="70601800" role="outer"/>
  <member type="way" ref="70601773" role="outer"/>
  <member type="way" ref="70601807" role="outer"/>
  <member type="way" ref="10938855" role="outer"/>
  <member type="way" ref="225364278" role="outer"/>
  <member type="way" ref="10939124" role="outer"/>
  <member type="way" ref="70601830" role="outer"/>
  <member type="way" ref="70601812" role="outer"/>
  <member type="way" ref="238914716" role="outer"/>
  <member type="way" ref="238914725" role="outer"/>
  <member type="way" ref="70656320" role="outer"/>
  <member type="way" ref="70656319" role="outer"/>
  <member type="way" ref="371960501" role="outer"/>
  <member type="way" ref="371960502" role="outer"/>
  <member type="way" ref="371670271" role="outer"/>
  <member type="way" ref="371670266" role="outer"/>
  <member type="way" ref="371670275" role="outer"/>
  <member type="way" ref="371670273" role="outer"/>
  <member type="way" ref="371670269" role="outer"/>
  <member type="way" ref="371670263" role="outer"/>
  <member type="way" ref="371670259" role="outer"/>
  <member type="way" ref="371670261" role="outer"/>
  <member type="way" ref="371670260" role="outer"/>
  <member type="way" ref="371670262" role="outer"/>
  <member type="way" ref="371670253" role="outer"/>
  <member type="way" ref="371670281" role="outer"/>
  <member type="way" ref="371670257" role="outer"/>
  <member type="way" ref="385502410" role="outer"/>
  <member type="way" ref="385502409" role="outer"/>
  <member type="way" ref="371670250" role="outer"/>
  <member type="way" ref="252992140" role="outer"/>
  <member type="way" ref="70656318" role="outer"/>
  <member type="way" ref="70856234" role="outer"/>
  <member type="way" ref="70856259" role="outer"/>
  <member type="way" ref="70856256" role="outer"/>
  <member type="way" ref="70856249" role="outer"/>
  <member type="way" ref="70856185" role="outer"/>
  <member type="way" ref="70856196" role="outer"/>
  <member type="way" ref="70856257" role="outer"/>
  <member type="way" ref="70856221" role="outer"/>
  <member type="way" ref="70856211" role="outer"/>
  <member type="way" ref="70856245" role="outer"/>
  <member type="way" ref="70856252" role="outer"/>
  <member type="way" ref="70856187" role="outer"/>
  <member type="way" ref="10938433" role="outer"/>
  <member type="way" ref="70856238" role="outer"/>
  <member type="way" ref="70856176" role="outer"/>
  <member type="way" ref="70856248" role="outer"/>
  <member type="way" ref="70856189" role="outer"/>
  <member type="way" ref="70856254" role="outer"/>
  <member type="way" ref="70856242" role="outer"/>
  <member type="way" ref="70856182" role="outer"/>
  <member type="way" ref="10939147" role="outer"/>
  <member type="way" ref="10938462" role="outer"/>
  <member type="way" ref="10939470" role="outer"/>
  <member type="way" ref="10938791" role="outer"/>
  <member type="way" ref="33762394" role="outer"/>
  <member type="way" ref="10939358" role="outer"/>
  <member type="way" ref="10938595" role="outer"/>
  <member type="way" ref="70856274" role="outer"/>
  <member type="way" ref="70856251" role="outer"/>
  <member type="way" ref="70856270" role="outer"/>
  <member type="way" ref="70856206" role="outer"/>
  <member type="way" ref="70856293" role="outer"/>
  <member type="way" ref="238912077" role="outer"/>
  <member type="way" ref="70856235" role="outer"/>
  <member type="way" ref="238912058" role="outer"/>
  <member type="way" ref="70856240" role="outer"/>
  <member type="way" ref="238912099" role="outer"/>
  <member type="way" ref="1023507230" role="outer"/>
  <member type="way" ref="1023507209" role="outer"/>
  <member type="way" ref="1023507208" role="outer"/>
  <member type="way" ref="211145440" role="outer"/>
  <member type="way" ref="1023507220" role="outer"/>
  <member type="way" ref="1023507222" role="outer"/>
  <member type="way" ref="1023507226" role="outer"/>
  <member type="way" ref="1023507225" role="outer"/>
  <member type="way" ref="1023507227" role="outer"/>
  <member type="way" ref="1023507228" role="outer"/>
  <member type="way" ref="1023507231" role="outer"/>
  <member type="way" ref="1023507233" role="outer"/>
  <member type="way" ref="70856264" role="outer"/>
  <member type="way" ref="70856177" role="outer"/>
  <member type="way" ref="70856175" role="outer"/>
  <member type="way" ref="33762324" role="outer"/>
  <member type="way" ref="70856255" role="outer"/>
  <member type="way" ref="70856217" role="outer"/>
  <member type="way" ref="70856253" role="outer"/>
  <member type="way" ref="70856241" role="outer"/>
  <member type="way" ref="70856224" role="outer"/>
  <member type="way" ref="70856195" role="outer"/>
  <member type="way" ref="70856184" role="outer"/>
  <member type="way" ref="70856237" role="outer"/>
  <member type="way" ref="70856290" role="outer"/>
  <member type="way" ref="70856190" role="outer"/>
  <member type="way" ref="10939561" role="outer"/>
  <member type="way" ref="29176419" role="outer"/>
  <member type="way" ref="29176420" role="outer"/>
  <member type="way" ref="10939346" role="outer"/>
  <member type="way" ref="29177280" role="outer"/>
  <member type="way" ref="184291452" role="outer"/>
  <member type="node" ref="34582422" role="admin_centre"/>
  <tag k="admin_level" v="6"/>
  <tag k="alt_name" v="Grande Rio"/>
  <tag k="boundary" v="administrative"/>
  <tag k="name" v="Região Metropolitana do Rio de Janeiro"/>
  <tag k="short_name" v="RMRJ"/>
  <tag k="type" v="boundary"/>
  <tag k="wikidata" v="Q2720540"/>
  <tag k="wikipedia" v="pt:Região Metropolitana do Rio de Janeiro"/>
 </relation>
 <relation id="10903564" visible="true" version="100" changeset="165861510" timestamp="2025-05-05T19:19:38Z" user="ProjetoMapeia" uid="11455881">
  <member type="way" ref="78457088" role=""/>
  <member type="way" ref="78471225" role=""/>
  <member type="way" ref="790248908" role=""/>
  <member type="way" ref="95193313" role=""/>
  <member type="way" ref="1220470237" role=""/>
  <member type="way" ref="870745196" role=""/>
  <member type="way" ref="95193289" role=""/>
  <member type="way" ref="95247494" role=""/>
  <member type="way" ref="78457087" role=""/>
  <member type="way" ref="903049039" role=""/>
  <member type="way" ref="903049038" role=""/>
  <member type="way" ref="903049040" role=""/>
  <member type="way" ref="1133915851" role=""/>
  <member type="way" ref="1133915852" role=""/>
  <member type="way" ref="1133915853" role=""/>
  <member type="way" ref="1136809990" role=""/>
  <member type="way" ref="1133951951" role=""/>
  <member type="way" ref="1136809994" role=""/>
  <member type="way" ref="739475732" role=""/>
  <member type="way" ref="1136809991" role=""/>
  <member type="way" ref="1136809992" role=""/>
  <member type="way" ref="1136809993" role=""/>
  <member type="way" ref="1136809995" role=""/>
  <member type="way" ref="1136809996" role=""/>
  <member type="way" ref="739475731" role=""/>
  <member type="way" ref="1133487335" role=""/>
  <member type="way" ref="1133487328" role=""/>
  <member type="way" ref="1133487329" role=""/>
  <member type="way" ref="1133487334" role=""/>
  <member type="way" ref="1133487333" role=""/>
  <member type="way" ref="1133487332" role=""/>
  <member type="way" ref="1133487331" role=""/>
  <member type="way" ref="1133487330" role=""/>
  <member type="way" ref="1135485604" role=""/>
  <member type="way" ref="739475716" role=""/>
  <member type="way" ref="739475715" role=""/>
  <member type="way" ref="239694562" role=""/>
  <member type="way" ref="1135789896" role=""/>
  <member type="way" ref="249420254" role=""/>
  <member type="way" ref="594627414" role=""/>
  <member type="way" ref="606403884" role=""/>
  <member type="way" ref="744414224" role=""/>
  <member type="way" ref="843929351" role=""/>
  <member type="way" ref="744414221" role=""/>
  <member type="way" ref="843929354" role=""/>
  <member type="way" ref="1135789899" role=""/>
  <member type="way" ref="1135789898" role=""/>
  <member type="way" ref="907752448" role=""/>
  <member type="way" ref="1133480484" role=""/>
  <member type="way" ref="1133480483" role=""/>
  <member type="way" ref="1133480481" role=""/>
  <member type="way" ref="1133480482" role=""/>
  <member type="way" ref="1133480485" role=""/>
  <member type="way" ref="1133480480" role=""/>
  <member type="way" ref="1135789901" role=""/>
  <member type="way" ref="1135789900" role=""/>
  <member type="way" ref="249420256" role=""/>
  <member type="way" ref="1025572353" role=""/>
  <member type="way" ref="1135789902" role=""/>
  <member type="way" ref="249420253" role=""/>
  <member type="way" ref="1025572354" role=""/>
  <member type="way" ref="476187398" role=""/>
  <member type="way" ref="1223209869" role=""/>
  <member type="way" ref="1223209870" role=""/>
  <member type="way" ref="476187397" role=""/>
  <member type="way" ref="1223209871" role=""/>
  <member type="way" ref="1223209872" role=""/>
  <member type="way" ref="1223209873" role=""/>
  <member type="way" ref="249420255" role=""/>
  <member type="way" ref="784539600" role=""/>
  <member type="way" ref="249420302" role=""/>
  <member type="way" ref="249420278" role=""/>
  <member type="way" ref="784539606" role=""/>
  <member type="way" ref="784539607" role=""/>
  <member type="way" ref="784539607" role=""/>
  <member type="way" ref="784539603" role=""/>
  <member type="way" ref="784539608" role=""/>
  <member type="way" ref="784539598" role=""/>
  <member type="way" ref="249420259" role=""/>
  <member type="way" ref="1140651161" role=""/>
  <member type="way" ref="1140651162" role=""/>
  <member type="way" ref="1140651160" role=""/>
  <member type="way" ref="999214563" role=""/>
  <member type="way" ref="1135775326" role=""/>
  <member type="way" ref="999214562" role=""/>
  <member type="way" ref="1230935487" role=""/>
  <member type="way" ref="383614161" role=""/>
  <member type="way" ref="1133535415" role=""/>
  <member type="way" ref="1133535414" role=""/>
  <member type="way" ref="1135775327" role=""/>
  <member type="way" ref="227344440" role=""/>
  <member type="way" ref="790244213" role=""/>
  <member type="way" ref="662620519" role=""/>
  <member type="way" ref="790244212" role=""/>
  <member type="way" ref="303964772" role=""/>
  <member type="way" ref="303964771" role=""/>
  <member type="way" ref="617474576" role=""/>
  <member type="way" ref="832209209" role=""/>
  <member type="way" ref="832209210" role=""/>
  <member type="way" ref="617474575" role=""/>
  <member type="way" ref="617474574" role=""/>
  <member type="way" ref="1149978979" role=""/>
  <member type="way" ref="617474573" role=""/>
  <member type="way" ref="1312793072" role=""/>
  <member type="way" ref="78457081" role=""/>
  <member type="way" ref="30595637" role=""/>
  <member type="way" ref="714970625" role=""/>
  <member type="way" ref="1217849581" role=""/>
  <member type="way" ref="714970619" role=""/>
  <member type="way" ref="714970620" role=""/>
  <member type="way" ref="788777752" role=""/>
  <member type="way" ref="788777753" role=""/>
  <member type="way" ref="1025572355" role=""/>
  <member type="way" ref="838326038" role=""/>
  <member type="way" ref="1074504294" role=""/>
  <member type="way" ref="788777754" role=""/>
  <member type="way" ref="788777755" role=""/>
  <member type="way" ref="685943482" role=""/>
  <member type="way" ref="1217849582" role=""/>
  <member type="way" ref="1217849583" role=""/>
  <member type="way" ref="685943486" role=""/>
  <member type="way" ref="557588578" role=""/>
  <member type="way" ref="1217849588" role=""/>
  <member type="way" ref="525257443" role=""/>
  <member type="way" ref="1217849584" role=""/>
  <member type="way" ref="1217849585" role=""/>
  <member type="way" ref="903069505" role=""/>
  <member type="way" ref="525257442" role=""/>
  <member type="way" ref="903069513" role=""/>
  <member type="way" ref="903069514" role=""/>
  <member type="way" ref="903069511" role=""/>
  <member type="way" ref="1217849587" role=""/>
  <member type="way" ref="1217849586" role=""/>
  <member type="way" ref="1025572358" role=""/>
  <member type="way" ref="30595175" role=""/>
  <member type="way" ref="30595173" role=""/>
  <member type="way" ref="1063664452" role=""/>
  <member type="way" ref="594656902" role=""/>
  <member type="way" ref="1025572359" role=""/>
  <member type="way" ref="1338908816" role=""/>
  <member type="way" ref="1025572359" role=""/>
  <member type="way" ref="1338908816" role=""/>
  <member type="way" ref="744413476" role=""/>
  <member type="way" ref="1025572360" role=""/>
  <member type="way" ref="1025572360" role=""/>
  <member type="way" ref="1242333912" role=""/>
  <member type="way" ref="1338908817" role=""/>
  <member type="way" ref="1242333910" role=""/>
  <member type="way" ref="1242333911" role=""/>
  <member type="way" ref="172085094" role=""/>
  <member type="way" ref="172085093" role=""/>
  <member type="way" ref="959198647" role=""/>
  <member type="way" ref="172084088" role=""/>
  <member type="way" ref="390654377" role=""/>
  <member type="way" ref="30595174" role=""/>
  <member type="way" ref="1133132458" role=""/>
  <member type="way" ref="208807778" role=""/>
  <member type="way" ref="976104114" role=""/>
  <member type="way" ref="784539595" role=""/>
  <member type="way" ref="16226092" role=""/>
  <member type="way" ref="172084085" role=""/>
  <member type="way" ref="1136542679" role=""/>
  <member type="way" ref="172085818" role=""/>
  <member type="way" ref="172085820" role=""/>
  <member type="way" ref="1018870162" role=""/>
  <member type="way" ref="55799175" role=""/>
  <member type="way" ref="55799167" role=""/>
  <member type="way" ref="172085817" role=""/>
  <member type="way" ref="172085833" role=""/>
  <member type="way" ref="172085831" role=""/>
  <member type="way" ref="172085834" role=""/>
  <member type="way" ref="1018870161" role=""/>
  <member type="way" ref="172085825" role=""/>
  <member type="way" ref="954681576" role=""/>
  <member type="way" ref="954681575" role=""/>
  <member type="way" ref="172085830" role=""/>
  <member type="way" ref="1018870160" role=""/>
  <member type="way" ref="172085828" role=""/>
  <member type="way" ref="1018870156" role=""/>
  <member type="way" ref="29179108" role=""/>
  <member type="way" ref="366053079" role=""/>
  <member type="way" ref="172086340" role=""/>
  <member type="way" ref="330231810" role=""/>
  <member type="way" ref="330231795" role=""/>
  <member type="way" ref="330231816" role=""/>
  <member type="way" ref="330231815" role=""/>
  <member type="way" ref="330231818" role=""/>
  <member type="way" ref="330231819" role=""/>
  <member type="way" ref="394233286" role=""/>
  <member type="way" ref="866308504" role=""/>
  <member type="way" ref="16716097" role=""/>
  <member type="way" ref="386915744" role=""/>
  <member type="way" ref="172088134" role=""/>
  <member type="way" ref="1095209735" role=""/>
  <member type="way" ref="79734195" role=""/>
  <member type="way" ref="1095209734" role=""/>
  <member type="way" ref="595160579" role=""/>
  <member type="way" ref="742680126" role=""/>
  <member type="way" ref="742680131" role=""/>
  <member type="way" ref="172088411" role=""/>
  <member type="way" ref="1090320573" role=""/>
  <member type="way" ref="1006238408" role=""/>
  <member type="way" ref="172088556" role=""/>
  <member type="way" ref="172088554" role=""/>
  <member type="way" ref="75419662" role=""/>
  <member type="way" ref="75419665" role=""/>
  <member type="way" ref="79735616" role=""/>
  <member type="way" ref="79735615" role=""/>
  <member type="way" ref="593533716" role=""/>
  <member type="way" ref="593533717" role=""/>
  <member type="way" ref="206868468" role=""/>
  <member type="way" ref="593533722" role=""/>
  <member type="way" ref="593533721" role=""/>
  <member type="way" ref="206868467" role=""/>
  <member type="way" ref="33126676" role=""/>
  <member type="way" ref="29179801" role=""/>
  <member type="way" ref="172088887" role=""/>
  <member type="way" ref="172088884" role=""/>
  <member type="way" ref="172089007" role=""/>
  <member type="way" ref="172089009" role=""/>
  <member type="way" ref="72007533" role=""/>
  <member type="way" ref="72007534" role=""/>
  <member type="way" ref="172089949" role=""/>
  <member type="way" ref="172089951" role=""/>
  <member type="way" ref="38560553" role=""/>
  <member type="way" ref="38560554" role=""/>
  <member type="way" ref="38560576" role=""/>
  <member type="way" ref="38560580" role=""/>
  <member type="way" ref="46206965" role=""/>
  <member type="way" ref="46206964" role=""/>
  <member type="way" ref="46206737" role=""/>
  <member type="way" ref="46206736" role=""/>
  <member type="way" ref="46205686" role=""/>
  <member type="way" ref="46205595" role=""/>
  <member type="way" ref="46205602" role=""/>
  <member type="way" ref="46205604" role=""/>
  <member type="way" ref="172090197" role=""/>
  <member type="way" ref="172090198" role=""/>
  <member type="way" ref="103428643" role=""/>
  <member type="way" ref="103428642" role=""/>
  <member type="way" ref="172091106" role=""/>
  <member type="way" ref="172091099" role=""/>
  <member type="way" ref="187152695" role=""/>
  <member type="way" ref="187152698" role=""/>
  <member type="way" ref="997035030" role=""/>
  <member type="way" ref="603162862" role=""/>
  <member type="way" ref="437968991" role=""/>
  <member type="way" ref="29179048" role=""/>
  <member type="way" ref="958239584" role=""/>
  <member type="way" ref="172091103" role=""/>
  <member type="way" ref="172091104" role=""/>
  <member type="way" ref="172091101" role=""/>
  <member type="way" ref="172091105" role=""/>
  <member type="way" ref="16137613" role=""/>
  <member type="way" ref="277307241" role=""/>
  <member type="way" ref="871216176" role=""/>
  <member type="way" ref="871216175" role=""/>
  <member type="way" ref="871216183" role=""/>
  <member type="way" ref="871216184" role=""/>
  <member type="way" ref="16141549" role=""/>
  <member type="way" ref="515096650" role=""/>
  <member type="way" ref="423858330" role=""/>
  <member type="way" ref="277305005" role=""/>
  <member type="way" ref="423858338" role=""/>
  <member type="way" ref="1071381386" role=""/>
  <member type="way" ref="520140647" role=""/>
  <member type="way" ref="1071381387" role=""/>
  <member type="way" ref="1071381385" role=""/>
  <member type="way" ref="859891314" role=""/>
  <member type="way" ref="78453967" role=""/>
  <member type="way" ref="29143803" role=""/>
  <member type="way" ref="259221587" role=""/>
  <member type="way" ref="423858398" role=""/>
  <member type="way" ref="29143932" role=""/>
  <member type="way" ref="469513274" role=""/>
  <member type="way" ref="33888623" role=""/>
  <member type="way" ref="950127577" role=""/>
  <member type="way" ref="950127576" role=""/>
  <member type="way" ref="78453972" role=""/>
  <member type="way" ref="979913402" role=""/>
  <member type="way" ref="950112132" role=""/>
  <member type="way" ref="950112131" role=""/>
  <member type="way" ref="452472258" role=""/>
  <member type="way" ref="979913404" role=""/>
  <member type="way" ref="979913403" role=""/>
  <member type="way" ref="525427948" role=""/>
  <member type="way" ref="834649062" role=""/>
  <member type="way" ref="979913405" role=""/>
  <member type="way" ref="871216191" role=""/>
  <member type="way" ref="950198745" role=""/>
  <member type="way" ref="950198744" role=""/>
  <member type="way" ref="871216192" role=""/>
  <member type="way" ref="16140308" role=""/>
  <member type="way" ref="871216188" role=""/>
  <member type="way" ref="871216187" role=""/>
  <member type="way" ref="784357985" role=""/>
  <member type="way" ref="871216181" role=""/>
  <member type="way" ref="16141448" role=""/>
  <member type="way" ref="980647756" role=""/>
  <member type="way" ref="1113655743" role=""/>
  <member type="way" ref="1063402799" role=""/>
  <member type="way" ref="190391009" role=""/>
  <member type="way" ref="428564381" role=""/>
  <member type="way" ref="520152670" role=""/>
  <member type="way" ref="859909204" role=""/>
  <member type="way" ref="859909205" role=""/>
  <member type="way" ref="859909203" role=""/>
  <member type="way" ref="16141737" role=""/>
  <member type="way" ref="520152671" role=""/>
  <member type="way" ref="190391013" role=""/>
  <member type="way" ref="980647754" role=""/>
  <member type="way" ref="1383840797" role=""/>
  <member type="way" ref="784357983" role=""/>
  <member type="way" ref="256859701" role=""/>
  <member type="way" ref="980647760" role=""/>
  <member type="way" ref="256859700" role=""/>
  <member type="way" ref="952780249" role=""/>
  <member type="way" ref="149430518" role=""/>
  <member type="way" ref="33637005" role=""/>
  <member type="way" ref="168631825" role=""/>
  <member type="way" ref="168631817" role=""/>
  <member type="way" ref="44688777" role=""/>
  <member type="way" ref="168631811" role=""/>
  <member type="way" ref="156662378" role=""/>
  <member type="way" ref="168631823" role=""/>
  <member type="way" ref="44688825" role=""/>
  <member type="way" ref="37312439" role=""/>
  <member type="way" ref="14770156" role=""/>
  <member type="way" ref="216929182" role=""/>
  <member type="way" ref="156662354" role=""/>
  <member type="way" ref="156662351" role=""/>
  <member type="way" ref="156662373" role=""/>
  <member type="way" ref="1347372826" role=""/>
  <member type="way" ref="785221956" role=""/>
  <member type="way" ref="14821497" role=""/>
  <member type="way" ref="295641977" role=""/>
  <member type="way" ref="171423007" role=""/>
  <member type="way" ref="717566391" role=""/>
  <member type="way" ref="953088603" role=""/>
  <member type="way" ref="953088602" role=""/>
  <member type="way" ref="860059267" role=""/>
  <member type="way" ref="970723337" role=""/>
  <member type="way" ref="953093692" role=""/>
  <member type="way" ref="431600475" role=""/>
  <member type="way" ref="797755002" role=""/>
  <member type="way" ref="294440294" role=""/>
  <member type="way" ref="835550243" role=""/>
  <member type="way" ref="963792011" role=""/>
  <tag k="from" v="Nova Friburgo"/>
  <tag k="name" v="Ônibus 108001000: Nova Friburgo → Rio de Janeiro"/>
  <tag k="network" v="DETRO"/>
  <tag k="operator" v="1001"/>
  <tag k="public_transport:version" v="2"/>
  <tag k="ref" v="108001000"/>
  <tag k="route" v="bus"/>
  <tag k="to" v="Rio de Janeiro"/>
  <tag k="type" v="route"/>
  <tag k="via" v="Niterói"/>
 </relation>
 <relation id="10903565" visible="true" version="2" changeset="83334701" timestamp="2020-04-10T03:48:39Z" user="gbragaalves" uid="8762954">
  <member type="relation" ref="10903564" role=""/>
  <member type="relation" ref="1186747" role=""/>
  <tag k="name" v="Ônibus 108001000: Nova Friburgo → Rio de Janeiro"/>
  <tag k="network" v="DETRO"/>
  <tag k="operator" v="1001"/>
  <tag k="ref" v="108001000"/>
  <tag k="route_master" v="bus"/>
  <tag k="type" v="route_master"/>
 </relation>
 <relation id="10983003" visible="true" version="158" changeset="179519057" timestamp="2026-03-08T05:40:12Z" user="petropouli" uid="4200031">
  <member type="way" ref="940158336" role=""/>
  <member type="way" ref="940158338" role=""/>
  <member type="way" ref="940158339" role=""/>
  <member type="way" ref="293177186" role=""/>
  <member type="way" ref="733071778" role=""/>
  <member type="way" ref="667175359" role=""/>
  <member type="way" ref="733722039" role=""/>
  <member type="way" ref="733665721" role=""/>
  <member type="way" ref="530074090" role=""/>
  <member type="way" ref="375365757" role=""/>
  <member type="way" ref="733722037" role=""/>
  <member type="way" ref="734643411" role=""/>
  <member type="way" ref="257008248" role=""/>
  <member type="way" ref="734643410" role=""/>
  <member type="way" ref="161680843" role=""/>
  <member type="way" ref="161680840" role=""/>
  <member type="way" ref="929872179" role=""/>
  <member type="way" ref="929872178" role=""/>
  <member type="way" ref="161680839" role=""/>
  <member type="way" ref="1325280182" role=""/>
  <member type="way" ref="375365756" role=""/>
  <member type="way" ref="1325280181" role=""/>
  <member type="way" ref="202764815" role=""/>
  <member type="way" ref="622122547" role=""/>
  <member type="way" ref="955916219" role=""/>
  <member type="way" ref="989722018" role=""/>
  <member type="way" ref="734639762" role=""/>
  <member type="way" ref="202764817" role=""/>
  <member type="way" ref="442967899" role=""/>
  <member type="way" ref="177087480" role=""/>
  <member type="way" ref="783795039" role=""/>
  <member type="way" ref="442967900" role=""/>
  <member type="way" ref="783795038" role=""/>
  <member type="way" ref="236139326" role=""/>
  <member type="way" ref="733779371" role=""/>
  <member type="way" ref="727629603" role=""/>
  <member type="way" ref="989722021" role=""/>
  <member type="way" ref="727629602" role=""/>
  <member type="way" ref="859278505" role=""/>
  <member type="way" ref="733779370" role=""/>
  <member type="way" ref="860934715" role=""/>
  <member type="way" ref="958970166" role=""/>
  <member type="way" ref="1232959993" role=""/>
  <member type="way" ref="376008644" role=""/>
  <member type="way" ref="959570437" role=""/>
  <member type="way" ref="649721268" role=""/>
  <member type="way" ref="47952467" role=""/>
  <member type="way" ref="734640828" role=""/>
  <member type="way" ref="47952479" role=""/>
  <member type="way" ref="959153041" role=""/>
  <member type="way" ref="14696661" role=""/>
  <member type="way" ref="959153042" role=""/>
  <member type="way" ref="47952494" role=""/>
  <member type="way" ref="1066448678" role=""/>
  <member type="way" ref="734640827" role=""/>
  <member type="way" ref="734640832" role=""/>
  <member type="way" ref="734640831" role=""/>
  <member type="way" ref="163679883" role=""/>
  <member type="way" ref="163679872" role=""/>
  <member type="way" ref="163679885" role=""/>
  <member type="way" ref="163679865" role=""/>
  <member type="way" ref="163679874" role=""/>
  <member type="way" ref="733785691" role=""/>
  <member type="way" ref="163679862" role=""/>
  <member type="way" ref="733785690" role=""/>
  <member type="way" ref="46341366" role=""/>
  <member type="way" ref="727956895" role=""/>
  <member type="way" ref="727956894" role=""/>
  <member type="way" ref="973697581" role=""/>
  <member type="way" ref="46341199" role=""/>
  <member type="way" ref="45850405" role=""/>
  <member type="way" ref="864579202" role=""/>
  <member type="way" ref="734022250" role=""/>
  <member type="way" ref="45850407" role=""/>
  <member type="way" ref="762702756" role=""/>
  <member type="way" ref="45855462" role=""/>
  <member type="way" ref="755560914" role=""/>
  <member type="way" ref="762702758" role=""/>
  <member type="way" ref="931566533" role=""/>
  <member type="way" ref="45855446" role=""/>
  <member type="way" ref="734011330" role=""/>
  <member type="way" ref="163680417" role=""/>
  <member type="way" ref="163680420" role=""/>
  <member type="way" ref="163680426" role=""/>
  <member type="way" ref="734011326" role=""/>
  <member type="way" ref="163680422" role=""/>
  <member type="way" ref="1029330960" role=""/>
  <member type="way" ref="897659677" role=""/>
  <member type="way" ref="931566538" role=""/>
  <member type="way" ref="46426133" role=""/>
  <member type="way" ref="427316655" role=""/>
  <member type="way" ref="427316654" role=""/>
  <member type="way" ref="46426135" role=""/>
  <member type="way" ref="860645757" role=""/>
  <member type="way" ref="860645758" role=""/>
  <member type="way" ref="784369390" role=""/>
  <member type="way" ref="763000419" role=""/>
  <member type="way" ref="44097524" role=""/>
  <member type="way" ref="111994864" role=""/>
  <member type="way" ref="111994862" role=""/>
  <member type="way" ref="1333763342" role=""/>
  <member type="way" ref="111994861" role=""/>
  <member type="way" ref="111994820" role=""/>
  <member type="way" ref="14699432" role=""/>
  <member type="way" ref="918869053" role=""/>
  <member type="way" ref="1064558955" role=""/>
  <member type="way" ref="734011325" role=""/>
  <member type="way" ref="734003953" role=""/>
  <member type="way" ref="30119319" role=""/>
  <member type="way" ref="30119322" role=""/>
  <member type="way" ref="734006131" role=""/>
  <member type="way" ref="959169839" role=""/>
  <member type="way" ref="310823128" role=""/>
  <member type="way" ref="823860504" role=""/>
  <member type="way" ref="310823130" role=""/>
  <member type="way" ref="30119340" role=""/>
  <member type="way" ref="960203349" role=""/>
  <member type="way" ref="30119350" role=""/>
  <member type="way" ref="30119359" role=""/>
  <member type="way" ref="30119361" role=""/>
  <member type="way" ref="734018050" role=""/>
  <member type="way" ref="163681380" role=""/>
  <member type="way" ref="163681379" role=""/>
  <member type="way" ref="163681378" role=""/>
  <member type="way" ref="14825445" role=""/>
  <member type="way" ref="962664830" role=""/>
  <member type="way" ref="995109535" role=""/>
  <member type="way" ref="734003952" role=""/>
  <member type="way" ref="964096517" role=""/>
  <member type="way" ref="976358114" role=""/>
  <member type="way" ref="1458721692" role=""/>
  <member type="way" ref="1458721691" role=""/>
  <member type="way" ref="962664828" role=""/>
  <member type="way" ref="1059087290" role=""/>
  <member type="way" ref="56235530" role=""/>
  <member type="way" ref="763001680" role=""/>
  <member type="way" ref="40167340" role=""/>
  <member type="way" ref="209949093" role=""/>
  <member type="way" ref="40167346" role=""/>
  <member type="way" ref="150787860" role=""/>
  <member type="way" ref="799195879" role=""/>
  <member type="way" ref="41089574" role=""/>
  <member type="way" ref="41089575" role=""/>
  <member type="way" ref="794590904" role=""/>
  <member type="way" ref="294898361" role=""/>
  <member type="way" ref="952720708" role=""/>
  <member type="way" ref="952720909" role=""/>
  <member type="way" ref="952720908" role=""/>
  <member type="way" ref="952721608" role=""/>
  <member type="way" ref="1347372848" role=""/>
  <member type="way" ref="952724187" role=""/>
  <member type="way" ref="952726438" role=""/>
  <member type="way" ref="797201062" role=""/>
  <member type="way" ref="952726809" role=""/>
  <member type="way" ref="163675233" role=""/>
  <member type="way" ref="295641975" role=""/>
  <member type="way" ref="136208782" role=""/>
  <member type="way" ref="952733316" role=""/>
  <member type="way" ref="952733486" role=""/>
  <member type="way" ref="797746873" role=""/>
  <member type="way" ref="42167938" role=""/>
  <member type="way" ref="952738156" role=""/>
  <member type="way" ref="734904132" role=""/>
  <member type="way" ref="14770613" role=""/>
  <member type="way" ref="15092056" role=""/>
  <member type="way" ref="149430531" role=""/>
  <member type="way" ref="428599646" role=""/>
  <member type="way" ref="1132520299" role=""/>
  <member type="way" ref="1064954353" role=""/>
  <member type="way" ref="5082900" role=""/>
  <member type="way" ref="37312440" role=""/>
  <member type="way" ref="252031742" role=""/>
  <member type="way" ref="156662355" role=""/>
  <member type="way" ref="168631815" role=""/>
  <member type="way" ref="156662385" role=""/>
  <member type="way" ref="44688865" role=""/>
  <member type="way" ref="44688876" role=""/>
  <member type="way" ref="168631809" role=""/>
  <member type="way" ref="168631828" role=""/>
  <member type="way" ref="33637000" role=""/>
  <member type="way" ref="949746272" role=""/>
  <member type="way" ref="949746270" role=""/>
  <member type="way" ref="1253561913" role=""/>
  <member type="way" ref="593119640" role=""/>
  <member type="way" ref="1253561912" role=""/>
  <member type="way" ref="949746264" role=""/>
  <member type="way" ref="74379645" role=""/>
  <member type="way" ref="980647763" role=""/>
  <member type="way" ref="149430535" role=""/>
  <member type="way" ref="183173832" role=""/>
  <member type="way" ref="871216190" role=""/>
  <member type="way" ref="871216189" role=""/>
  <member type="way" ref="784357985" role=""/>
  <member type="way" ref="871216180" role=""/>
  <member type="way" ref="1063402800" role=""/>
  <member type="way" ref="16135695" role=""/>
  <member type="way" ref="958244432" role=""/>
  <member type="way" ref="958244433" role=""/>
  <member type="way" ref="172091110" role=""/>
  <member type="way" ref="980647766" role=""/>
  <member type="way" ref="172091111" role=""/>
  <member type="way" ref="172091102" role=""/>
  <member type="way" ref="316524396" role=""/>
  <member type="way" ref="437968990" role=""/>
  <member type="way" ref="33126690" role=""/>
  <member type="way" ref="603162861" role=""/>
  <member type="way" ref="1275049278" role=""/>
  <member type="way" ref="997035029" role=""/>
  <member type="way" ref="187152692" role=""/>
  <member type="way" ref="187152697" role=""/>
  <member type="way" ref="172091109" role=""/>
  <member type="way" ref="1275057099" role=""/>
  <member type="way" ref="172091100" role=""/>
  <member type="way" ref="1275057716" role=""/>
  <member type="way" ref="103428641" role=""/>
  <member type="way" ref="103428637" role=""/>
  <member type="way" ref="172090200" role=""/>
  <member type="way" ref="172090199" role=""/>
  <member type="way" ref="46205608" role=""/>
  <member type="way" ref="46205544" role=""/>
  <member type="way" ref="46205679" role=""/>
  <member type="way" ref="46205683" role=""/>
  <member type="way" ref="46206739" role=""/>
  <member type="way" ref="46206738" role=""/>
  <member type="way" ref="46206967" role=""/>
  <member type="way" ref="46206971" role=""/>
  <member type="way" ref="38560579" role=""/>
  <member type="way" ref="38560575" role=""/>
  <member type="way" ref="38560555" role=""/>
  <member type="way" ref="38560556" role=""/>
  <member type="way" ref="172089948" role=""/>
  <member type="way" ref="172089945" role=""/>
  <member type="way" ref="72007536" role=""/>
  <member type="way" ref="72007535" role=""/>
  <member type="way" ref="172089006" role=""/>
  <member type="way" ref="172089010" role=""/>
  <member type="way" ref="172088883" role=""/>
  <member type="way" ref="172088879" role=""/>
  <member type="way" ref="33126691" role=""/>
  <member type="way" ref="30600395" role=""/>
  <member type="way" ref="593533720" role=""/>
  <member type="way" ref="593533719" role=""/>
  <member type="way" ref="206868470" role=""/>
  <member type="way" ref="206868474" role=""/>
  <member type="way" ref="593533715" role=""/>
  <member type="way" ref="593533712" role=""/>
  <member type="way" ref="79735619" role=""/>
  <member type="way" ref="79735621" role=""/>
  <member type="way" ref="75419669" role=""/>
  <member type="way" ref="75419615" role=""/>
  <member type="way" ref="172088553" role=""/>
  <member type="way" ref="172088555" role=""/>
  <member type="way" ref="172088410" role=""/>
  <member type="way" ref="1006238410" role=""/>
  <member type="way" ref="1006238409" role=""/>
  <member type="way" ref="79734197" role=""/>
  <member type="way" ref="79734199" role=""/>
  <member type="way" ref="1006238411" role=""/>
  <member type="way" ref="172088131" role=""/>
  <member type="way" ref="784539614" role=""/>
  <member type="way" ref="172088133" role=""/>
  <member type="way" ref="172087954" role=""/>
  <member type="way" ref="784539612" role=""/>
  <member type="way" ref="172087956" role=""/>
  <member type="way" ref="55799158" role=""/>
  <member type="way" ref="55799155" role=""/>
  <member type="way" ref="1275352830" role=""/>
  <member type="way" ref="1275352831" role=""/>
  <member type="way" ref="55799166" role=""/>
  <member type="way" ref="1018870157" role=""/>
  <member type="way" ref="1018870158" role=""/>
  <member type="way" ref="172085835" role=""/>
  <member type="way" ref="1018870159" role=""/>
  <member type="way" ref="172085827" role=""/>
  <member type="way" ref="954681574" role=""/>
  <member type="way" ref="954681573" role=""/>
  <member type="way" ref="172085821" role=""/>
  <member type="way" ref="172085826" role=""/>
  <member type="way" ref="172085822" role=""/>
  <member type="way" ref="172085819" role=""/>
  <member type="way" ref="172085829" role=""/>
  <member type="way" ref="172085832" role=""/>
  <member type="way" ref="55799174" role=""/>
  <member type="way" ref="55799173" role=""/>
  <member type="way" ref="172085823" role=""/>
  <member type="way" ref="1136542681" role=""/>
  <member type="way" ref="1136586561" role=""/>
  <member type="way" ref="1136542680" role=""/>
  <member type="way" ref="1138417454" role=""/>
  <member type="way" ref="1232716005" role=""/>
  <member type="way" ref="172085816" role=""/>
  <member type="way" ref="172084087" role=""/>
  <member type="way" ref="784539611" role=""/>
  <member type="way" ref="172084092" role=""/>
  <member type="way" ref="1275410315" role=""/>
  <member type="way" ref="55799168" role=""/>
  <member type="way" ref="172082277" role=""/>
  <member type="way" ref="1275413094" role=""/>
  <member type="way" ref="1275413095" role=""/>
  <member type="way" ref="172082278" role=""/>
  <member type="way" ref="1275447848" role=""/>
  <member type="way" ref="1275447847" role=""/>
  <member type="way" ref="172082284" role=""/>
  <member type="way" ref="172082296" role=""/>
  <member type="way" ref="172082290" role=""/>
  <member type="way" ref="1275450936" role=""/>
  <member type="way" ref="172082304" role=""/>
  <member type="way" ref="55799189" role=""/>
  <member type="way" ref="55799186" role=""/>
  <member type="way" ref="1275452794" role=""/>
  <member type="way" ref="1275452795" role=""/>
  <member type="way" ref="1275452793" role=""/>
  <member type="way" ref="1281753728" role=""/>
  <member type="way" ref="1275452998" role=""/>
  <member type="way" ref="172076870" role=""/>
  <member type="way" ref="172076869" role=""/>
  <member type="way" ref="1275700882" role=""/>
  <member type="way" ref="172075428" role=""/>
  <member type="way" ref="1275713174" role=""/>
  <member type="way" ref="1275713175" role=""/>
  <member type="way" ref="172075434" role=""/>
  <member type="way" ref="172071254" role=""/>
  <member type="way" ref="172071252" role=""/>
  <member type="way" ref="1275754329" role=""/>
  <member type="way" ref="1275724784" role=""/>
  <member type="way" ref="1135237161" role=""/>
  <member type="way" ref="23954562" role=""/>
  <member type="way" ref="1133304014" role=""/>
  <member type="way" ref="1293130372" role=""/>
  <member type="way" ref="1133304015" role=""/>
  <member type="way" ref="1293130370" role=""/>
  <member type="way" ref="1135237156" role=""/>
  <member type="way" ref="1135237155" role=""/>
  <member type="way" ref="1135237152" role=""/>
  <member type="way" ref="1135237150" role=""/>
  <member type="way" ref="1135237146" role=""/>
  <member type="way" ref="1293130369" role=""/>
  <member type="way" ref="1135237144" role=""/>
  <member type="way" ref="1135237143" role=""/>
  <member type="way" ref="1293618977" role=""/>
  <member type="way" ref="1135237139" role=""/>
  <member type="way" ref="1293618981" role=""/>
  <member type="way" ref="1135237135" role=""/>
  <member type="way" ref="1135237133" role=""/>
  <member type="way" ref="1218089799" role=""/>
  <member type="way" ref="1135237132" role=""/>
  <member type="way" ref="354703878" role=""/>
  <member type="way" ref="1135237129" role=""/>
  <member type="way" ref="1135237130" role=""/>
  <member type="way" ref="1135237127" role=""/>
  <member type="way" ref="1135237126" role=""/>
  <member type="way" ref="326023362" role=""/>
  <member type="way" ref="730242304" role=""/>
  <member type="way" ref="730242303" role=""/>
  <member type="way" ref="1135251992" role=""/>
  <member type="way" ref="1293130368" role=""/>
  <member type="way" ref="1135251988" role=""/>
  <member type="way" ref="1135251987" role=""/>
  <member type="way" ref="326023363" role=""/>
  <member type="way" ref="1135251985" role=""/>
  <member type="way" ref="1135251981" role=""/>
  <member type="way" ref="157753480" role=""/>
  <member type="way" ref="31589462" role=""/>
  <member type="way" ref="1325533184" role=""/>
  <member type="way" ref="1325533183" role=""/>
  <member type="way" ref="1325533182" role=""/>
  <member type="way" ref="1325533181" role=""/>
  <member type="way" ref="157753461" role=""/>
  <member type="way" ref="1328478997" role=""/>
  <member type="way" ref="1328478998" role=""/>
  <member type="way" ref="157753469" role=""/>
  <member type="way" ref="157753459" role=""/>
  <member type="way" ref="1319284671" role=""/>
  <member type="way" ref="157753444" role=""/>
  <member type="way" ref="790522619" role=""/>
  <member type="way" ref="157753450" role=""/>
  <member type="way" ref="771483016" role=""/>
  <member type="way" ref="771483018" role=""/>
  <member type="way" ref="790522618" role=""/>
  <member type="way" ref="775681919" role=""/>
  <member type="way" ref="378404303" role=""/>
  <member type="way" ref="184082978" role=""/>
  <member type="way" ref="790522615" role=""/>
  <member type="way" ref="790524484" role=""/>
  <member type="way" ref="299397327" role=""/>
  <member type="way" ref="255386939" role=""/>
  <member type="way" ref="998188902" role=""/>
  <member type="way" ref="255386937" role=""/>
  <member type="way" ref="790522614" role=""/>
  <member type="way" ref="299397317" role=""/>
  <member type="way" ref="299397318" role=""/>
  <member type="way" ref="998207331" role=""/>
  <member type="way" ref="998207330" role=""/>
  <member type="way" ref="998242174" role=""/>
  <member type="way" ref="998242173" role=""/>
  <member type="way" ref="178782763" role=""/>
  <member type="way" ref="998218204" role=""/>
  <member type="way" ref="309654238" role=""/>
  <member type="way" ref="481701188" role=""/>
  <member type="way" ref="998221571" role=""/>
  <member type="way" ref="998221569" role=""/>
  <member type="way" ref="998221570" role=""/>
  <member type="way" ref="1316214373" role=""/>
  <member type="way" ref="178782747" role=""/>
  <member type="way" ref="1316214374" role=""/>
  <member type="way" ref="178782756" role=""/>
  <member type="way" ref="178782752" role=""/>
  <member type="way" ref="178782764" role=""/>
  <member type="way" ref="996687397" role=""/>
  <member type="way" ref="996687396" role=""/>
  <member type="way" ref="996687395" role=""/>
  <member type="way" ref="996687394" role=""/>
  <member type="way" ref="996688402" role=""/>
  <member type="way" ref="996688400" role=""/>
  <member type="way" ref="996688401" role=""/>
  <member type="way" ref="996688399" role=""/>
  <member type="way" ref="996688398" role=""/>
  <member type="way" ref="996688397" role=""/>
  <member type="way" ref="996689011" role=""/>
  <member type="way" ref="996689010" role=""/>
  <member type="way" ref="996689009" role=""/>
  <member type="way" ref="996689007" role=""/>
  <member type="way" ref="996689008" role=""/>
  <member type="way" ref="996689006" role=""/>
  <member type="way" ref="996689005" role=""/>
  <member type="way" ref="996689004" role=""/>
  <member type="way" ref="996689003" role=""/>
  <member type="way" ref="996689397" role=""/>
  <member type="way" ref="996689400" role=""/>
  <member type="way" ref="996689399" role=""/>
  <member type="way" ref="996689398" role=""/>
  <member type="way" ref="996691254" role=""/>
  <member type="way" ref="996691253" role=""/>
  <member type="way" ref="996691252" role=""/>
  <member type="way" ref="996691251" role=""/>
  <member type="way" ref="996691250" role=""/>
  <member type="way" ref="178782758" role=""/>
  <member type="way" ref="996691249" role=""/>
  <member type="way" ref="996692125" role=""/>
  <member type="way" ref="1314960991" role=""/>
  <member type="way" ref="1314960992" role=""/>
  <member type="way" ref="178782749" role=""/>
  <member type="way" ref="1320839523" role=""/>
  <member type="way" ref="996695191" role=""/>
  <member type="way" ref="996695190" role=""/>
  <member type="way" ref="996695189" role=""/>
  <member type="way" ref="996695186" role=""/>
  <member type="way" ref="996695185" role=""/>
  <member type="way" ref="996695187" role=""/>
  <member type="way" ref="996697042" role=""/>
  <member type="way" ref="1041957641" role=""/>
  <member type="way" ref="996697558" role=""/>
  <member type="way" ref="996697557" role=""/>
  <member type="way" ref="435867386" role=""/>
  <member type="way" ref="996698057" role=""/>
  <member type="way" ref="1330174097" role=""/>
  <member type="way" ref="1356454034" role=""/>
  <member type="way" ref="1330174098" role=""/>
  <member type="way" ref="1356454033" role=""/>
  <member type="way" ref="1314961424" role=""/>
  <member type="way" ref="289428557" role=""/>
  <member type="way" ref="1320492017" role=""/>
  <member type="way" ref="1320492016" role=""/>
  <member type="way" ref="998224480" role=""/>
  <member type="way" ref="998224479" role=""/>
  <member type="way" ref="998225301" role=""/>
  <member type="way" ref="998224307" role=""/>
  <member type="way" ref="289428554" role=""/>
  <member type="way" ref="998227792" role=""/>
  <member type="way" ref="336153347" role=""/>
  <member type="way" ref="998229939" role=""/>
  <member type="way" ref="998229019" role=""/>
  <member type="way" ref="336153346" role=""/>
  <member type="way" ref="1308330802" role=""/>
  <member type="way" ref="1320492018" role=""/>
  <member type="way" ref="1356181752" role=""/>
  <member type="way" ref="1320492019" role=""/>
  <member type="way" ref="178782759" role=""/>
  <member type="way" ref="997178198" role=""/>
  <member type="way" ref="1316218998" role=""/>
  <member type="way" ref="1316218997" role=""/>
  <member type="way" ref="998232632" role=""/>
  <member type="way" ref="998232633" role=""/>
  <member type="way" ref="998232038" role=""/>
  <member type="way" ref="998231544" role=""/>
  <member type="way" ref="178779284" role=""/>
  <member type="way" ref="1316826071" role=""/>
  <member type="way" ref="1316826072" role=""/>
  <member type="way" ref="108383199" role=""/>
  <member type="way" ref="998244782" role=""/>
  <member type="way" ref="998244781" role=""/>
  <member type="way" ref="178802413" role=""/>
  <member type="way" ref="239059694" role=""/>
  <member type="way" ref="178802407" role=""/>
  <member type="way" ref="790522611" role=""/>
  <member type="way" ref="998246891" role=""/>
  <member type="way" ref="790522606" role=""/>
  <member type="way" ref="790522610" role=""/>
  <member type="way" ref="790522609" role=""/>
  <member type="way" ref="790522607" role=""/>
  <member type="way" ref="186021587" role=""/>
  <member type="way" ref="790522606" role=""/>
  <member type="way" ref="1229802416" role=""/>
  <member type="way" ref="1314885130" role=""/>
  <member type="way" ref="1314885129" role=""/>
  <member type="way" ref="998249477" role=""/>
  <member type="way" ref="1306212702" role=""/>
  <member type="way" ref="998249476" role=""/>
  <member type="way" ref="998249475" role=""/>
  <member type="way" ref="998249474" role=""/>
  <member type="way" ref="998249473" role=""/>
  <member type="way" ref="998249472" role=""/>
  <member type="way" ref="998249470" role=""/>
  <member type="way" ref="998249471" role=""/>
  <member type="way" ref="998250196" role=""/>
  <member type="way" ref="998250195" role=""/>
  <member type="way" ref="108263071" role=""/>
  <member type="way" ref="998250193" role=""/>
  <member type="way" ref="998250194" role=""/>
  <member type="way" ref="1314154483" role=""/>
  <member type="way" ref="1314154482" role=""/>
  <member type="way" ref="996706293" role=""/>
  <member type="way" ref="996706988" role=""/>
  <member type="way" ref="996706989" role=""/>
  <member type="way" ref="996706294" role=""/>
  <member type="way" ref="1454203723" role=""/>
  <member type="way" ref="1329971783" role=""/>
  <member type="way" ref="1314154487" role=""/>
  <member type="way" ref="1314154486" role=""/>
  <member type="way" ref="996708904" role=""/>
  <member type="way" ref="996708902" role=""/>
  <member type="way" ref="996708903" role=""/>
  <member type="way" ref="996709485" role=""/>
  <member type="way" ref="996709484" role=""/>
  <member type="way" ref="996709483" role=""/>
  <member type="way" ref="996710302" role=""/>
  <member type="way" ref="996710301" role=""/>
  <member type="way" ref="996710300" role=""/>
  <member type="way" ref="1314405981" role=""/>
  <member type="way" ref="996708905" role=""/>
  <member type="way" ref="822737725" role=""/>
  <member type="way" ref="996710299" role=""/>
  <member type="way" ref="996713573" role=""/>
  <member type="way" ref="525744427" role=""/>
  <member type="way" ref="997041973" role=""/>
  <member type="way" ref="186021345" role=""/>
  <member type="way" ref="186020738" role=""/>
  <member type="way" ref="1329971782" role=""/>
  <member type="way" ref="996713572" role=""/>
  <member type="way" ref="996713571" role=""/>
  <member type="way" ref="186020906" role=""/>
  <member type="way" ref="1316783903" role=""/>
  <member type="way" ref="1316783902" role=""/>
  <member type="way" ref="852592554" role=""/>
  <member type="way" ref="328967347" role=""/>
  <member type="way" ref="186020488" role=""/>
  <member type="way" ref="288784670" role=""/>
  <member type="way" ref="275266361" role=""/>
  <member type="way" ref="294362654" role=""/>
  <member type="way" ref="288784687" role=""/>
  <member type="way" ref="288926948" role=""/>
  <member type="way" ref="221631108" role=""/>
  <tag k="from" v="Campo Grande"/>
  <tag k="name" v="Ônibus 108029011: Campo Grande → Cabo Frio"/>
  <tag k="network" v="DETRO"/>
  <tag k="operator" v="1001"/>
  <tag k="public_transport:version" v="2"/>
  <tag k="ref" v="108029011"/>
  <tag k="route" v="bus"/>
  <tag k="to" v="Cabo Frio"/>
  <tag k="type" v="route"/>
  <tag k="via" v="Araruama;Iguaba Grande;São Pedro da Aldeia"/>
 </relation>
 <relation id="10983004" visible="true" version="2" changeset="83378988" timestamp="2020-04-10T18:48:58Z" user="gbragaalves" uid="8762954">
  <member type="relation" ref="10983003" role=""/>
  <member type="relation" ref="10983033" role=""/>
  <tag k="name" v="Ônibus 108029011: Cabo Frio → Campo Grande"/>
  <tag k="network" v="DETRO"/>
  <tag k="note" v="Linha cadastrada com itinerário via Arco Metropolitano."/>
  <tag k="operator" v="1001"/>
  <tag k="ref" v="108029011"/>
  <tag k="route_master" v="bus"/>
  <tag k="type" v="route_master"/>
 </relation>
 <relation id="10983033" visible="true" version="131" changeset="180080873" timestamp="2026-03-18T21:59:24Z" user="Pedro Souza Costa" uid="21298810">
  <member type="way" ref="288926947" role=""/>
  <member type="way" ref="1036910862" role=""/>
  <member type="way" ref="1036910861" role=""/>
  <member type="way" ref="189508728" role=""/>
  <member type="way" ref="288784691" role=""/>
  <member type="way" ref="288784683" role=""/>
  <member type="way" ref="276750517" role=""/>
  <member type="way" ref="328967345" role=""/>
  <member type="way" ref="1316783905" role=""/>
  <member type="way" ref="1316783904" role=""/>
  <member type="way" ref="276533315" role=""/>
  <member type="way" ref="1329971781" role=""/>
  <member type="way" ref="186020382" role=""/>
  <member type="way" ref="186020407" role=""/>
  <member type="way" ref="186020378" role=""/>
  <member type="way" ref="186020417" role=""/>
  <member type="way" ref="525744428" role=""/>
  <member type="way" ref="1314404869" role=""/>
  <member type="way" ref="1315216719" role=""/>
  <member type="way" ref="822737724" role=""/>
  <member type="way" ref="108263075" role=""/>
  <member type="way" ref="996727145" role=""/>
  <member type="way" ref="1315216718" role=""/>
  <member type="way" ref="996727146" role=""/>
  <member type="way" ref="998211602" role=""/>
  <member type="way" ref="998211601" role=""/>
  <member type="way" ref="996729412" role=""/>
  <member type="way" ref="1314154489" role=""/>
  <member type="way" ref="1314154488" role=""/>
  <member type="way" ref="996729411" role=""/>
  <member type="way" ref="1454203722" role=""/>
  <member type="way" ref="1329971785" role=""/>
  <member type="way" ref="996729410" role=""/>
  <member type="way" ref="996729409" role=""/>
  <member type="way" ref="998211600" role=""/>
  <member type="way" ref="998211598" role=""/>
  <member type="way" ref="998211599" role=""/>
  <member type="way" ref="1314154484" role=""/>
  <member type="way" ref="1314154485" role=""/>
  <member type="way" ref="998213011" role=""/>
  <member type="way" ref="998213010" role=""/>
  <member type="way" ref="998213008" role=""/>
  <member type="way" ref="998213009" role=""/>
  <member type="way" ref="998224012" role=""/>
  <member type="way" ref="998224011" role=""/>
  <member type="way" ref="998224010" role=""/>
  <member type="way" ref="998224009" role=""/>
  <member type="way" ref="998224439" role=""/>
  <member type="way" ref="1306212703" role=""/>
  <member type="way" ref="998224438" role=""/>
  <member type="way" ref="998224437" role=""/>
  <member type="way" ref="998224436" role=""/>
  <member type="way" ref="108263081" role=""/>
  <member type="way" ref="998226812" role=""/>
  <member type="way" ref="1317688719" role=""/>
  <member type="way" ref="998226811" role=""/>
  <member type="way" ref="790522608" role=""/>
  <member type="way" ref="290371824" role=""/>
  <member type="way" ref="790522609" role=""/>
  <member type="way" ref="790522607" role=""/>
  <member type="way" ref="998229044" role=""/>
  <member type="way" ref="998229043" role=""/>
  <member type="way" ref="178802405" role=""/>
  <member type="way" ref="239059805" role=""/>
  <member type="way" ref="108383190" role=""/>
  <member type="way" ref="1316826070" role=""/>
  <member type="way" ref="1316826069" role=""/>
  <member type="way" ref="178779272" role=""/>
  <member type="way" ref="178779276" role=""/>
  <member type="way" ref="178779288" role=""/>
  <member type="way" ref="31588958" role=""/>
  <member type="way" ref="1308330802" role=""/>
  <member type="way" ref="1320492018" role=""/>
  <member type="way" ref="1356181752" role=""/>
  <member type="way" ref="1320492019" role=""/>
  <member type="way" ref="178782759" role=""/>
  <member type="way" ref="997178198" role=""/>
  <member type="way" ref="1316218998" role=""/>
  <member type="way" ref="1316218997" role=""/>
  <member type="way" ref="998232632" role=""/>
  <member type="way" ref="998232633" role=""/>
  <member type="way" ref="998232038" role=""/>
  <member type="way" ref="998231544" role=""/>
  <member type="way" ref="336153346" role=""/>
  <member type="way" ref="998229019" role=""/>
  <member type="way" ref="998229939" role=""/>
  <member type="way" ref="336153347" role=""/>
  <member type="way" ref="998227792" role=""/>
  <member type="way" ref="289428554" role=""/>
  <member type="way" ref="998224307" role=""/>
  <member type="way" ref="998225301" role=""/>
  <member type="way" ref="998224479" role=""/>
  <member type="way" ref="998224480" role=""/>
  <member type="way" ref="1320492016" role=""/>
  <member type="way" ref="1320492017" role=""/>
  <member type="way" ref="289428557" role=""/>
  <member type="way" ref="1314961424" role=""/>
  <member type="way" ref="1356454033" role=""/>
  <member type="way" ref="1330174098" role=""/>
  <member type="way" ref="1356454034" role=""/>
  <member type="way" ref="1330174097" role=""/>
  <member type="way" ref="996698057" role=""/>
  <member type="way" ref="435867386" role=""/>
  <member type="way" ref="996697557" role=""/>
  <member type="way" ref="996697558" role=""/>
  <member type="way" ref="1041957641" role=""/>
  <member type="way" ref="996697042" role=""/>
  <member type="way" ref="996695187" role=""/>
  <member type="way" ref="996695185" role=""/>
  <member type="way" ref="996695186" role=""/>
  <member type="way" ref="996695189" role=""/>
  <member type="way" ref="996695190" role=""/>
  <member type="way" ref="996695191" role=""/>
  <member type="way" ref="1320839522" role=""/>
  <member type="way" ref="1320839525" role=""/>
  <member type="way" ref="178782765" role=""/>
  <member type="way" ref="1314960994" role=""/>
  <member type="way" ref="1314960993" role=""/>
  <member type="way" ref="996692126" role=""/>
  <member type="way" ref="996691249" role=""/>
  <member type="way" ref="178782758" role=""/>
  <member type="way" ref="996691250" role=""/>
  <member type="way" ref="996691251" role=""/>
  <member type="way" ref="996691252" role=""/>
  <member type="way" ref="996691253" role=""/>
  <member type="way" ref="996691254" role=""/>
  <member type="way" ref="996689398" role=""/>
  <member type="way" ref="996689399" role=""/>
  <member type="way" ref="996689400" role=""/>
  <member type="way" ref="996689397" role=""/>
  <member type="way" ref="996689003" role=""/>
  <member type="way" ref="996689004" role=""/>
  <member type="way" ref="996689005" role=""/>
  <member type="way" ref="996689006" role=""/>
  <member type="way" ref="996689008" role=""/>
  <member type="way" ref="996689007" role=""/>
  <member type="way" ref="996689009" role=""/>
  <member type="way" ref="996689010" role=""/>
  <member type="way" ref="996689011" role=""/>
  <member type="way" ref="996688397" role=""/>
  <member type="way" ref="996688398" role=""/>
  <member type="way" ref="996688399" role=""/>
  <member type="way" ref="996688401" role=""/>
  <member type="way" ref="996688400" role=""/>
  <member type="way" ref="996688402" role=""/>
  <member type="way" ref="996687394" role=""/>
  <member type="way" ref="996687395" role=""/>
  <member type="way" ref="996687396" role=""/>
  <member type="way" ref="996687397" role=""/>
  <member type="way" ref="178782764" role=""/>
  <member type="way" ref="178782752" role=""/>
  <member type="way" ref="178782756" role=""/>
  <member type="way" ref="1316214374" role=""/>
  <member type="way" ref="178782747" role=""/>
  <member type="way" ref="1316214373" role=""/>
  <member type="way" ref="998221570" role=""/>
  <member type="way" ref="998221569" role=""/>
  <member type="way" ref="998221571" role=""/>
  <member type="way" ref="178782769" role=""/>
  <member type="way" ref="1414347514" role=""/>
  <member type="way" ref="481701191" role=""/>
  <member type="way" ref="481701189" role=""/>
  <member type="way" ref="998218203" role=""/>
  <member type="way" ref="178782762" role=""/>
  <member type="way" ref="853274909" role=""/>
  <member type="way" ref="790524485" role=""/>
  <member type="way" ref="255386937" role=""/>
  <member type="way" ref="790522614" role=""/>
  <member type="way" ref="224421133" role=""/>
  <member type="way" ref="790522615" role=""/>
  <member type="way" ref="184082978" role=""/>
  <member type="way" ref="378404303" role=""/>
  <member type="way" ref="771483020" role=""/>
  <member type="way" ref="771483017" role=""/>
  <member type="way" ref="771483019" role=""/>
  <member type="way" ref="771483016" role=""/>
  <member type="way" ref="686642845" role=""/>
  <member type="way" ref="686642844" role=""/>
  <member type="way" ref="157753483" role=""/>
  <member type="way" ref="157753444" role=""/>
  <member type="way" ref="1319284671" role=""/>
  <member type="way" ref="157753459" role=""/>
  <member type="way" ref="157753469" role=""/>
  <member type="way" ref="1328478998" role=""/>
  <member type="way" ref="1328478997" role=""/>
  <member type="way" ref="157753461" role=""/>
  <member type="way" ref="1325533181" role=""/>
  <member type="way" ref="1325533182" role=""/>
  <member type="way" ref="1325533183" role=""/>
  <member type="way" ref="1325533184" role=""/>
  <member type="way" ref="31589462" role=""/>
  <member type="way" ref="157753442" role=""/>
  <member type="way" ref="1135251982" role=""/>
  <member type="way" ref="1135251983" role=""/>
  <member type="way" ref="1135251984" role=""/>
  <member type="way" ref="997049357" role=""/>
  <member type="way" ref="1135251986" role=""/>
  <member type="way" ref="1135251989" role=""/>
  <member type="way" ref="1135251990" role=""/>
  <member type="way" ref="1135251991" role=""/>
  <member type="way" ref="1135251993" role=""/>
  <member type="way" ref="1135251994" role=""/>
  <member type="way" ref="1135251995" role=""/>
  <member type="way" ref="326023360" role=""/>
  <member type="way" ref="730242305" role=""/>
  <member type="way" ref="730242306" role=""/>
  <member type="way" ref="1135237125" role=""/>
  <member type="way" ref="1135237128" role=""/>
  <member type="way" ref="326023361" role=""/>
  <member type="way" ref="1218089800" role=""/>
  <member type="way" ref="1135237131" role=""/>
  <member type="way" ref="1218089798" role=""/>
  <member type="way" ref="1135237134" role=""/>
  <member type="way" ref="1135237136" role=""/>
  <member type="way" ref="1135237138" role=""/>
  <member type="way" ref="1135237140" role=""/>
  <member type="way" ref="1467149410" role=""/>
  <member type="way" ref="1467149409" role=""/>
  <member type="way" ref="1135237142" role=""/>
  <member type="way" ref="1293618978" role=""/>
  <member type="way" ref="1135237141" role=""/>
  <member type="way" ref="1135237145" role=""/>
  <member type="way" ref="1469205077" role=""/>
  <member type="way" ref="1469205078" role=""/>
  <member type="way" ref="1135237147" role=""/>
  <member type="way" ref="1135237148" role=""/>
  <member type="way" ref="1135237149" role=""/>
  <member type="way" ref="1135237151" role=""/>
  <member type="way" ref="1135237153" role=""/>
  <member type="way" ref="1135237154" role=""/>
  <member type="way" ref="1135237158" role=""/>
  <member type="way" ref="1135237157" role=""/>
  <member type="way" ref="1135237159" role=""/>
  <member type="way" ref="1135237160" role=""/>
  <member type="way" ref="1293130371" role=""/>
  <member type="way" ref="1133302213" role=""/>
  <member type="way" ref="354703876" role=""/>
  <member type="way" ref="1469205086" role=""/>
  <member type="way" ref="1467149402" role=""/>
  <member type="way" ref="1467149403" role=""/>
  <member type="way" ref="55799188" role=""/>
  <member type="way" ref="172071251" role=""/>
  <member type="way" ref="172071250" role=""/>
  <member type="way" ref="172075436" role=""/>
  <member type="way" ref="172075425" role=""/>
  <member type="way" ref="172076876" role=""/>
  <member type="way" ref="1490380458" role=""/>
  <member type="way" ref="1490380459" role=""/>
  <member type="way" ref="172076872" role=""/>
  <member type="way" ref="55799190" role=""/>
  <member type="way" ref="55799169" role=""/>
  <member type="way" ref="172082302" role=""/>
  <member type="way" ref="172082280" role=""/>
  <member type="way" ref="172082279" role=""/>
  <member type="way" ref="172082298" role=""/>
  <member type="way" ref="1018870164" role=""/>
  <member type="way" ref="1018870163" role=""/>
  <member type="way" ref="1063664453" role=""/>
  <member type="way" ref="172082294" role=""/>
  <member type="way" ref="172082286" role=""/>
  <member type="way" ref="1024210844" role=""/>
  <member type="way" ref="1026366283" role=""/>
  <member type="way" ref="29179107" role=""/>
  <member type="way" ref="172084093" role=""/>
  <member type="way" ref="784539594" role=""/>
  <member type="way" ref="172084085" role=""/>
  <member type="way" ref="1136542679" role=""/>
  <member type="way" ref="172085818" role=""/>
  <member type="way" ref="172085820" role=""/>
  <member type="way" ref="1018870162" role=""/>
  <member type="way" ref="55799175" role=""/>
  <member type="way" ref="55799167" role=""/>
  <member type="way" ref="172085817" role=""/>
  <member type="way" ref="172085833" role=""/>
  <member type="way" ref="172085831" role=""/>
  <member type="way" ref="172085834" role=""/>
  <member type="way" ref="1018870161" role=""/>
  <member type="way" ref="172085825" role=""/>
  <member type="way" ref="954681576" role=""/>
  <member type="way" ref="954681575" role=""/>
  <member type="way" ref="172085830" role=""/>
  <member type="way" ref="1018870160" role=""/>
  <member type="way" ref="172085828" role=""/>
  <member type="way" ref="1018870156" role=""/>
  <member type="way" ref="29179108" role=""/>
  <member type="way" ref="366053079" role=""/>
  <member type="way" ref="172086340" role=""/>
  <member type="way" ref="784539593" role=""/>
  <member type="way" ref="55799157" role=""/>
  <member type="way" ref="55799156" role=""/>
  <member type="way" ref="172087950" role=""/>
  <member type="way" ref="172087953" role=""/>
  <member type="way" ref="172088130" role=""/>
  <member type="way" ref="784539590" role=""/>
  <member type="way" ref="172088134" role=""/>
  <member type="way" ref="1095209735" role=""/>
  <member type="way" ref="79734195" role=""/>
  <member type="way" ref="1095209734" role=""/>
  <member type="way" ref="595160579" role=""/>
  <member type="way" ref="742680126" role=""/>
  <member type="way" ref="742680131" role=""/>
  <member type="way" ref="172088411" role=""/>
  <member type="way" ref="1090320573" role=""/>
  <member type="way" ref="1006238408" role=""/>
  <member type="way" ref="172088556" role=""/>
  <member type="way" ref="172088554" role=""/>
  <member type="way" ref="75419662" role=""/>
  <member type="way" ref="75419665" role=""/>
  <member type="way" ref="79735616" role=""/>
  <member type="way" ref="79735615" role=""/>
  <member type="way" ref="593533716" role=""/>
  <member type="way" ref="593533717" role=""/>
  <member type="way" ref="206868468" role=""/>
  <member type="way" ref="593533722" role=""/>
  <member type="way" ref="593533721" role=""/>
  <member type="way" ref="206868467" role=""/>
  <member type="way" ref="33126676" role=""/>
  <member type="way" ref="29179801" role=""/>
  <member type="way" ref="172088887" role=""/>
  <member type="way" ref="172088884" role=""/>
  <member type="way" ref="172089007" role=""/>
  <member type="way" ref="172089009" role=""/>
  <member type="way" ref="72007533" role=""/>
  <member type="way" ref="72007534" role=""/>
  <member type="way" ref="172089949" role=""/>
  <member type="way" ref="172089951" role=""/>
  <member type="way" ref="38560553" role=""/>
  <member type="way" ref="38560554" role=""/>
  <member type="way" ref="38560576" role=""/>
  <member type="way" ref="38560580" role=""/>
  <member type="way" ref="46206965" role=""/>
  <member type="way" ref="46206964" role=""/>
  <member type="way" ref="46206737" role=""/>
  <member type="way" ref="46206736" role=""/>
  <member type="way" ref="46205686" role=""/>
  <member type="way" ref="46205595" role=""/>
  <member type="way" ref="46205602" role=""/>
  <member type="way" ref="46205604" role=""/>
  <member type="way" ref="172090197" role=""/>
  <member type="way" ref="172090198" role=""/>
  <member type="way" ref="103428643" role=""/>
  <member type="way" ref="103428642" role=""/>
  <member type="way" ref="172091106" role=""/>
  <member type="way" ref="172091099" role=""/>
  <member type="way" ref="187152695" role=""/>
  <member type="way" ref="187152698" role=""/>
  <member type="way" ref="997035030" role=""/>
  <member type="way" ref="603162862" role=""/>
  <member type="way" ref="437968991" role=""/>
  <member type="way" ref="29179048" role=""/>
  <member type="way" ref="958239584" role=""/>
  <member type="way" ref="172091103" role=""/>
  <member type="way" ref="172091104" role=""/>
  <member type="way" ref="172091101" role=""/>
  <member type="way" ref="172091105" role=""/>
  <member type="way" ref="16137613" role=""/>
  <member type="way" ref="149430534" role=""/>
  <member type="way" ref="992547140" role=""/>
  <member type="way" ref="871216178" role=""/>
  <member type="way" ref="871216177" role=""/>
  <member type="way" ref="784357983" role=""/>
  <member type="way" ref="256859701" role=""/>
  <member type="way" ref="256859700" role=""/>
  <member type="way" ref="980647760" role=""/>
  <member type="way" ref="952780249" role=""/>
  <member type="way" ref="149430518" role=""/>
  <member type="way" ref="33637005" role=""/>
  <member type="way" ref="168631825" role=""/>
  <member type="way" ref="168631817" role=""/>
  <member type="way" ref="44688777" role=""/>
  <member type="way" ref="168631811" role=""/>
  <member type="way" ref="156662378" role=""/>
  <member type="way" ref="168631823" role=""/>
  <member type="way" ref="44688825" role=""/>
  <member type="way" ref="37312439" role=""/>
  <member type="way" ref="1156773285" role=""/>
  <member type="way" ref="14770293" role=""/>
  <member type="way" ref="149430528" role=""/>
  <member type="way" ref="953173230" role=""/>
  <member type="way" ref="15092055" role=""/>
  <member type="way" ref="785221959" role=""/>
  <member type="way" ref="953176913" role=""/>
  <member type="way" ref="42167942" role=""/>
  <member type="way" ref="307819755" role=""/>
  <member type="way" ref="42167941" role=""/>
  <member type="way" ref="298138388" role=""/>
  <member type="way" ref="797755007" role=""/>
  <member type="way" ref="1347372838" role=""/>
  <member type="way" ref="1254046990" role=""/>
  <member type="way" ref="1347372849" role=""/>
  <member type="way" ref="163675241" role=""/>
  <member type="way" ref="794590902" role=""/>
  <member type="way" ref="294898360" role=""/>
  <member type="way" ref="41089576" role=""/>
  <member type="way" ref="797721130" role=""/>
  <member type="way" ref="41089566" role=""/>
  <member type="way" ref="150787865" role=""/>
  <member type="way" ref="40167383" role=""/>
  <member type="way" ref="209949094" role=""/>
  <member type="way" ref="40167382" role=""/>
  <member type="way" ref="163675239" role=""/>
  <member type="way" ref="1059087289" role=""/>
  <member type="way" ref="1347372779" role=""/>
  <member type="way" ref="976358113" role=""/>
  <member type="way" ref="763001682" role=""/>
  <member type="way" ref="734003937" role=""/>
  <member type="way" ref="15092006" role=""/>
  <member type="way" ref="14825426" role=""/>
  <member type="way" ref="163681381" role=""/>
  <member type="way" ref="163681377" role=""/>
  <member type="way" ref="793134159" role=""/>
  <member type="way" ref="734018041" role=""/>
  <member type="way" ref="30119358" role=""/>
  <member type="way" ref="30119356" role=""/>
  <member type="way" ref="1064558960" role=""/>
  <member type="way" ref="30119334" role=""/>
  <member type="way" ref="793134160" role=""/>
  <member type="way" ref="823860503" role=""/>
  <member type="way" ref="310823129" role=""/>
  <member type="way" ref="310823132" role=""/>
  <member type="way" ref="964622401" role=""/>
  <member type="way" ref="734009438" role=""/>
  <member type="way" ref="30119314" role=""/>
  <member type="way" ref="734003936" role=""/>
  <member type="way" ref="964051635" role=""/>
  <member type="way" ref="14699404" role=""/>
  <member type="way" ref="1064558954" role=""/>
  <member type="way" ref="1333750033" role=""/>
  <member type="way" ref="734011306" role=""/>
  <member type="way" ref="111994815" role=""/>
  <member type="way" ref="111994824" role=""/>
  <member type="way" ref="111994865" role=""/>
  <member type="way" ref="111994863" role=""/>
  <member type="way" ref="44097527" role=""/>
  <member type="way" ref="763000414" role=""/>
  <member type="way" ref="44097529" role=""/>
  <member type="way" ref="964052800" role=""/>
  <member type="way" ref="784369391" role=""/>
  <member type="way" ref="860645759" role=""/>
  <member type="way" ref="860645760" role=""/>
  <member type="way" ref="427316653" role=""/>
  <member type="way" ref="427316656" role=""/>
  <member type="way" ref="46426106" role=""/>
  <member type="way" ref="46426124" role=""/>
  <member type="way" ref="957902014" role=""/>
  <member type="way" ref="931566534" role=""/>
  <member type="way" ref="897659676" role=""/>
  <member type="way" ref="267277503" role=""/>
  <member type="way" ref="267277500" role=""/>
  <member type="way" ref="163680415" role=""/>
  <member type="way" ref="163680416" role=""/>
  <member type="way" ref="163680425" role=""/>
  <member type="way" ref="734011305" role=""/>
  <member type="way" ref="163680427" role=""/>
  <member type="way" ref="782569008" role=""/>
  <member type="way" ref="755560913" role=""/>
  <member type="way" ref="45855255" role=""/>
  <member type="way" ref="45855256" role=""/>
  <member type="way" ref="734022249" role=""/>
  <member type="way" ref="45850389" role=""/>
  <member type="way" ref="864579200" role=""/>
  <member type="way" ref="864579199" role=""/>
  <member type="way" ref="727956879" role=""/>
  <member type="way" ref="45850390" role=""/>
  <member type="way" ref="727956878" role=""/>
  <member type="way" ref="74395303" role=""/>
  <member type="way" ref="733785713" role=""/>
  <member type="way" ref="46341350" role=""/>
  <member type="way" ref="733785712" role=""/>
  <member type="way" ref="163679871" role=""/>
  <member type="way" ref="163679875" role=""/>
  <member type="way" ref="163679866" role=""/>
  <member type="way" ref="163679860" role=""/>
  <member type="way" ref="163679884" role=""/>
  <member type="way" ref="163679867" role=""/>
  <member type="way" ref="733785685" role=""/>
  <member type="way" ref="47952471" role=""/>
  <member type="way" ref="734640829" role=""/>
  <member type="way" ref="47952468" role=""/>
  <member type="way" ref="439602141" role=""/>
  <member type="way" ref="733780244" role=""/>
  <member type="way" ref="1232959992" role=""/>
  <member type="way" ref="1232959991" role=""/>
  <member type="way" ref="31361201" role=""/>
  <member type="way" ref="903958007" role=""/>
  <member type="way" ref="733779369" role=""/>
  <member type="way" ref="727629601" role=""/>
  <member type="way" ref="859278504" role=""/>
  <member type="way" ref="671820511" role=""/>
  <member type="way" ref="963690081" role=""/>
  <member type="way" ref="733785707" role=""/>
  <member type="way" ref="330806348" role=""/>
  <member type="way" ref="960144229" role=""/>
  <member type="way" ref="671824949" role=""/>
  <member type="way" ref="236139325" role=""/>
  <member type="way" ref="733095409" role=""/>
  <member type="way" ref="376008650" role=""/>
  <member type="way" ref="251521039" role=""/>
  <member type="way" ref="955922897" role=""/>
  <member type="way" ref="671114010" role=""/>
  <member type="way" ref="31361194" role=""/>
  <member type="way" ref="671820510" role=""/>
  <member type="way" ref="442967898" role=""/>
  <member type="way" ref="442967897" role=""/>
  <member type="way" ref="161688093" role=""/>
  <member type="way" ref="376008653" role=""/>
  <member type="way" ref="734640838" role=""/>
  <member type="way" ref="1486431386" role=""/>
  <member type="way" ref="1325280180" role=""/>
  <member type="way" ref="161680841" role=""/>
  <member type="way" ref="734640824" role=""/>
  <member type="way" ref="734640823" role=""/>
  <member type="way" ref="161680842" role=""/>
  <member type="way" ref="37406635" role=""/>
  <member type="way" ref="375365757" role=""/>
  <member type="way" ref="733722037" role=""/>
  <member type="way" ref="734643411" role=""/>
  <member type="way" ref="257008248" role=""/>
  <member type="way" ref="734643410" role=""/>
  <member type="way" ref="37719690" role=""/>
  <member type="way" ref="375365755" role=""/>
  <member type="way" ref="727621915" role=""/>
  <member type="way" ref="733665720" role=""/>
  <member type="way" ref="323380108" role=""/>
  <member type="way" ref="37406609" role=""/>
  <member type="way" ref="970416015" role=""/>
  <member type="way" ref="217183926" role=""/>
  <member type="way" ref="733071777" role=""/>
  <member type="way" ref="733722006" role=""/>
  <member type="way" ref="940158344" role=""/>
  <member type="way" ref="940158342" role=""/>
  <member type="way" ref="940158341" role=""/>
  <tag k="from" v="Cabo Frio"/>
  <tag k="name" v="Ônibus 108029011: Cabo Frio → Campo Grande"/>
  <tag k="network" v="DETRO"/>
  <tag k="operator" v="1001"/>
  <tag k="public_transport:version" v="2"/>
  <tag k="ref" v="108029011"/>
  <tag k="route" v="bus"/>
  <tag k="to" v="Campo Grande"/>
  <tag k="type" v="route"/>
  <tag k="via" v="São Pedro da Aldeia;Iguaba Grande;Araruama"/>
 </relation>
 <relation id="10983188" visible="true" version="135" changeset="180080873" timestamp="2026-03-18T21:59:24Z" user="Pedro Souza Costa" uid="21298810">
  <member type="way" ref="1177043171" role=""/>
  <member type="way" ref="1348713259" role=""/>
  <member type="way" ref="1103112447" role=""/>
  <member type="way" ref="1324882727" role=""/>
  <member type="way" ref="167417252" role=""/>
  <member type="way" ref="313900193" role=""/>
  <member type="way" ref="313900196" role=""/>
  <member type="way" ref="313900197" role=""/>
  <member type="way" ref="1229802415" role=""/>
  <member type="way" ref="1306187067" role=""/>
  <member type="way" ref="1306187066" role=""/>
  <member type="way" ref="1306187065" role=""/>
  <member type="way" ref="1306187064" role=""/>
  <member type="way" ref="1320839528" role=""/>
  <member type="way" ref="1320839529" role=""/>
  <member type="way" ref="1330054494" role=""/>
  <member type="way" ref="1330054495" role=""/>
  <member type="way" ref="313900198" role=""/>
  <member type="way" ref="313900194" role=""/>
  <member type="way" ref="841303296" role=""/>
  <member type="way" ref="790537704" role=""/>
  <member type="way" ref="847980040" role=""/>
  <member type="way" ref="790537700" role=""/>
  <member type="way" ref="790537701" role=""/>
  <member type="way" ref="273901959" role=""/>
  <member type="way" ref="144463391" role=""/>
  <member type="way" ref="273901948" role=""/>
  <member type="way" ref="273901966" role=""/>
  <member type="way" ref="273901967" role=""/>
  <member type="way" ref="273901964" role=""/>
  <member type="way" ref="273901965" role=""/>
  <member type="way" ref="181527430" role=""/>
  <member type="way" ref="997592081" role=""/>
  <member type="way" ref="181527428" role=""/>
  <member type="way" ref="132791795" role=""/>
  <member type="way" ref="132791771" role=""/>
  <member type="way" ref="181530885" role=""/>
  <member type="way" ref="1355702218" role=""/>
  <member type="way" ref="822737727" role=""/>
  <member type="way" ref="233185283" role=""/>
  <member type="way" ref="997226769" role=""/>
  <member type="way" ref="997226768" role=""/>
  <member type="way" ref="997261650" role=""/>
  <member type="way" ref="997261651" role=""/>
  <member type="way" ref="239945560" role=""/>
  <member type="way" ref="239144475" role=""/>
  <member type="way" ref="227718759" role=""/>
  <member type="way" ref="1280688573" role=""/>
  <member type="way" ref="1197148196" role=""/>
  <member type="way" ref="309654240" role=""/>
  <member type="way" ref="239945562" role=""/>
  <member type="way" ref="1108298669" role=""/>
  <member type="way" ref="997248556" role=""/>
  <member type="way" ref="997248558" role=""/>
  <member type="way" ref="997248557" role=""/>
  <member type="way" ref="273860843" role=""/>
  <member type="way" ref="273860842" role=""/>
  <member type="way" ref="948135955" role=""/>
  <member type="way" ref="948135953" role=""/>
  <member type="way" ref="1014382045" role=""/>
  <member type="way" ref="1014382060" role=""/>
  <member type="way" ref="996298190" role=""/>
  <member type="way" ref="1004699280" role=""/>
  <member type="way" ref="1004699282" role=""/>
  <member type="way" ref="1276511451" role=""/>
  <member type="way" ref="1280688572" role=""/>
  <member type="way" ref="1348713260" role=""/>
  <member type="way" ref="1004178122" role=""/>
  <member type="way" ref="1276511452" role=""/>
  <member type="way" ref="1004178121" role=""/>
  <member type="way" ref="1004176571" role=""/>
  <member type="way" ref="1020977573" role=""/>
  <member type="way" ref="528766944" role=""/>
  <member type="way" ref="996731424" role=""/>
  <member type="way" ref="1014072535" role=""/>
  <member type="way" ref="1004176572" role=""/>
  <member type="way" ref="1004175749" role=""/>
  <member type="way" ref="1004180958" role=""/>
  <member type="way" ref="1004176574" role=""/>
  <member type="way" ref="1004178123" role=""/>
  <member type="way" ref="1004175262" role=""/>
  <member type="way" ref="1004178118" role=""/>
  <member type="way" ref="1004174969" role=""/>
  <member type="way" ref="1004174967" role=""/>
  <member type="way" ref="31609215" role=""/>
  <member type="way" ref="1004176575" role=""/>
  <member type="way" ref="527264333" role=""/>
  <member type="way" ref="528181601" role=""/>
  <member type="way" ref="1004178126" role=""/>
  <member type="way" ref="527263788" role=""/>
  <member type="way" ref="527263787" role=""/>
  <member type="way" ref="527543548" role=""/>
  <member type="way" ref="527263036" role=""/>
  <member type="way" ref="527263405" role=""/>
  <member type="way" ref="1004178129" role=""/>
  <member type="way" ref="527262765" role=""/>
  <member type="way" ref="996730277" role=""/>
  <member type="way" ref="1004178130" role=""/>
  <member type="way" ref="527262167" role=""/>
  <member type="way" ref="1004178133" role=""/>
  <member type="way" ref="1004178131" role=""/>
  <member type="way" ref="527190047" role=""/>
  <member type="way" ref="255391474" role=""/>
  <member type="way" ref="31609249" role=""/>
  <member type="way" ref="527541286" role=""/>
  <member type="way" ref="255395279" role=""/>
  <member type="way" ref="1252702213" role=""/>
  <member type="way" ref="1396803669" role=""/>
  <member type="way" ref="255395281" role=""/>
  <member type="way" ref="1015084804" role=""/>
  <member type="way" ref="527281122" role=""/>
  <member type="way" ref="527285616" role=""/>
  <member type="way" ref="1071732893" role=""/>
  <member type="way" ref="996720448" role=""/>
  <member type="way" ref="996720451" role=""/>
  <member type="way" ref="996719188" role=""/>
  <member type="way" ref="996719190" role=""/>
  <member type="way" ref="1015065825" role=""/>
  <member type="way" ref="790537683" role=""/>
  <member type="way" ref="1015084806" role=""/>
  <member type="way" ref="255221690" role=""/>
  <member type="way" ref="907748319" role=""/>
  <member type="way" ref="996718285" role=""/>
  <member type="way" ref="996718284" role=""/>
  <member type="way" ref="1014072534" role=""/>
  <member type="way" ref="1306187070" role=""/>
  <member type="way" ref="1306187069" role=""/>
  <member type="way" ref="178802410" role=""/>
  <member type="way" ref="1306187068" role=""/>
  <member type="way" ref="996655374" role=""/>
  <member type="way" ref="996655375" role=""/>
  <member type="way" ref="996655376" role=""/>
  <member type="way" ref="996654650" role=""/>
  <member type="way" ref="996654651" role=""/>
  <member type="way" ref="996654652" role=""/>
  <member type="way" ref="1320839527" role=""/>
  <member type="way" ref="1320839526" role=""/>
  <member type="way" ref="996652358" role=""/>
  <member type="way" ref="996652359" role=""/>
  <member type="way" ref="996652360" role=""/>
  <member type="way" ref="995740660" role=""/>
  <member type="way" ref="995740662" role=""/>
  <member type="way" ref="995740663" role=""/>
  <member type="way" ref="178802399" role=""/>
  <member type="way" ref="995740664" role=""/>
  <member type="way" ref="995740665" role=""/>
  <member type="way" ref="31609234" role=""/>
  <member type="way" ref="313900195" role=""/>
  <member type="way" ref="996991769" role=""/>
  <member type="way" ref="739096055" role=""/>
  <member type="way" ref="998254401" role=""/>
  <member type="way" ref="998254402" role=""/>
  <member type="way" ref="998254068" role=""/>
  <member type="way" ref="998254069" role=""/>
  <member type="way" ref="998254071" role=""/>
  <member type="way" ref="998254072" role=""/>
  <member type="way" ref="739096056" role=""/>
  <member type="way" ref="1108391075" role=""/>
  <member type="way" ref="1108391073" role=""/>
  <member type="way" ref="1330054496" role=""/>
  <member type="way" ref="1341284420" role=""/>
  <member type="way" ref="31609230" role=""/>
  <member type="way" ref="1108391078" role=""/>
  <member type="way" ref="1108391079" role=""/>
  <member type="way" ref="998237720" role=""/>
  <member type="way" ref="998240108" role=""/>
  <member type="way" ref="998240111" role=""/>
  <member type="way" ref="998240107" role=""/>
  <member type="way" ref="998240490" role=""/>
  <member type="way" ref="998237721" role=""/>
  <member type="way" ref="998249491" role=""/>
  <member type="way" ref="998249490" role=""/>
  <member type="way" ref="998250510" role=""/>
  <member type="way" ref="997041989" role=""/>
  <member type="way" ref="838172960" role=""/>
  <member type="way" ref="1316826074" role=""/>
  <member type="way" ref="1316826073" role=""/>
  <member type="way" ref="998234466" role=""/>
  <member type="way" ref="998236288" role=""/>
  <member type="way" ref="998236287" role=""/>
  <member type="way" ref="998236285" role=""/>
  <member type="way" ref="998236290" role=""/>
  <member type="way" ref="998236286" role=""/>
  <member type="way" ref="998236289" role=""/>
  <member type="way" ref="860607361" role=""/>
  <member type="way" ref="178802416" role=""/>
  <member type="way" ref="108383190" role=""/>
  <member type="way" ref="1316826070" role=""/>
  <member type="way" ref="1316826069" role=""/>
  <member type="way" ref="157753418" role=""/>
  <member type="way" ref="289625184" role=""/>
  <member type="way" ref="289625185" role=""/>
  <member type="way" ref="997178189" role=""/>
  <member type="way" ref="289424088" role=""/>
  <member type="way" ref="289424092" role=""/>
  <member type="way" ref="289484200" role=""/>
  <member type="way" ref="289484201" role=""/>
  <member type="way" ref="289481492" role=""/>
  <member type="way" ref="289481491" role=""/>
  <member type="way" ref="289472662" role=""/>
  <member type="way" ref="289472664" role=""/>
  <member type="way" ref="289478519" role=""/>
  <member type="way" ref="289478521" role=""/>
  <member type="way" ref="178784474" role=""/>
  <member type="way" ref="157753422" role=""/>
  <member type="way" ref="1135251976" role=""/>
  <member type="way" ref="1135251977" role=""/>
  <member type="way" ref="1135251980" role=""/>
  <member type="way" ref="178786275" role=""/>
  <member type="way" ref="30600474" role=""/>
  <member type="way" ref="293534668" role=""/>
  <member type="way" ref="293534669" role=""/>
  <member type="way" ref="178787863" role=""/>
  <member type="way" ref="790524482" role=""/>
  <member type="way" ref="1135251983" role=""/>
  <member type="way" ref="1135251984" role=""/>
  <member type="way" ref="997049357" role=""/>
  <member type="way" ref="1135251986" role=""/>
  <member type="way" ref="1135251989" role=""/>
  <member type="way" ref="1135251990" role=""/>
  <member type="way" ref="1135251991" role=""/>
  <member type="way" ref="1135251993" role=""/>
  <member type="way" ref="1135251994" role=""/>
  <member type="way" ref="1135251995" role=""/>
  <member type="way" ref="326023360" role=""/>
  <member type="way" ref="730242305" role=""/>
  <member type="way" ref="730242306" role=""/>
  <member type="way" ref="1135237125" role=""/>
  <member type="way" ref="1135237128" role=""/>
  <member type="way" ref="326023361" role=""/>
  <member type="way" ref="1218089800" role=""/>
  <member type="way" ref="1135237131" role=""/>
  <member type="way" ref="1218089798" role=""/>
  <member type="way" ref="1135237134" role=""/>
  <member type="way" ref="1135237136" role=""/>
  <member type="way" ref="1135237138" role=""/>
  <member type="way" ref="1135237140" role=""/>
  <member type="way" ref="1467149410" role=""/>
  <member type="way" ref="1467149409" role=""/>
  <member type="way" ref="1135237142" role=""/>
  <member type="way" ref="1293618978" role=""/>
  <member type="way" ref="1135237141" role=""/>
  <member type="way" ref="1135237145" role=""/>
  <member type="way" ref="1469205077" role=""/>
  <member type="way" ref="1469205078" role=""/>
  <member type="way" ref="1135237147" role=""/>
  <member type="way" ref="1135237148" role=""/>
  <member type="way" ref="1135237149" role=""/>
  <member type="way" ref="1135237151" role=""/>
  <member type="way" ref="1135237153" role=""/>
  <member type="way" ref="1135237154" role=""/>
  <member type="way" ref="1135237158" role=""/>
  <member type="way" ref="1135237157" role=""/>
  <member type="way" ref="1135237159" role=""/>
  <member type="way" ref="1135237160" role=""/>
  <member type="way" ref="1293130371" role=""/>
  <member type="way" ref="1133302213" role=""/>
  <member type="way" ref="354703876" role=""/>
  <member type="way" ref="1469205086" role=""/>
  <member type="way" ref="1467149402" role=""/>
  <member type="way" ref="1467149403" role=""/>
  <member type="way" ref="55799188" role=""/>
  <member type="way" ref="172071251" role=""/>
  <member type="way" ref="172071250" role=""/>
  <member type="way" ref="172075436" role=""/>
  <member type="way" ref="172075425" role=""/>
  <member type="way" ref="172076876" role=""/>
  <member type="way" ref="1490380458" role=""/>
  <member type="way" ref="1490380459" role=""/>
  <member type="way" ref="172076872" role=""/>
  <member type="way" ref="55799190" role=""/>
  <member type="way" ref="55799169" role=""/>
  <member type="way" ref="172082302" role=""/>
  <member type="way" ref="172082280" role=""/>
  <member type="way" ref="172082279" role=""/>
  <member type="way" ref="172082298" role=""/>
  <member type="way" ref="1018870164" role=""/>
  <member type="way" ref="1018870163" role=""/>
  <member type="way" ref="1063664453" role=""/>
  <member type="way" ref="172082294" role=""/>
  <member type="way" ref="172082286" role=""/>
  <member type="way" ref="1024210844" role=""/>
  <member type="way" ref="1026366283" role=""/>
  <member type="way" ref="29179107" role=""/>
  <member type="way" ref="172084093" role=""/>
  <member type="way" ref="784539594" role=""/>
  <member type="way" ref="172084085" role=""/>
  <member type="way" ref="1136542679" role=""/>
  <member type="way" ref="172085818" role=""/>
  <member type="way" ref="172085820" role=""/>
  <member type="way" ref="1018870162" role=""/>
  <member type="way" ref="55799175" role=""/>
  <member type="way" ref="55799167" role=""/>
  <member type="way" ref="172085817" role=""/>
  <member type="way" ref="172085833" role=""/>
  <member type="way" ref="172085831" role=""/>
  <member type="way" ref="172085834" role=""/>
  <member type="way" ref="1018870161" role=""/>
  <member type="way" ref="172085825" role=""/>
  <member type="way" ref="954681576" role=""/>
  <member type="way" ref="954681575" role=""/>
  <member type="way" ref="172085830" role=""/>
  <member type="way" ref="1018870160" role=""/>
  <member type="way" ref="172085828" role=""/>
  <member type="way" ref="1018870156" role=""/>
  <member type="way" ref="29179108" role=""/>
  <member type="way" ref="366053079" role=""/>
  <member type="way" ref="172086340" role=""/>
  <member type="way" ref="784539593" role=""/>
  <member type="way" ref="55799157" role=""/>
  <member type="way" ref="55799156" role=""/>
  <member type="way" ref="172087950" role=""/>
  <member type="way" ref="172087953" role=""/>
  <member type="way" ref="172088130" role=""/>
  <member type="way" ref="784539590" role=""/>
  <member type="way" ref="172088134" role=""/>
  <member type="way" ref="1095209735" role=""/>
  <member type="way" ref="79734195" role=""/>
  <member type="way" ref="1095209734" role=""/>
  <member type="way" ref="595160579" role=""/>
  <member type="way" ref="742680126" role=""/>
  <member type="way" ref="742680131" role=""/>
  <member type="way" ref="172088411" role=""/>
  <member type="way" ref="1090320573" role=""/>
  <member type="way" ref="1006238408" role=""/>
  <member type="way" ref="172088556" role=""/>
  <member type="way" ref="172088554" role=""/>
  <member type="way" ref="75419662" role=""/>
  <member type="way" ref="75419665" role=""/>
  <member type="way" ref="79735616" role=""/>
  <member type="way" ref="79735615" role=""/>
  <member type="way" ref="593533716" role=""/>
  <member type="way" ref="593533717" role=""/>
  <member type="way" ref="206868468" role=""/>
  <member type="way" ref="593533722" role=""/>
  <member type="way" ref="593533721" role=""/>
  <member type="way" ref="206868467" role=""/>
  <member type="way" ref="33126676" role=""/>
  <member type="way" ref="29179801" role=""/>
  <member type="way" ref="172088887" role=""/>
  <member type="way" ref="172088884" role=""/>
  <member type="way" ref="172089007" role=""/>
  <member type="way" ref="172089009" role=""/>
  <member type="way" ref="72007533" role=""/>
  <member type="way" ref="72007534" role=""/>
  <member type="way" ref="172089949" role=""/>
  <member type="way" ref="172089951" role=""/>
  <member type="way" ref="38560553" role=""/>
  <member type="way" ref="38560554" role=""/>
  <member type="way" ref="38560576" role=""/>
  <member type="way" ref="38560580" role=""/>
  <member type="way" ref="46206965" role=""/>
  <member type="way" ref="46206964" role=""/>
  <member type="way" ref="46206737" role=""/>
  <member type="way" ref="46206736" role=""/>
  <member type="way" ref="46205686" role=""/>
  <member type="way" ref="46205595" role=""/>
  <member type="way" ref="46205602" role=""/>
  <member type="way" ref="46205604" role=""/>
  <member type="way" ref="172090197" role=""/>
  <member type="way" ref="172090198" role=""/>
  <member type="way" ref="103428643" role=""/>
  <member type="way" ref="103428642" role=""/>
  <member type="way" ref="172091106" role=""/>
  <member type="way" ref="172091099" role=""/>
  <member type="way" ref="187152695" role=""/>
  <member type="way" ref="187152698" role=""/>
  <member type="way" ref="997035030" role=""/>
  <member type="way" ref="603162862" role=""/>
  <member type="way" ref="437968991" role=""/>
  <member type="way" ref="29179048" role=""/>
  <member type="way" ref="958239584" role=""/>
  <member type="way" ref="172091103" role=""/>
  <member type="way" ref="172091104" role=""/>
  <member type="way" ref="172091101" role=""/>
  <member type="way" ref="172091105" role=""/>
  <member type="way" ref="16137613" role=""/>
  <member type="way" ref="149430534" role=""/>
  <member type="way" ref="992547140" role=""/>
  <member type="way" ref="871216178" role=""/>
  <member type="way" ref="871216177" role=""/>
  <member type="way" ref="784357983" role=""/>
  <member type="way" ref="256859701" role=""/>
  <member type="way" ref="256859700" role=""/>
  <member type="way" ref="980647760" role=""/>
  <member type="way" ref="952780249" role=""/>
  <member type="way" ref="149430518" role=""/>
  <member type="way" ref="33637005" role=""/>
  <member type="way" ref="168631825" role=""/>
  <member type="way" ref="168631817" role=""/>
  <member type="way" ref="44688777" role=""/>
  <member type="way" ref="168631811" role=""/>
  <member type="way" ref="156662378" role=""/>
  <member type="way" ref="168631823" role=""/>
  <member type="way" ref="44688825" role=""/>
  <member type="way" ref="37312439" role=""/>
  <member type="way" ref="1156773285" role=""/>
  <member type="way" ref="14770293" role=""/>
  <member type="way" ref="149430528" role=""/>
  <member type="way" ref="953173230" role=""/>
  <member type="way" ref="15092055" role=""/>
  <member type="way" ref="785221959" role=""/>
  <member type="way" ref="953176913" role=""/>
  <member type="way" ref="42167942" role=""/>
  <member type="way" ref="307819755" role=""/>
  <member type="way" ref="42167941" role=""/>
  <member type="way" ref="298138388" role=""/>
  <member type="way" ref="797755007" role=""/>
  <member type="way" ref="1347372838" role=""/>
  <member type="way" ref="1254046990" role=""/>
  <member type="way" ref="1347372849" role=""/>
  <member type="way" ref="163675241" role=""/>
  <member type="way" ref="794590902" role=""/>
  <member type="way" ref="294898360" role=""/>
  <member type="way" ref="41089576" role=""/>
  <member type="way" ref="797721130" role=""/>
  <member type="way" ref="41089566" role=""/>
  <member type="way" ref="150787865" role=""/>
  <member type="way" ref="40167383" role=""/>
  <member type="way" ref="209949094" role=""/>
  <member type="way" ref="40167382" role=""/>
  <member type="way" ref="163675239" role=""/>
  <member type="way" ref="1059087289" role=""/>
  <member type="way" ref="1347372779" role=""/>
  <member type="way" ref="976358113" role=""/>
  <member type="way" ref="763001682" role=""/>
  <member type="way" ref="734003937" role=""/>
  <member type="way" ref="15092006" role=""/>
  <member type="way" ref="14825426" role=""/>
  <member type="way" ref="163681381" role=""/>
  <member type="way" ref="163681377" role=""/>
  <member type="way" ref="793134159" role=""/>
  <member type="way" ref="734018041" role=""/>
  <member type="way" ref="30119358" role=""/>
  <member type="way" ref="30119356" role=""/>
  <member type="way" ref="1064558960" role=""/>
  <member type="way" ref="30119334" role=""/>
  <member type="way" ref="793134160" role=""/>
  <member type="way" ref="823860503" role=""/>
  <member type="way" ref="310823129" role=""/>
  <member type="way" ref="310823132" role=""/>
  <member type="way" ref="964622401" role=""/>
  <member type="way" ref="734009438" role=""/>
  <member type="way" ref="30119314" role=""/>
  <member type="way" ref="734003936" role=""/>
  <member type="way" ref="964051635" role=""/>
  <member type="way" ref="14699404" role=""/>
  <member type="way" ref="1064558954" role=""/>
  <member type="way" ref="1333750033" role=""/>
  <member type="way" ref="734011306" role=""/>
  <member type="way" ref="111994815" role=""/>
  <member type="way" ref="111994824" role=""/>
  <member type="way" ref="111994865" role=""/>
  <member type="way" ref="111994863" role=""/>
  <member type="way" ref="44097527" role=""/>
  <member type="way" ref="763000414" role=""/>
  <member type="way" ref="44097529" role=""/>
  <member type="way" ref="964052800" role=""/>
  <member type="way" ref="784369391" role=""/>
  <member type="way" ref="860645759" role=""/>
  <member type="way" ref="860645760" role=""/>
  <member type="way" ref="427316653" role=""/>
  <member type="way" ref="427316656" role=""/>
  <member type="way" ref="46426106" role=""/>
  <member type="way" ref="46426124" role=""/>
  <member type="way" ref="957902014" role=""/>
  <member type="way" ref="931566534" role=""/>
  <member type="way" ref="897659676" role=""/>
  <member type="way" ref="267277503" role=""/>
  <member type="way" ref="267277500" role=""/>
  <member type="way" ref="163680415" role=""/>
  <member type="way" ref="163680416" role=""/>
  <member type="way" ref="163680425" role=""/>
  <member type="way" ref="734011305" role=""/>
  <member type="way" ref="163680427" role=""/>
  <member type="way" ref="782569008" role=""/>
  <member type="way" ref="755560913" role=""/>
  <member type="way" ref="45855255" role=""/>
  <member type="way" ref="45855256" role=""/>
  <member type="way" ref="734022249" role=""/>
  <member type="way" ref="45850389" role=""/>
  <member type="way" ref="864579200" role=""/>
  <member type="way" ref="864579199" role=""/>
  <member type="way" ref="727956879" role=""/>
  <member type="way" ref="45850390" role=""/>
  <member type="way" ref="727956878" role=""/>
  <member type="way" ref="74395303" role=""/>
  <member type="way" ref="733785713" role=""/>
  <member type="way" ref="46341350" role=""/>
  <member type="way" ref="733785712" role=""/>
  <member type="way" ref="163679871" role=""/>
  <member type="way" ref="163679875" role=""/>
  <member type="way" ref="163679866" role=""/>
  <member type="way" ref="163679860" role=""/>
  <member type="way" ref="163679884" role=""/>
  <member type="way" ref="163679867" role=""/>
  <member type="way" ref="733785685" role=""/>
  <member type="way" ref="47952471" role=""/>
  <member type="way" ref="734640829" role=""/>
  <member type="way" ref="47952468" role=""/>
  <member type="way" ref="439602141" role=""/>
  <member type="way" ref="733780244" role=""/>
  <member type="way" ref="1232959992" role=""/>
  <member type="way" ref="1232959991" role=""/>
  <member type="way" ref="31361201" role=""/>
  <member type="way" ref="903958007" role=""/>
  <member type="way" ref="733779369" role=""/>
  <member type="way" ref="727629601" role=""/>
  <member type="way" ref="859278504" role=""/>
  <member type="way" ref="671820511" role=""/>
  <member type="way" ref="963690081" role=""/>
  <member type="way" ref="733785707" role=""/>
  <member type="way" ref="330806348" role=""/>
  <member type="way" ref="960144229" role=""/>
  <member type="way" ref="671824949" role=""/>
  <member type="way" ref="236139325" role=""/>
  <member type="way" ref="733095409" role=""/>
  <member type="way" ref="376008650" role=""/>
  <member type="way" ref="251521039" role=""/>
  <member type="way" ref="955922897" role=""/>
  <member type="way" ref="671114010" role=""/>
  <member type="way" ref="31361194" role=""/>
  <member type="way" ref="671820510" role=""/>
  <member type="way" ref="442967898" role=""/>
  <member type="way" ref="442967897" role=""/>
  <member type="way" ref="161688093" role=""/>
  <member type="way" ref="376008653" role=""/>
  <member type="way" ref="734640838" role=""/>
  <member type="way" ref="1486431386" role=""/>
  <member type="way" ref="1325280180" role=""/>
  <member type="way" ref="161680841" role=""/>
  <member type="way" ref="734640824" role=""/>
  <member type="way" ref="734640823" role=""/>
  <member type="way" ref="161680842" role=""/>
  <member type="way" ref="37406635" role=""/>
  <member type="way" ref="375365757" role=""/>
  <member type="way" ref="733722037" role=""/>
  <member type="way" ref="734643411" role=""/>
  <member type="way" ref="257008248" role=""/>
  <member type="way" ref="734643410" role=""/>
  <member type="way" ref="37719690" role=""/>
  <member type="way" ref="375365755" role=""/>
  <member type="way" ref="727621915" role=""/>
  <member type="way" ref="733665720" role=""/>
  <member type="way" ref="323380108" role=""/>
  <member type="way" ref="37406609" role=""/>
  <member type="way" ref="970416015" role=""/>
  <member type="way" ref="217183926" role=""/>
  <member type="way" ref="733071777" role=""/>
  <member type="way" ref="733722006" role=""/>
  <member type="way" ref="940158344" role=""/>
  <member type="way" ref="940158342" role=""/>
  <member type="way" ref="940158341" role=""/>
  <tag k="from" v="Macaé"/>
  <tag k="name" v="Ônibus: Macaé → Campo Grande"/>
  <tag k="network" v="DETRO"/>
  <tag k="operator" v="1001"/>
  <tag k="public_transport:version" v="2"/>
  <tag k="route" v="bus"/>
  <tag k="to" v="Campo Grande"/>
  <tag k="type" v="route"/>
  <tag k="via" v="Rio das Ostras;Barra de São João;Unamar"/>
 </relation>
 <relation id="10983189" visible="true" version="160" changeset="179519057" timestamp="2026-03-08T05:40:12Z" user="petropouli" uid="4200031">
  <member type="way" ref="1177043171" role=""/>
  <member type="way" ref="1348713259" role=""/>
  <member type="way" ref="1103112447" role=""/>
  <member type="way" ref="1324882727" role=""/>
  <member type="way" ref="167417252" role=""/>
  <member type="way" ref="996991769" role=""/>
  <member type="way" ref="313900195" role=""/>
  <member type="way" ref="739096055" role=""/>
  <member type="way" ref="998254401" role=""/>
  <member type="way" ref="998254402" role=""/>
  <member type="way" ref="998254068" role=""/>
  <member type="way" ref="998254069" role=""/>
  <member type="way" ref="998254071" role=""/>
  <member type="way" ref="998254072" role=""/>
  <member type="way" ref="841303296" role=""/>
  <member type="way" ref="940158336" role=""/>
  <member type="way" ref="940158338" role=""/>
  <member type="way" ref="940158339" role=""/>
  <member type="way" ref="293177186" role=""/>
  <member type="way" ref="733071778" role=""/>
  <member type="way" ref="667175359" role=""/>
  <member type="way" ref="733722039" role=""/>
  <member type="way" ref="733665721" role=""/>
  <member type="way" ref="530074090" role=""/>
  <member type="way" ref="375365757" role=""/>
  <member type="way" ref="733722037" role=""/>
  <member type="way" ref="734643411" role=""/>
  <member type="way" ref="257008248" role=""/>
  <member type="way" ref="734643410" role=""/>
  <member type="way" ref="161680843" role=""/>
  <member type="way" ref="161680840" role=""/>
  <member type="way" ref="929872179" role=""/>
  <member type="way" ref="929872178" role=""/>
  <member type="way" ref="161680839" role=""/>
  <member type="way" ref="1325280182" role=""/>
  <member type="way" ref="375365756" role=""/>
  <member type="way" ref="1325280181" role=""/>
  <member type="way" ref="202764815" role=""/>
  <member type="way" ref="622122547" role=""/>
  <member type="way" ref="955916219" role=""/>
  <member type="way" ref="989722018" role=""/>
  <member type="way" ref="734639762" role=""/>
  <member type="way" ref="202764817" role=""/>
  <member type="way" ref="442967899" role=""/>
  <member type="way" ref="177087480" role=""/>
  <member type="way" ref="783795039" role=""/>
  <member type="way" ref="442967900" role=""/>
  <member type="way" ref="783795038" role=""/>
  <member type="way" ref="236139326" role=""/>
  <member type="way" ref="733779371" role=""/>
  <member type="way" ref="727629603" role=""/>
  <member type="way" ref="989722021" role=""/>
  <member type="way" ref="727629602" role=""/>
  <member type="way" ref="859278505" role=""/>
  <member type="way" ref="733779370" role=""/>
  <member type="way" ref="860934715" role=""/>
  <member type="way" ref="958970166" role=""/>
  <member type="way" ref="1232959993" role=""/>
  <member type="way" ref="376008644" role=""/>
  <member type="way" ref="959570437" role=""/>
  <member type="way" ref="649721268" role=""/>
  <member type="way" ref="47952467" role=""/>
  <member type="way" ref="734640828" role=""/>
  <member type="way" ref="47952479" role=""/>
  <member type="way" ref="959153041" role=""/>
  <member type="way" ref="14696661" role=""/>
  <member type="way" ref="959153042" role=""/>
  <member type="way" ref="47952494" role=""/>
  <member type="way" ref="1066448678" role=""/>
  <member type="way" ref="734640827" role=""/>
  <member type="way" ref="734640832" role=""/>
  <member type="way" ref="734640831" role=""/>
  <member type="way" ref="163679883" role=""/>
  <member type="way" ref="163679872" role=""/>
  <member type="way" ref="163679885" role=""/>
  <member type="way" ref="163679865" role=""/>
  <member type="way" ref="163679874" role=""/>
  <member type="way" ref="733785691" role=""/>
  <member type="way" ref="163679862" role=""/>
  <member type="way" ref="733785690" role=""/>
  <member type="way" ref="46341366" role=""/>
  <member type="way" ref="727956895" role=""/>
  <member type="way" ref="727956894" role=""/>
  <member type="way" ref="973697581" role=""/>
  <member type="way" ref="46341199" role=""/>
  <member type="way" ref="45850405" role=""/>
  <member type="way" ref="864579202" role=""/>
  <member type="way" ref="734022250" role=""/>
  <member type="way" ref="45850407" role=""/>
  <member type="way" ref="762702756" role=""/>
  <member type="way" ref="45855462" role=""/>
  <member type="way" ref="755560914" role=""/>
  <member type="way" ref="762702758" role=""/>
  <member type="way" ref="931566533" role=""/>
  <member type="way" ref="45855446" role=""/>
  <member type="way" ref="734011330" role=""/>
  <member type="way" ref="163680417" role=""/>
  <member type="way" ref="163680420" role=""/>
  <member type="way" ref="163680426" role=""/>
  <member type="way" ref="734011326" role=""/>
  <member type="way" ref="163680422" role=""/>
  <member type="way" ref="1029330960" role=""/>
  <member type="way" ref="897659677" role=""/>
  <member type="way" ref="931566538" role=""/>
  <member type="way" ref="46426133" role=""/>
  <member type="way" ref="427316655" role=""/>
  <member type="way" ref="427316654" role=""/>
  <member type="way" ref="46426135" role=""/>
  <member type="way" ref="860645757" role=""/>
  <member type="way" ref="860645758" role=""/>
  <member type="way" ref="784369390" role=""/>
  <member type="way" ref="763000419" role=""/>
  <member type="way" ref="44097524" role=""/>
  <member type="way" ref="111994864" role=""/>
  <member type="way" ref="111994862" role=""/>
  <member type="way" ref="1333763342" role=""/>
  <member type="way" ref="111994861" role=""/>
  <member type="way" ref="111994820" role=""/>
  <member type="way" ref="14699432" role=""/>
  <member type="way" ref="918869053" role=""/>
  <member type="way" ref="1064558955" role=""/>
  <member type="way" ref="734011325" role=""/>
  <member type="way" ref="734003953" role=""/>
  <member type="way" ref="30119319" role=""/>
  <member type="way" ref="30119322" role=""/>
  <member type="way" ref="734006131" role=""/>
  <member type="way" ref="959169839" role=""/>
  <member type="way" ref="310823128" role=""/>
  <member type="way" ref="823860504" role=""/>
  <member type="way" ref="310823130" role=""/>
  <member type="way" ref="30119340" role=""/>
  <member type="way" ref="960203349" role=""/>
  <member type="way" ref="30119350" role=""/>
  <member type="way" ref="30119359" role=""/>
  <member type="way" ref="30119361" role=""/>
  <member type="way" ref="734018050" role=""/>
  <member type="way" ref="163681380" role=""/>
  <member type="way" ref="163681379" role=""/>
  <member type="way" ref="163681378" role=""/>
  <member type="way" ref="14825445" role=""/>
  <member type="way" ref="962664830" role=""/>
  <member type="way" ref="995109535" role=""/>
  <member type="way" ref="734003952" role=""/>
  <member type="way" ref="964096517" role=""/>
  <member type="way" ref="976358114" role=""/>
  <member type="way" ref="1458721692" role=""/>
  <member type="way" ref="1458721691" role=""/>
  <member type="way" ref="962664828" role=""/>
  <member type="way" ref="1059087290" role=""/>
  <member type="way" ref="56235530" role=""/>
  <member type="way" ref="763001680" role=""/>
  <member type="way" ref="40167340" role=""/>
  <member type="way" ref="209949093" role=""/>
  <member type="way" ref="40167346" role=""/>
  <member type="way" ref="150787860" role=""/>
  <member type="way" ref="799195879" role=""/>
  <member type="way" ref="41089574" role=""/>
  <member type="way" ref="41089575" role=""/>
  <member type="way" ref="794590904" role=""/>
  <member type="way" ref="294898361" role=""/>
  <member type="way" ref="952720708" role=""/>
  <member type="way" ref="952720909" role=""/>
  <member type="way" ref="952720908" role=""/>
  <member type="way" ref="952721608" role=""/>
  <member type="way" ref="1347372848" role=""/>
  <member type="way" ref="952724187" role=""/>
  <member type="way" ref="952726438" role=""/>
  <member type="way" ref="797201062" role=""/>
  <member type="way" ref="952726809" role=""/>
  <member type="way" ref="163675233" role=""/>
  <member type="way" ref="295641975" role=""/>
  <member type="way" ref="136208782" role=""/>
  <member type="way" ref="952733316" role=""/>
  <member type="way" ref="952733486" role=""/>
  <member type="way" ref="797746873" role=""/>
  <member type="way" ref="42167938" role=""/>
  <member type="way" ref="952738156" role=""/>
  <member type="way" ref="734904132" role=""/>
  <member type="way" ref="14770613" role=""/>
  <member type="way" ref="15092056" role=""/>
  <member type="way" ref="149430531" role=""/>
  <member type="way" ref="428599646" role=""/>
  <member type="way" ref="1132520299" role=""/>
  <member type="way" ref="1064954353" role=""/>
  <member type="way" ref="5082900" role=""/>
  <member type="way" ref="37312440" role=""/>
  <member type="way" ref="252031742" role=""/>
  <member type="way" ref="156662355" role=""/>
  <member type="way" ref="168631815" role=""/>
  <member type="way" ref="156662385" role=""/>
  <member type="way" ref="44688865" role=""/>
  <member type="way" ref="44688876" role=""/>
  <member type="way" ref="168631809" role=""/>
  <member type="way" ref="168631828" role=""/>
  <member type="way" ref="33637000" role=""/>
  <member type="way" ref="949746272" role=""/>
  <member type="way" ref="949746270" role=""/>
  <member type="way" ref="1253561913" role=""/>
  <member type="way" ref="593119640" role=""/>
  <member type="way" ref="1253561912" role=""/>
  <member type="way" ref="949746264" role=""/>
  <member type="way" ref="74379645" role=""/>
  <member type="way" ref="980647763" role=""/>
  <member type="way" ref="149430535" role=""/>
  <member type="way" ref="183173832" role=""/>
  <member type="way" ref="871216190" role=""/>
  <member type="way" ref="871216189" role=""/>
  <member type="way" ref="784357985" role=""/>
  <member type="way" ref="871216180" role=""/>
  <member type="way" ref="1063402800" role=""/>
  <member type="way" ref="16135695" role=""/>
  <member type="way" ref="958244432" role=""/>
  <member type="way" ref="958244433" role=""/>
  <member type="way" ref="172091110" role=""/>
  <member type="way" ref="980647766" role=""/>
  <member type="way" ref="172091111" role=""/>
  <member type="way" ref="172091102" role=""/>
  <member type="way" ref="316524396" role=""/>
  <member type="way" ref="437968990" role=""/>
  <member type="way" ref="33126690" role=""/>
  <member type="way" ref="603162861" role=""/>
  <member type="way" ref="1275049278" role=""/>
  <member type="way" ref="997035029" role=""/>
  <member type="way" ref="187152692" role=""/>
  <member type="way" ref="187152697" role=""/>
  <member type="way" ref="172091109" role=""/>
  <member type="way" ref="1275057099" role=""/>
  <member type="way" ref="172091100" role=""/>
  <member type="way" ref="1275057716" role=""/>
  <member type="way" ref="103428641" role=""/>
  <member type="way" ref="103428637" role=""/>
  <member type="way" ref="172090200" role=""/>
  <member type="way" ref="172090199" role=""/>
  <member type="way" ref="46205608" role=""/>
  <member type="way" ref="46205544" role=""/>
  <member type="way" ref="46205679" role=""/>
  <member type="way" ref="46205683" role=""/>
  <member type="way" ref="46206739" role=""/>
  <member type="way" ref="46206738" role=""/>
  <member type="way" ref="46206967" role=""/>
  <member type="way" ref="46206971" role=""/>
  <member type="way" ref="38560579" role=""/>
  <member type="way" ref="38560575" role=""/>
  <member type="way" ref="38560555" role=""/>
  <member type="way" ref="38560556" role=""/>
  <member type="way" ref="172089948" role=""/>
  <member type="way" ref="172089945" role=""/>
  <member type="way" ref="72007536" role=""/>
  <member type="way" ref="72007535" role=""/>
  <member type="way" ref="172089006" role=""/>
  <member type="way" ref="172089010" role=""/>
  <member type="way" ref="172088883" role=""/>
  <member type="way" ref="172088879" role=""/>
  <member type="way" ref="33126691" role=""/>
  <member type="way" ref="30600395" role=""/>
  <member type="way" ref="593533720" role=""/>
  <member type="way" ref="593533719" role=""/>
  <member type="way" ref="206868470" role=""/>
  <member type="way" ref="206868474" role=""/>
  <member type="way" ref="593533715" role=""/>
  <member type="way" ref="593533712" role=""/>
  <member type="way" ref="79735619" role=""/>
  <member type="way" ref="79735621" role=""/>
  <member type="way" ref="75419669" role=""/>
  <member type="way" ref="75419615" role=""/>
  <member type="way" ref="172088553" role=""/>
  <member type="way" ref="172088555" role=""/>
  <member type="way" ref="172088410" role=""/>
  <member type="way" ref="1006238410" role=""/>
  <member type="way" ref="1006238409" role=""/>
  <member type="way" ref="79734197" role=""/>
  <member type="way" ref="79734199" role=""/>
  <member type="way" ref="1006238411" role=""/>
  <member type="way" ref="172088131" role=""/>
  <member type="way" ref="784539614" role=""/>
  <member type="way" ref="172088133" role=""/>
  <member type="way" ref="172087954" role=""/>
  <member type="way" ref="784539612" role=""/>
  <member type="way" ref="172087956" role=""/>
  <member type="way" ref="55799158" role=""/>
  <member type="way" ref="55799155" role=""/>
  <member type="way" ref="1275352830" role=""/>
  <member type="way" ref="1275352831" role=""/>
  <member type="way" ref="55799166" role=""/>
  <member type="way" ref="1018870157" role=""/>
  <member type="way" ref="1018870158" role=""/>
  <member type="way" ref="172085835" role=""/>
  <member type="way" ref="1018870159" role=""/>
  <member type="way" ref="172085827" role=""/>
  <member type="way" ref="954681574" role=""/>
  <member type="way" ref="954681573" role=""/>
  <member type="way" ref="172085821" role=""/>
  <member type="way" ref="172085826" role=""/>
  <member type="way" ref="172085822" role=""/>
  <member type="way" ref="172085819" role=""/>
  <member type="way" ref="172085829" role=""/>
  <member type="way" ref="172085832" role=""/>
  <member type="way" ref="55799174" role=""/>
  <member type="way" ref="55799173" role=""/>
  <member type="way" ref="172085823" role=""/>
  <member type="way" ref="1136542681" role=""/>
  <member type="way" ref="1136586561" role=""/>
  <member type="way" ref="1136542680" role=""/>
  <member type="way" ref="1138417454" role=""/>
  <member type="way" ref="1232716005" role=""/>
  <member type="way" ref="172085816" role=""/>
  <member type="way" ref="172084087" role=""/>
  <member type="way" ref="784539611" role=""/>
  <member type="way" ref="172084092" role=""/>
  <member type="way" ref="1275410315" role=""/>
  <member type="way" ref="55799168" role=""/>
  <member type="way" ref="172082277" role=""/>
  <member type="way" ref="1275413094" role=""/>
  <member type="way" ref="1275413095" role=""/>
  <member type="way" ref="172082278" role=""/>
  <member type="way" ref="1275447848" role=""/>
  <member type="way" ref="1275447847" role=""/>
  <member type="way" ref="172082284" role=""/>
  <member type="way" ref="172082296" role=""/>
  <member type="way" ref="172082290" role=""/>
  <member type="way" ref="1275450936" role=""/>
  <member type="way" ref="172082304" role=""/>
  <member type="way" ref="55799189" role=""/>
  <member type="way" ref="55799186" role=""/>
  <member type="way" ref="1275452794" role=""/>
  <member type="way" ref="1275452795" role=""/>
  <member type="way" ref="1275452793" role=""/>
  <member type="way" ref="1281753728" role=""/>
  <member type="way" ref="1275452998" role=""/>
  <member type="way" ref="172076870" role=""/>
  <member type="way" ref="172076869" role=""/>
  <member type="way" ref="1275700882" role=""/>
  <member type="way" ref="172075428" role=""/>
  <member type="way" ref="1275713174" role=""/>
  <member type="way" ref="1275713175" role=""/>
  <member type="way" ref="172075434" role=""/>
  <member type="way" ref="172071254" role=""/>
  <member type="way" ref="172071252" role=""/>
  <member type="way" ref="1275754329" role=""/>
  <member type="way" ref="1275724784" role=""/>
  <member type="way" ref="1135237161" role=""/>
  <member type="way" ref="23954562" role=""/>
  <member type="way" ref="1133304014" role=""/>
  <member type="way" ref="1293130372" role=""/>
  <member type="way" ref="1133304015" role=""/>
  <member type="way" ref="1293130370" role=""/>
  <member type="way" ref="1135237156" role=""/>
  <member type="way" ref="1135237155" role=""/>
  <member type="way" ref="1135237152" role=""/>
  <member type="way" ref="1135237150" role=""/>
  <member type="way" ref="1135237146" role=""/>
  <member type="way" ref="1293130369" role=""/>
  <member type="way" ref="1135237144" role=""/>
  <member type="way" ref="1135237143" role=""/>
  <member type="way" ref="1293618977" role=""/>
  <member type="way" ref="1135237139" role=""/>
  <member type="way" ref="1293618981" role=""/>
  <member type="way" ref="1135237135" role=""/>
  <member type="way" ref="1135237133" role=""/>
  <member type="way" ref="1218089799" role=""/>
  <member type="way" ref="1135237132" role=""/>
  <member type="way" ref="354703878" role=""/>
  <member type="way" ref="1135237129" role=""/>
  <member type="way" ref="1135237130" role=""/>
  <member type="way" ref="1135237127" role=""/>
  <member type="way" ref="1135237126" role=""/>
  <member type="way" ref="326023362" role=""/>
  <member type="way" ref="730242304" role=""/>
  <member type="way" ref="730242303" role=""/>
  <member type="way" ref="1135251992" role=""/>
  <member type="way" ref="1293130368" role=""/>
  <member type="way" ref="1135251988" role=""/>
  <member type="way" ref="1135251987" role=""/>
  <member type="way" ref="326023363" role=""/>
  <member type="way" ref="1135251985" role=""/>
  <member type="way" ref="1135251981" role=""/>
  <member type="way" ref="790522620" role=""/>
  <member type="way" ref="178787864" role=""/>
  <member type="way" ref="178787860" role=""/>
  <member type="way" ref="293534667" role=""/>
  <member type="way" ref="293534666" role=""/>
  <member type="way" ref="178786274" role=""/>
  <member type="way" ref="1135251979" role=""/>
  <member type="way" ref="1135251978" role=""/>
  <member type="way" ref="178786277" role=""/>
  <member type="way" ref="178784475" role=""/>
  <member type="way" ref="178784472" role=""/>
  <member type="way" ref="289478525" role=""/>
  <member type="way" ref="289478527" role=""/>
  <member type="way" ref="289472668" role=""/>
  <member type="way" ref="289472670" role=""/>
  <member type="way" ref="289481494" role=""/>
  <member type="way" ref="289481493" role=""/>
  <member type="way" ref="289484203" role=""/>
  <member type="way" ref="289484202" role=""/>
  <member type="way" ref="289424091" role=""/>
  <member type="way" ref="289424089" role=""/>
  <member type="way" ref="997178188" role=""/>
  <member type="way" ref="289625186" role=""/>
  <member type="way" ref="289625183" role=""/>
  <member type="way" ref="1316826071" role=""/>
  <member type="way" ref="1316826072" role=""/>
  <member type="way" ref="108383199" role=""/>
  <member type="way" ref="998244782" role=""/>
  <member type="way" ref="998244781" role=""/>
  <member type="way" ref="178802413" role=""/>
  <member type="way" ref="790522612" role=""/>
  <member type="way" ref="239059737" role=""/>
  <member type="way" ref="239059865" role=""/>
  <member type="way" ref="860607362" role=""/>
  <member type="way" ref="998234466" role=""/>
  <member type="way" ref="998236288" role=""/>
  <member type="way" ref="998236287" role=""/>
  <member type="way" ref="998236285" role=""/>
  <member type="way" ref="838172960" role=""/>
  <member type="way" ref="1316826074" role=""/>
  <member type="way" ref="1316826073" role=""/>
  <member type="way" ref="1108391075" role=""/>
  <member type="way" ref="1108391074" role=""/>
  <member type="way" ref="1330054496" role=""/>
  <member type="way" ref="1341284420" role=""/>
  <member type="way" ref="31609230" role=""/>
  <member type="way" ref="1108391077" role=""/>
  <member type="way" ref="1108391079" role=""/>
  <member type="way" ref="998237720" role=""/>
  <member type="way" ref="998240108" role=""/>
  <member type="way" ref="998240111" role=""/>
  <member type="way" ref="998240107" role=""/>
  <member type="way" ref="998240490" role=""/>
  <member type="way" ref="998237721" role=""/>
  <member type="way" ref="998249491" role=""/>
  <member type="way" ref="998249490" role=""/>
  <member type="way" ref="998250510" role=""/>
  <member type="way" ref="997041989" role=""/>
  <member type="way" ref="739096056" role=""/>
  <member type="way" ref="313900193" role=""/>
  <member type="way" ref="313900194" role=""/>
  <member type="way" ref="313900196" role=""/>
  <member type="way" ref="313900197" role=""/>
  <member type="way" ref="1229802415" role=""/>
  <member type="way" ref="1306187067" role=""/>
  <member type="way" ref="1306187066" role=""/>
  <member type="way" ref="1306187065" role=""/>
  <member type="way" ref="1306187064" role=""/>
  <member type="way" ref="1320839528" role=""/>
  <member type="way" ref="1320839529" role=""/>
  <member type="way" ref="1330054494" role=""/>
  <member type="way" ref="1330054495" role=""/>
  <member type="way" ref="313900198" role=""/>
  <member type="way" ref="31609234" role=""/>
  <member type="way" ref="995740665" role=""/>
  <member type="way" ref="995740664" role=""/>
  <member type="way" ref="178802399" role=""/>
  <member type="way" ref="995740663" role=""/>
  <member type="way" ref="995740662" role=""/>
  <member type="way" ref="995740660" role=""/>
  <member type="way" ref="996652360" role=""/>
  <member type="way" ref="996652359" role=""/>
  <member type="way" ref="996652358" role=""/>
  <member type="way" ref="1320839526" role=""/>
  <member type="way" ref="1320839527" role=""/>
  <member type="way" ref="996654652" role=""/>
  <member type="way" ref="996654651" role=""/>
  <member type="way" ref="996654650" role=""/>
  <member type="way" ref="996655376" role=""/>
  <member type="way" ref="996655375" role=""/>
  <member type="way" ref="996655374" role=""/>
  <member type="way" ref="1306187068" role=""/>
  <member type="way" ref="178802410" role=""/>
  <member type="way" ref="1306187069" role=""/>
  <member type="way" ref="1306187070" role=""/>
  <member type="way" ref="1014072534" role=""/>
  <member type="way" ref="996718284" role=""/>
  <member type="way" ref="996718285" role=""/>
  <member type="way" ref="907748319" role=""/>
  <member type="way" ref="255221691" role=""/>
  <member type="way" ref="790537685" role=""/>
  <member type="way" ref="996719191" role=""/>
  <member type="way" ref="996719189" role=""/>
  <member type="way" ref="996720450" role=""/>
  <member type="way" ref="996720449" role=""/>
  <member type="way" ref="309654237" role=""/>
  <member type="way" ref="1071732891" role=""/>
  <member type="way" ref="1242100675" role=""/>
  <member type="way" ref="527285618" role=""/>
  <member type="way" ref="1015084809" role=""/>
  <member type="way" ref="815576790" role=""/>
  <member type="way" ref="1252702214" role=""/>
  <member type="way" ref="1396803670" role=""/>
  <member type="way" ref="255395280" role=""/>
  <member type="way" ref="255395278" role=""/>
  <member type="way" ref="527554288" role=""/>
  <member type="way" ref="527541291" role=""/>
  <member type="way" ref="255391474" role=""/>
  <member type="way" ref="527190047" role=""/>
  <member type="way" ref="1004178131" role=""/>
  <member type="way" ref="1004178133" role=""/>
  <member type="way" ref="527262167" role=""/>
  <member type="way" ref="1004178130" role=""/>
  <member type="way" ref="996730277" role=""/>
  <member type="way" ref="527262765" role=""/>
  <member type="way" ref="1004178129" role=""/>
  <member type="way" ref="527263405" role=""/>
  <member type="way" ref="527263036" role=""/>
  <member type="way" ref="527543548" role=""/>
  <member type="way" ref="527263787" role=""/>
  <member type="way" ref="527263788" role=""/>
  <member type="way" ref="1004178126" role=""/>
  <member type="way" ref="528181601" role=""/>
  <member type="way" ref="527264333" role=""/>
  <member type="way" ref="1004176575" role=""/>
  <member type="way" ref="31609215" role=""/>
  <member type="way" ref="1004174967" role=""/>
  <member type="way" ref="1004174969" role=""/>
  <member type="way" ref="1004178118" role=""/>
  <member type="way" ref="1004175262" role=""/>
  <member type="way" ref="1004178123" role=""/>
  <member type="way" ref="1004176574" role=""/>
  <member type="way" ref="1004180958" role=""/>
  <member type="way" ref="1004175749" role=""/>
  <member type="way" ref="1004176572" role=""/>
  <member type="way" ref="1014072535" role=""/>
  <member type="way" ref="996731424" role=""/>
  <member type="way" ref="528766944" role=""/>
  <member type="way" ref="1020977573" role=""/>
  <member type="way" ref="1004176571" role=""/>
  <member type="way" ref="1004178121" role=""/>
  <member type="way" ref="1276511452" role=""/>
  <member type="way" ref="1004178122" role=""/>
  <member type="way" ref="1348713260" role=""/>
  <member type="way" ref="1280688572" role=""/>
  <member type="way" ref="1276511451" role=""/>
  <member type="way" ref="1004699282" role=""/>
  <member type="way" ref="1004699280" role=""/>
  <member type="way" ref="948135954" role=""/>
  <member type="way" ref="1014382044" role=""/>
  <member type="way" ref="948135955" role=""/>
  <member type="way" ref="273860842" role=""/>
  <member type="way" ref="273860843" role=""/>
  <member type="way" ref="997248555" role=""/>
  <member type="way" ref="1133936730" role=""/>
  <member type="way" ref="1133936731" role=""/>
  <member type="way" ref="309600710" role=""/>
  <member type="way" ref="132791745" role=""/>
  <member type="way" ref="1197148195" role=""/>
  <member type="way" ref="1105936468" role=""/>
  <member type="way" ref="39894313" role=""/>
  <member type="way" ref="997261652" role=""/>
  <member type="way" ref="239945560" role=""/>
  <member type="way" ref="997261651" role=""/>
  <member type="way" ref="997261650" role=""/>
  <member type="way" ref="997226776" role=""/>
  <member type="way" ref="997226767" role=""/>
  <member type="way" ref="997286288" role=""/>
  <member type="way" ref="41289043" role=""/>
  <member type="way" ref="822737726" role=""/>
  <member type="way" ref="174393584" role=""/>
  <member type="way" ref="842118265" role=""/>
  <member type="way" ref="790537692" role=""/>
  <member type="way" ref="181527428" role=""/>
  <member type="way" ref="997592080" role=""/>
  <member type="way" ref="181527431" role=""/>
  <member type="way" ref="273901964" role=""/>
  <member type="way" ref="273901967" role=""/>
  <member type="way" ref="273901966" role=""/>
  <member type="way" ref="273901968" role=""/>
  <member type="way" ref="273901949" role=""/>
  <member type="way" ref="790537697" role=""/>
  <member type="way" ref="143410468" role=""/>
  <member type="way" ref="790537703" role=""/>
  <member type="way" ref="273861033" role=""/>
  <tag k="from" v="Campo Grande"/>
  <tag k="name" v="Ônibus: Campo Grande → Macaé"/>
  <tag k="network" v="DETRO"/>
  <tag k="note" v="Verificar itinerário."/>
  <tag k="operator" v="1001"/>
  <tag k="public_transport:version" v="2"/>
  <tag k="route" v="bus"/>
  <tag k="to" v="Macaé"/>
  <tag k="type" v="route"/>
  <tag k="via" v="Unamar;Barra de São João;Rio das Ostras"/>
 </relation>
 <relation id="10983190" visible="true" version="1" changeset="83380234" timestamp="2020-04-10T19:32:59Z" user="gbragaalves" uid="8762954">
  <member type="relation" ref="10983189" role=""/>
  <member type="relation" ref="10983188" role=""/>
  <tag k="name" v="Ônibus: Campo Grande → Macaé"/>
  <tag k="network" v="DETRO"/>
  <tag k="operator" v="1001"/>
  <tag k="route_master" v="bus"/>
  <tag k="type" v="route_master"/>
 </relation>
 <relation id="14173833" visible="true" version="12" changeset="181781981" timestamp="2026-04-24T20:02:33Z" user="Fidelis Assis" uid="1675654">
  <member type="way" ref="1062942246" role="outer"/>
  <member type="way" ref="1097403828" role="outer"/>
  <member type="way" ref="1097515117" role="outer"/>
  <member type="way" ref="1097403825" role="outer"/>
  <member type="way" ref="1097515114" role="outer"/>
  <member type="way" ref="1097403827" role="outer"/>
  <member type="way" ref="1097403818" role="outer"/>
  <member type="way" ref="1062942247" role="outer"/>
  <member type="way" ref="1097403819" role="outer"/>
  <member type="way" ref="1097403820" role="outer"/>
  <member type="way" ref="1062764136" role="outer"/>
  <member type="way" ref="1097515110" role="outer"/>
  <member type="way" ref="1097515119" role="outer"/>
  <member type="way" ref="10938690" role="outer"/>
  <member type="way" ref="1097515126" role="outer"/>
  <member type="way" ref="1097515139" role="outer"/>
  <member type="way" ref="1097515140" role="outer"/>
  <member type="way" ref="1096778061" role="outer"/>
  <member type="way" ref="1062942250" role="outer"/>
  <member type="way" ref="1097373820" role="outer"/>
  <member type="way" ref="1097403855" role="outer"/>
  <member type="way" ref="1097515134" role="outer"/>
  <member type="way" ref="1097515141" role="outer"/>
  <member type="way" ref="1097373821" role="outer"/>
  <member type="way" ref="1097403858" role="outer"/>
  <member type="way" ref="1097373827" role="outer"/>
  <member type="way" ref="1097373828" role="outer"/>
  <member type="way" ref="1097403857" role="outer"/>
  <member type="way" ref="1097403863" role="outer"/>
  <member type="way" ref="1062942255" role="outer"/>
  <member type="way" ref="1062942254" role="outer"/>
  <member type="way" ref="1062942253" role="outer"/>
  <member type="way" ref="1062942252" role="outer"/>
  <member type="way" ref="1062942251" role="outer"/>
  <member type="node" ref="13741409327" role="label"/>
  <tag k="admin_level" v="9"/>
  <tag k="boundary" v="administrative"/>
  <tag k="IBGE:GEOCODIGO" v="330490420"/>
  <tag k="name" v="Neves"/>
  <tag k="population" v="144205"/>
  <tag k="population:date" v="2022"/>
  <tag k="source" v="IBGE"/>
  <tag k="source:population" v="IBGE 2025-04-17"/>
  <tag k="type" v="boundary"/>
  <tag k="wikidata" v="Q10336515"/>
 </relation>
 <relation id="14617919" visible="true" version="1" changeset="126586586" timestamp="2022-09-24T15:34:59Z" user="Fidelis Assis" uid="1675654">
  <member type="node" ref="10049319675" role="label"/>
  <member type="way" ref="1097515110" role="outer"/>
  <member type="way" ref="1097515111" role="outer"/>
  <member type="way" ref="1097515157" role="outer"/>
  <member type="way" ref="1097515113" role="outer"/>
  <member type="way" ref="1097403819" role="outer"/>
  <member type="way" ref="1097403820" role="outer"/>
  <member type="way" ref="1062764136" role="outer"/>
  <member type="way" ref="1062942252" role="outer"/>
  <member type="way" ref="1062942251" role="outer"/>
  <tag k="admin_level" v="10"/>
  <tag k="boundary" v="administrative"/>
  <tag k="name" v="Neves I"/>
  <tag k="type" v="boundary"/>
 </relation>
 <relation id="14617920" visible="true" version="1" changeset="126586586" timestamp="2022-09-24T15:34:59Z" user="Fidelis Assis" uid="1675654">
  <member type="way" ref="1062942254" role="outer"/>
  <member type="node" ref="10049319676" role="label"/>
  <member type="way" ref="1097515155" role="outer"/>
  <member type="way" ref="1097515115" role="outer"/>
  <member type="way" ref="1097515151" role="outer"/>
  <member type="way" ref="1097515121" role="outer"/>
  <member type="way" ref="1097515119" role="outer"/>
  <member type="way" ref="1097515111" role="outer"/>
  <tag k="admin_level" v="10"/>
  <tag k="boundary" v="administrative"/>
  <tag k="name" v="Porto Velho"/>
  <tag k="type" v="boundary"/>
 </relation>
 <relation id="14617924" visible="true" version="1" changeset="126586586" timestamp="2022-09-24T15:34:59Z" user="Fidelis Assis" uid="1675654">
  <member type="node" ref="10049342488" role="label"/>
  <member type="way" ref="1097515147" role="outer"/>
  <member type="way" ref="1097515133" role="outer"/>
  <member type="way" ref="10938690" role="outer"/>
  <member type="way" ref="1097515121" role="outer"/>
  <member type="way" ref="1097515150" role="outer"/>
  <member type="way" ref="1097515123" role="outer"/>
  <member type="way" ref="1062942255" role="outer"/>
  <tag k="admin_level" v="10"/>
  <tag k="boundary" v="administrative"/>
  <tag k="name" v="Gradim"/>
  <tag k="type" v="boundary"/>
 </relation>
 <relation id="16747602" visible="true" version="1" changeset="144384218" timestamp="2023-11-23T21:30:58Z" user="Marcos_Itba_Kaart" uid="12689837">
  <member type="way" ref="260442289" role="from"/>
  <member type="way" ref="176501818" role="to"/>
  <member type="node" ref="1870174809" role="via"/>
  <tag k="restriction" v="only_right_turn"/>
  <tag k="type" v="restriction"/>
 </relation>
 <relation id="17503971" visible="true" version="1" changeset="150365372" timestamp="2024-04-22T20:37:36Z" user="Fidelis Assis" uid="1675654">
  <member type="node" ref="11839153999" role="sign"/>
  <member type="node" ref="1870171644" role="intersection"/>
  <member type="way" ref="1275057099" role="from"/>
  <member type="way" ref="176501880" role="to"/>
  <tag k="colour:arrow" v="white"/>
  <tag k="colour:back" v="green"/>
  <tag k="colour:text" v="white"/>
  <tag k="destination" v="São Gonçalo;Niterói;RETORNO"/>
  <tag k="type" v="destination_sign"/>
 </relation>
 <relation id="18049987" visible="true" version="6" changeset="156701850" timestamp="2024-09-16T19:04:29Z" user="fbello" uid="79543">
  <member type="relation" ref="18049998" role=""/>
  <member type="relation" ref="18049986" role=""/>
  <member type="relation" ref="18050813" role=""/>
  <member type="relation" ref="18050110" role=""/>
  <member type="relation" ref="18050081" role=""/>
  <member type="relation" ref="4605584" role=""/>
  <tag k="name" v="Rodovia Governador Mário Covas"/>
  <tag k="network" v="BR"/>
  <tag k="operator" v="DNIT"/>
  <tag k="ref" v="BR-101"/>
  <tag k="route_master" v="road"/>
  <tag k="source:name" v="Lei 10.292/01"/>
  <tag k="type" v="route_master"/>
  <tag k="wikidata" v="Q2877408"/>
  <tag k="wikipedia" v="pt:BR-101"/>
 </relation>
 <relation id="18050110" visible="true" version="38" changeset="181815911" timestamp="2026-04-25T17:14:21Z" user="Pedro Souza Costa" uid="21298810">
  <member type="way" ref="1315828072" role=""/>
  <member type="way" ref="1315828071" role=""/>
  <member type="way" ref="1247347178" role=""/>
  <member type="way" ref="1247347179" role=""/>
  <member type="way" ref="1247347180" role=""/>
  <member type="way" ref="1247347181" role=""/>
  <member type="way" ref="30145942" role=""/>
  <member type="way" ref="1254980223" role=""/>
  <member type="way" ref="1254980224" role=""/>
  <member type="way" ref="841130957" role=""/>
  <member type="way" ref="841130956" role=""/>
  <member type="way" ref="484534779" role="forward"/>
  <member type="way" ref="484534784" role="forward"/>
  <member type="way" ref="484534789" role="forward"/>
  <member type="way" ref="484534783" role="forward"/>
  <member type="way" ref="484534780" role="forward"/>
  <member type="way" ref="484534771" role="forward"/>
  <member type="way" ref="484534772" role="forward"/>
  <member type="way" ref="484534778" role="forward"/>
  <member type="way" ref="995307540" role=""/>
  <member type="way" ref="995307539" role=""/>
  <member type="way" ref="995307538" role=""/>
  <member type="way" ref="815669486" role=""/>
  <member type="way" ref="996895348" role=""/>
  <member type="way" ref="995307541" role=""/>
  <member type="way" ref="815669482" role=""/>
  <member type="way" ref="815669480" role=""/>
  <member type="way" ref="815669483" role=""/>
  <member type="way" ref="815669484" role=""/>
  <member type="way" ref="815669485" role=""/>
  <member type="way" ref="107693750" role=""/>
  <member type="way" ref="1190246531" role=""/>
  <member type="way" ref="1190246530" role=""/>
  <member type="way" ref="995329649" role=""/>
  <member type="way" ref="995329648" role=""/>
  <member type="way" ref="685108848" role=""/>
  <member type="way" ref="685108847" role=""/>
  <member type="way" ref="685108846" role=""/>
  <member type="way" ref="996729428" role=""/>
  <member type="way" ref="996729427" role=""/>
  <member type="way" ref="996729426" role=""/>
  <member type="way" ref="996729425" role=""/>
  <member type="way" ref="1469247997" role=""/>
  <member type="way" ref="685108845" role=""/>
  <member type="way" ref="107693777" role=""/>
  <member type="way" ref="25300874" role=""/>
  <member type="way" ref="995399187" role="forward"/>
  <member type="way" ref="594631727" role="forward"/>
  <member type="way" ref="742683010" role="forward"/>
  <member type="way" ref="742683008" role="forward"/>
  <member type="way" ref="995399186" role="forward"/>
  <member type="way" ref="995399188" role="forward"/>
  <member type="way" ref="742683009" role="forward"/>
  <member type="way" ref="742683007" role="forward"/>
  <member type="way" ref="594631728" role="forward"/>
  <member type="way" ref="995399189" role="forward"/>
  <member type="way" ref="996726457" role=""/>
  <member type="way" ref="815671394" role=""/>
  <member type="way" ref="996726459" role=""/>
  <member type="way" ref="894708553" role=""/>
  <member type="way" ref="894708552" role=""/>
  <member type="way" ref="594631726" role=""/>
  <member type="way" ref="996702960" role=""/>
  <member type="way" ref="996702961" role=""/>
  <member type="way" ref="996701875" role=""/>
  <member type="way" ref="996701876" role=""/>
  <member type="way" ref="996701043" role=""/>
  <member type="way" ref="1317876745" role=""/>
  <member type="way" ref="1317876742" role=""/>
  <member type="way" ref="1317876744" role=""/>
  <member type="way" ref="1317876743" role=""/>
  <member type="way" ref="260034789" role=""/>
  <member type="way" ref="1101191576" role=""/>
  <member type="way" ref="1423085427" role=""/>
  <member type="way" ref="640287913" role=""/>
  <member type="way" ref="1103532239" role=""/>
  <member type="way" ref="695717200" role=""/>
  <member type="way" ref="1317036907" role=""/>
  <member type="way" ref="640287911" role=""/>
  <member type="way" ref="640287910" role=""/>
  <member type="way" ref="1153949556" role=""/>
  <member type="way" ref="640287909" role=""/>
  <member type="way" ref="640287906" role=""/>
  <member type="way" ref="640287905" role=""/>
  <member type="way" ref="640287904" role=""/>
  <member type="way" ref="640287902" role=""/>
  <member type="way" ref="640287901" role=""/>
  <member type="way" ref="640287899" role=""/>
  <member type="way" ref="261105139" role=""/>
  <member type="way" ref="640287895" role=""/>
  <member type="way" ref="325042402" role=""/>
  <member type="way" ref="325042404" role=""/>
  <member type="way" ref="640287891" role=""/>
  <member type="way" ref="640287889" role=""/>
  <member type="way" ref="39913523" role=""/>
  <member type="way" ref="39913522" role="forward"/>
  <member type="way" ref="298631123" role="forward"/>
  <member type="way" ref="996661084" role="forward"/>
  <member type="way" ref="41289047" role="forward"/>
  <member type="way" ref="969538513" role="forward"/>
  <member type="way" ref="969538512" role="forward"/>
  <member type="way" ref="298631161" role="forward"/>
  <member type="way" ref="158073469" role="forward"/>
  <member type="way" ref="696276561" role="forward"/>
  <member type="way" ref="89395228" role="forward"/>
  <member type="way" ref="228116429" role="forward"/>
  <member type="way" ref="158073468" role="forward"/>
  <member type="way" ref="263299306" role="forward"/>
  <member type="way" ref="552350921" role="forward"/>
  <member type="way" ref="298631119" role="forward"/>
  <member type="way" ref="228129658" role="forward"/>
  <member type="way" ref="997278917" role="forward"/>
  <member type="way" ref="997263074" role="forward"/>
  <member type="way" ref="949269697" role="forward"/>
  <member type="way" ref="30145939" role="forward"/>
  <member type="way" ref="298020399" role="forward"/>
  <member type="way" ref="41170099" role="forward"/>
  <member type="way" ref="41170097" role="forward"/>
  <member type="way" ref="997571359" role="forward"/>
  <member type="way" ref="552350918" role=""/>
  <member type="way" ref="997570264" role=""/>
  <member type="way" ref="697056580" role=""/>
  <member type="way" ref="997573250" role=""/>
  <member type="way" ref="997573249" role=""/>
  <member type="way" ref="997573247" role=""/>
  <member type="way" ref="997573246" role=""/>
  <member type="way" ref="997573245" role=""/>
  <member type="way" ref="997573243" role=""/>
  <member type="way" ref="105558350" role=""/>
  <member type="way" ref="105558355" role="forward"/>
  <member type="way" ref="405557735" role="forward"/>
  <member type="way" ref="1026694786" role="forward"/>
  <member type="way" ref="274711469" role="forward"/>
  <member type="way" ref="696549435" role="forward"/>
  <member type="way" ref="298631126" role="forward"/>
  <member type="way" ref="274711467" role="forward"/>
  <member type="way" ref="105558359" role="forward"/>
  <member type="way" ref="1026694787" role="forward"/>
  <member type="way" ref="274711468" role="forward"/>
  <member type="way" ref="298631127" role="forward"/>
  <member type="way" ref="696549434" role="forward"/>
  <member type="way" ref="298631128" role="forward"/>
  <member type="way" ref="274711466" role="forward"/>
  <member type="way" ref="39913525" role="forward"/>
  <member type="way" ref="1328835246" role=""/>
  <member type="way" ref="423858377" role=""/>
  <member type="way" ref="852292671" role=""/>
  <member type="way" ref="1328835247" role=""/>
  <member type="way" ref="1328835250" role=""/>
  <member type="way" ref="1328835249" role=""/>
  <member type="way" ref="1328835248" role=""/>
  <member type="way" ref="1328835251" role=""/>
  <member type="way" ref="1328835252" role=""/>
  <member type="way" ref="423858391" role=""/>
  <member type="way" ref="852321827" role=""/>
  <member type="way" ref="885972002" role=""/>
  <member type="way" ref="1328835253" role=""/>
  <member type="way" ref="441858651" role=""/>
  <member type="way" ref="1173736095" role=""/>
  <member type="way" ref="103805459" role=""/>
  <member type="way" ref="996680269" role=""/>
  <member type="way" ref="996680274" role=""/>
  <member type="way" ref="996680270" role=""/>
  <member type="way" ref="996680273" role=""/>
  <member type="way" ref="441865644" role=""/>
  <member type="way" ref="103805436" role=""/>
  <member type="way" ref="961616737" role=""/>
  <member type="way" ref="103805457" role=""/>
  <member type="way" ref="1328835245" role=""/>
  <member type="way" ref="1328835244" role=""/>
  <member type="way" ref="1328835243" role=""/>
  <member type="way" ref="1328835242" role=""/>
  <member type="way" ref="995644977" role=""/>
  <member type="way" ref="995644978" role=""/>
  <member type="way" ref="1328835241" role=""/>
  <member type="way" ref="1328835240" role=""/>
  <member type="way" ref="186353862" role=""/>
  <member type="way" ref="186353858" role=""/>
  <member type="way" ref="996678165" role="forward"/>
  <member type="way" ref="103805290" role="forward"/>
  <member type="way" ref="312588092" role="forward"/>
  <member type="way" ref="312588094" role="forward"/>
  <member type="way" ref="1073983416" role="forward"/>
  <member type="way" ref="996677200" role="forward"/>
  <member type="way" ref="312588095" role="forward"/>
  <member type="way" ref="312588091" role="forward"/>
  <member type="way" ref="1252562891" role="forward"/>
  <member type="way" ref="312588093" role="forward"/>
  <member type="way" ref="312588090" role="forward"/>
  <member type="way" ref="103805444" role="forward"/>
  <member type="way" ref="1252562890" role=""/>
  <member type="way" ref="1254909905" role=""/>
  <member type="way" ref="1254909901" role=""/>
  <member type="way" ref="1254909904" role=""/>
  <member type="way" ref="1254909900" role=""/>
  <member type="way" ref="1414270888" role=""/>
  <member type="way" ref="423858380" role=""/>
  <member type="way" ref="1254909903" role=""/>
  <member type="way" ref="1254909902" role=""/>
  <member type="way" ref="1328590013" role=""/>
  <member type="way" ref="1328835239" role=""/>
  <member type="way" ref="1252562889" role=""/>
  <member type="way" ref="1328835238" role=""/>
  <member type="way" ref="1328590014" role=""/>
  <member type="way" ref="423858374" role=""/>
  <member type="way" ref="423858372" role=""/>
  <member type="way" ref="423858369" role=""/>
  <member type="way" ref="1252562888" role=""/>
  <member type="way" ref="995569707" role=""/>
  <member type="way" ref="1252554029" role=""/>
  <member type="way" ref="1252554028" role=""/>
  <member type="way" ref="440539163" role=""/>
  <member type="way" ref="1131609930" role=""/>
  <member type="way" ref="1131609929" role=""/>
  <member type="way" ref="995569708" role=""/>
  <member type="way" ref="441865645" role="forward"/>
  <member type="way" ref="995607345" role="forward"/>
  <member type="way" ref="440609857" role="forward"/>
  <member type="way" ref="1356396491" role="forward"/>
  <member type="way" ref="1131609934" role="forward"/>
  <member type="way" ref="440539164" role="forward"/>
  <member type="way" ref="1131240656" role="forward"/>
  <member type="way" ref="440539170" role="forward"/>
  <member type="way" ref="480428432" role="forward"/>
  <member type="way" ref="664516573" role="forward"/>
  <member type="way" ref="1131240655" role="forward"/>
  <member type="way" ref="664516572" role="forward"/>
  <member type="way" ref="1131240654" role="forward"/>
  <member type="way" ref="1131240653" role="forward"/>
  <member type="way" ref="1131240652" role="forward"/>
  <member type="way" ref="103805383" role="forward"/>
  <member type="way" ref="440609858" role="forward"/>
  <member type="way" ref="440609860" role="forward"/>
  <member type="way" ref="325056168" role="forward"/>
  <member type="way" ref="1131622747" role="forward"/>
  <member type="way" ref="1131622748" role="forward"/>
  <member type="way" ref="1131622746" role="forward"/>
  <member type="way" ref="1131622744" role="forward"/>
  <member type="way" ref="1131622743" role="forward"/>
  <member type="way" ref="1131622742" role="forward"/>
  <member type="way" ref="1131622740" role="forward"/>
  <member type="way" ref="325056157" role="forward"/>
  <member type="way" ref="440605060" role="forward"/>
  <member type="way" ref="552385115" role="forward"/>
  <member type="way" ref="552385114" role="forward"/>
  <member type="way" ref="1131622736" role="forward"/>
  <member type="way" ref="961613813" role="forward"/>
  <member type="way" ref="742682437" role="forward"/>
  <member type="way" ref="606406075" role="forward"/>
  <member type="way" ref="363481357" role="forward"/>
  <member type="way" ref="363481358" role="forward"/>
  <member type="way" ref="305846656" role="forward"/>
  <member type="way" ref="305846659" role="forward"/>
  <member type="way" ref="724155709" role="forward"/>
  <member type="way" ref="1073373738" role="forward"/>
  <member type="way" ref="1073373737" role="forward"/>
  <member type="way" ref="325092017" role="forward"/>
  <member type="way" ref="724155707" role="forward"/>
  <member type="way" ref="1133497362" role="forward"/>
  <member type="way" ref="325085101" role="forward"/>
  <member type="way" ref="325085102" role="forward"/>
  <member type="way" ref="1131609931" role="forward"/>
  <member type="way" ref="440539165" role="forward"/>
  <member type="way" ref="1131609932" role="forward"/>
  <member type="way" ref="1131609933" role="forward"/>
  <member type="way" ref="480428439" role="forward"/>
  <member type="way" ref="480428431" role="forward"/>
  <member type="way" ref="664516571" role="forward"/>
  <member type="way" ref="1131609935" role="forward"/>
  <member type="way" ref="664516570" role="forward"/>
  <member type="way" ref="1131609936" role="forward"/>
  <member type="way" ref="440539169" role="forward"/>
  <member type="way" ref="1131609937" role="forward"/>
  <member type="way" ref="480428429" role="forward"/>
  <member type="way" ref="1131240651" role="forward"/>
  <member type="way" ref="325056134" role="forward"/>
  <member type="way" ref="1131622745" role="forward"/>
  <member type="way" ref="995421235" role="forward"/>
  <member type="way" ref="1131622741" role="forward"/>
  <member type="way" ref="1279998915" role="forward"/>
  <member type="way" ref="1131622739" role="forward"/>
  <member type="way" ref="995421236" role="forward"/>
  <member type="way" ref="1131622737" role="forward"/>
  <member type="way" ref="440605061" role="forward"/>
  <member type="way" ref="552385117" role="forward"/>
  <member type="way" ref="552385119" role="forward"/>
  <member type="way" ref="995422945" role="forward"/>
  <member type="way" ref="742682435" role="forward"/>
  <member type="way" ref="961613816" role="forward"/>
  <member type="way" ref="961613815" role="forward"/>
  <member type="way" ref="305915758" role="forward"/>
  <member type="way" ref="1133497366" role="forward"/>
  <member type="way" ref="1152758544" role="forward"/>
  <member type="way" ref="961613814" role="forward"/>
  <member type="way" ref="229031304" role="forward"/>
  <member type="way" ref="1133497365" role="forward"/>
  <member type="way" ref="663797590" role="forward"/>
  <member type="way" ref="229031303" role="forward"/>
  <member type="way" ref="305915761" role="forward"/>
  <member type="way" ref="305915762" role="forward"/>
  <member type="way" ref="724155708" role="forward"/>
  <member type="way" ref="305915764" role="forward"/>
  <member type="way" ref="1279788538" role="forward"/>
  <member type="way" ref="1279788537" role="forward"/>
  <member type="way" ref="1279681028" role="forward"/>
  <member type="way" ref="1072858702" role="forward"/>
  <member type="way" ref="1072858703" role="forward"/>
  <member type="way" ref="325092018" role="forward"/>
  <member type="way" ref="325092016" role="forward"/>
  <member type="way" ref="1279663801" role="forward"/>
  <member type="way" ref="1279663800" role="forward"/>
  <member type="way" ref="384771149" role="forward"/>
  <member type="way" ref="995586883" role="forward"/>
  <member type="way" ref="325085103" role="forward"/>
  <member type="way" ref="325085100" role=""/>
  <member type="way" ref="312477828" role=""/>
  <member type="way" ref="1279653376" role=""/>
  <member type="way" ref="312477829" role=""/>
  <member type="way" ref="1279651630" role=""/>
  <member type="way" ref="1279651631" role=""/>
  <member type="way" ref="1279651629" role=""/>
  <member type="way" ref="995581361" role=""/>
  <member type="way" ref="995581362" role=""/>
  <member type="way" ref="312110326" role=""/>
  <member type="way" ref="1279470257" role=""/>
  <member type="way" ref="312110327" role=""/>
  <member type="way" ref="995267377" role=""/>
  <member type="way" ref="1279444820" role=""/>
  <member type="way" ref="995615755" role=""/>
  <member type="way" ref="995615753" role=""/>
  <member type="way" ref="995609183" role=""/>
  <member type="way" ref="995612188" role=""/>
  <member type="way" ref="1279444253" role=""/>
  <member type="way" ref="312110329" role=""/>
  <member type="way" ref="995609182" role=""/>
  <member type="way" ref="995609181" role=""/>
  <member type="way" ref="995609180" role=""/>
  <member type="way" ref="995609185" role=""/>
  <member type="way" ref="995609189" role=""/>
  <member type="way" ref="995609188" role=""/>
  <member type="way" ref="995632939" role=""/>
  <member type="way" ref="103805426" role=""/>
  <member type="way" ref="133020787" role=""/>
  <member type="way" ref="995631534" role=""/>
  <member type="way" ref="995631535" role=""/>
  <member type="way" ref="133020786" role=""/>
  <member type="way" ref="24643732" role=""/>
  <member type="way" ref="995631538" role=""/>
  <member type="way" ref="995631537" role=""/>
  <member type="way" ref="166829927" role=""/>
  <member type="way" ref="885995190" role=""/>
  <member type="way" ref="885995189" role=""/>
  <member type="way" ref="995624404" role=""/>
  <member type="way" ref="885995188" role=""/>
  <member type="way" ref="995621086" role=""/>
  <member type="way" ref="995621085" role=""/>
  <member type="way" ref="995640282" role=""/>
  <member type="way" ref="995640281" role=""/>
  <member type="way" ref="995640280" role=""/>
  <member type="way" ref="995638347" role=""/>
  <member type="way" ref="1279360422" role=""/>
  <member type="way" ref="995638346" role=""/>
  <member type="way" ref="166829969" role=""/>
  <member type="way" ref="1279356595" role=""/>
  <member type="way" ref="1279356594" role=""/>
  <member type="way" ref="1279355685" role=""/>
  <member type="way" ref="1264646482" role=""/>
  <member type="way" ref="243871239" role="forward"/>
  <member type="way" ref="243871235" role="forward"/>
  <member type="way" ref="243871244" role="forward"/>
  <member type="way" ref="243871238" role="forward"/>
  <member type="way" ref="243871236" role="forward"/>
  <member type="way" ref="243871243" role="forward"/>
  <member type="way" ref="1135253220" role=""/>
  <member type="way" ref="243871237" role=""/>
  <member type="way" ref="1279169026" role=""/>
  <member type="way" ref="886020443" role=""/>
  <member type="way" ref="1279075565" role=""/>
  <member type="way" ref="886020444" role=""/>
  <member type="way" ref="724155706" role=""/>
  <member type="way" ref="1278936604" role=""/>
  <member type="way" ref="724155705" role=""/>
  <member type="way" ref="1279169027" role=""/>
  <member type="way" ref="1278933089" role=""/>
  <member type="way" ref="441997959" role=""/>
  <member type="way" ref="325067405" role="forward"/>
  <member type="way" ref="441997957" role="forward"/>
  <member type="way" ref="325074060" role="forward"/>
  <member type="way" ref="961609476" role="forward"/>
  <member type="way" ref="1017920606" role="forward"/>
  <member type="way" ref="1017920609" role="forward"/>
  <member type="way" ref="606408967" role="forward"/>
  <member type="way" ref="1307347882" role="forward"/>
  <member type="way" ref="1307347883" role="forward"/>
  <member type="way" ref="384774717" role="forward"/>
  <member type="way" ref="433861038" role="forward"/>
  <member type="way" ref="552236741" role="forward"/>
  <member type="way" ref="441997964" role="forward"/>
  <member type="way" ref="433861024" role="forward"/>
  <member type="way" ref="433861026" role="forward"/>
  <member type="way" ref="1280176097" role="forward"/>
  <member type="way" ref="1280176098" role="forward"/>
  <member type="way" ref="1217082099" role="forward"/>
  <member type="way" ref="1217082100" role="forward"/>
  <member type="way" ref="433861047" role="forward"/>
  <member type="way" ref="325074064" role="forward"/>
  <member type="way" ref="325074040" role="forward"/>
  <member type="way" ref="441997956" role="forward"/>
  <member type="way" ref="1278340152" role="forward"/>
  <member type="way" ref="1278339903" role="forward"/>
  <member type="way" ref="606408965" role="forward"/>
  <member type="way" ref="1017920607" role="forward"/>
  <member type="way" ref="1017920608" role="forward"/>
  <member type="way" ref="606408970" role="forward"/>
  <member type="way" ref="441997961" role="forward"/>
  <member type="way" ref="1307347880" role="forward"/>
  <member type="way" ref="1307347881" role="forward"/>
  <member type="way" ref="325067415" role="forward"/>
  <member type="way" ref="1278330692" role="forward"/>
  <member type="way" ref="1280176095" role="forward"/>
  <member type="way" ref="552236737" role="forward"/>
  <member type="way" ref="1278324787" role="forward"/>
  <member type="way" ref="1278323151" role="forward"/>
  <member type="way" ref="1278322392" role="forward"/>
  <member type="way" ref="1279148781" role="forward"/>
  <member type="way" ref="441997963" role="forward"/>
  <member type="way" ref="1280176096" role="forward"/>
  <member type="way" ref="1278302742" role="forward"/>
  <member type="way" ref="433861025" role="forward"/>
  <member type="way" ref="1278300753" role="forward"/>
  <member type="way" ref="433861031" role="forward"/>
  <member type="way" ref="1277910880" role="forward"/>
  <member type="way" ref="1280176099" role="forward"/>
  <member type="way" ref="1277910879" role="forward"/>
  <member type="way" ref="1277910878" role="forward"/>
  <member type="way" ref="441997962" role="forward"/>
  <member type="way" ref="1075175614" role=""/>
  <member type="way" ref="1135253219" role=""/>
  <member type="way" ref="1217082101" role=""/>
  <member type="way" ref="441997958" role=""/>
  <member type="way" ref="1277914688" role=""/>
  <member type="way" ref="1280167273" role=""/>
  <member type="way" ref="1154155382" role=""/>
  <member type="way" ref="1469816958" role=""/>
  <member type="way" ref="640318501" role=""/>
  <member type="way" ref="1280167276" role=""/>
  <member type="way" ref="1280167275" role=""/>
  <member type="way" ref="640318516" role=""/>
  <member type="way" ref="1280167274" role=""/>
  <member type="way" ref="1280167278" role=""/>
  <member type="way" ref="640318513" role=""/>
  <member type="way" ref="1280167277" role=""/>
  <member type="way" ref="640320752" role=""/>
  <member type="way" ref="1280167280" role=""/>
  <member type="way" ref="1280167279" role=""/>
  <member type="way" ref="1280167281" role=""/>
  <member type="way" ref="1217082098" role=""/>
  <member type="way" ref="1217082097" role=""/>
  <member type="way" ref="1469816959" role=""/>
  <member type="way" ref="1280167283" role=""/>
  <member type="way" ref="640318523" role=""/>
  <member type="way" ref="480291781" role=""/>
  <member type="way" ref="440644780" role="forward"/>
  <member type="way" ref="820925755" role="forward"/>
  <member type="way" ref="820925754" role="forward"/>
  <member type="way" ref="440644790" role="forward"/>
  <member type="way" ref="440644776" role="forward"/>
  <member type="way" ref="1277620905" role="forward"/>
  <member type="way" ref="1277620906" role="forward"/>
  <member type="way" ref="480291786" role="forward"/>
  <member type="way" ref="480285659" role="forward"/>
  <member type="way" ref="1239201496" role="forward"/>
  <member type="way" ref="1239201497" role="forward"/>
  <member type="way" ref="552231095" role="forward"/>
  <member type="way" ref="552231094" role="forward"/>
  <member type="way" ref="440644782" role="forward"/>
  <member type="way" ref="440644775" role="forward"/>
  <member type="way" ref="440644773" role="forward"/>
  <member type="way" ref="480285660" role="forward"/>
  <member type="way" ref="480285662" role="forward"/>
  <member type="way" ref="166829924" role="forward"/>
  <member type="way" ref="166829900" role="forward"/>
  <member type="way" ref="166829910" role="forward"/>
  <member type="way" ref="440644781" role="forward"/>
  <member type="way" ref="490238843" role="forward"/>
  <member type="way" ref="442051411" role="forward"/>
  <member type="way" ref="490238835" role="forward"/>
  <member type="way" ref="440644771" role="forward"/>
  <member type="way" ref="166829939" role="forward"/>
  <member type="way" ref="166829975" role="forward"/>
  <member type="way" ref="166829918" role="forward"/>
  <member type="way" ref="640037071" role="forward"/>
  <member type="way" ref="640037070" role="forward"/>
  <member type="way" ref="166829977" role="forward"/>
  <member type="way" ref="683618997" role="forward"/>
  <member type="way" ref="683618996" role="forward"/>
  <member type="way" ref="640037105" role="forward"/>
  <member type="way" ref="480276745" role="forward"/>
  <member type="way" ref="723582945" role="forward"/>
  <member type="way" ref="307235127" role="forward"/>
  <member type="way" ref="742681238" role="forward"/>
  <member type="way" ref="742681239" role="forward"/>
  <member type="way" ref="307235126" role="forward"/>
  <member type="way" ref="166829925" role="forward"/>
  <member type="way" ref="166829976" role="forward"/>
  <member type="way" ref="166829923" role="forward"/>
  <member type="way" ref="166829892" role="forward"/>
  <member type="way" ref="552112159" role="forward"/>
  <member type="way" ref="172066863" role="forward"/>
  <member type="way" ref="405831047" role="forward"/>
  <member type="way" ref="172066849" role="forward"/>
  <member type="way" ref="172066851" role="forward"/>
  <member type="way" ref="1469205086" role="forward"/>
  <member type="way" ref="1467149402" role="forward"/>
  <member type="way" ref="1467149403" role="forward"/>
  <member type="way" ref="55799188" role="forward"/>
  <member type="way" ref="172071251" role="forward"/>
  <member type="way" ref="172071250" role="forward"/>
  <member type="way" ref="172075436" role="forward"/>
  <member type="way" ref="172075425" role="forward"/>
  <member type="way" ref="172076876" role="forward"/>
  <member type="way" ref="1490380458" role="forward"/>
  <member type="way" ref="1490380459" role="forward"/>
  <member type="way" ref="172076872" role="forward"/>
  <member type="way" ref="55799190" role="forward"/>
  <member type="way" ref="55799169" role="forward"/>
  <member type="way" ref="172082302" role="forward"/>
  <member type="way" ref="172082280" role="forward"/>
  <member type="way" ref="172082279" role="forward"/>
  <member type="way" ref="172082298" role="forward"/>
  <member type="way" ref="1018870164" role="forward"/>
  <member type="way" ref="1018870163" role="forward"/>
  <member type="way" ref="1063664453" role="forward"/>
  <member type="way" ref="172082294" role="forward"/>
  <member type="way" ref="172082286" role="forward"/>
  <member type="way" ref="1024210844" role="forward"/>
  <member type="way" ref="1026366283" role="forward"/>
  <member type="way" ref="29179107" role="forward"/>
  <member type="way" ref="172084093" role="forward"/>
  <member type="way" ref="784539594" role="forward"/>
  <member type="way" ref="172084085" role="forward"/>
  <member type="way" ref="1136542679" role="forward"/>
  <member type="way" ref="172085818" role="forward"/>
  <member type="way" ref="172085820" role="forward"/>
  <member type="way" ref="1018870162" role="forward"/>
  <member type="way" ref="55799175" role="forward"/>
  <member type="way" ref="55799167" role="forward"/>
  <member type="way" ref="172085817" role="forward"/>
  <member type="way" ref="172085833" role="forward"/>
  <member type="way" ref="172085831" role="forward"/>
  <member type="way" ref="172085834" role="forward"/>
  <member type="way" ref="1018870161" role="forward"/>
  <member type="way" ref="172085825" role="forward"/>
  <member type="way" ref="954681576" role="forward"/>
  <member type="way" ref="954681575" role="forward"/>
  <member type="way" ref="172085830" role="forward"/>
  <member type="way" ref="1018870160" role="forward"/>
  <member type="way" ref="172085828" role="forward"/>
  <member type="way" ref="1018870156" role="forward"/>
  <member type="way" ref="29179108" role="forward"/>
  <member type="way" ref="366053079" role="forward"/>
  <member type="way" ref="172086340" role="forward"/>
  <member type="way" ref="784539593" role="forward"/>
  <member type="way" ref="55799157" role="forward"/>
  <member type="way" ref="55799156" role="forward"/>
  <member type="way" ref="172087950" role="forward"/>
  <member type="way" ref="172087953" role="forward"/>
  <member type="way" ref="172088130" role="forward"/>
  <member type="way" ref="784539590" role="forward"/>
  <member type="way" ref="172088134" role="forward"/>
  <member type="way" ref="1095209735" role="forward"/>
  <member type="way" ref="79734195" role="forward"/>
  <member type="way" ref="1095209732" role="forward"/>
  <member type="way" ref="79734196" role="forward"/>
  <member type="way" ref="742680128" role="forward"/>
  <member type="way" ref="742680129" role="forward"/>
  <member type="way" ref="1006238408" role="forward"/>
  <member type="way" ref="1090320573" role="forward"/>
  <member type="way" ref="172088411" role="forward"/>
  <member type="way" ref="172088556" role="forward"/>
  <member type="way" ref="172088554" role="forward"/>
  <member type="way" ref="75419662" role="forward"/>
  <member type="way" ref="75419665" role="forward"/>
  <member type="way" ref="79735616" role="forward"/>
  <member type="way" ref="79735615" role="forward"/>
  <member type="way" ref="593533716" role="forward"/>
  <member type="way" ref="593533717" role="forward"/>
  <member type="way" ref="206868468" role="forward"/>
  <member type="way" ref="593533722" role="forward"/>
  <member type="way" ref="593533721" role="forward"/>
  <member type="way" ref="206868467" role="forward"/>
  <member type="way" ref="33126676" role="forward"/>
  <member type="way" ref="29179801" role="forward"/>
  <member type="way" ref="172088887" role="forward"/>
  <member type="way" ref="172088884" role="forward"/>
  <member type="way" ref="172089007" role="forward"/>
  <member type="way" ref="172089009" role="forward"/>
  <member type="way" ref="72007533" role="forward"/>
  <member type="way" ref="72007534" role="forward"/>
  <member type="way" ref="172089949" role="forward"/>
  <member type="way" ref="172089951" role="forward"/>
  <member type="way" ref="38560553" role="forward"/>
  <member type="way" ref="38560554" role="forward"/>
  <member type="way" ref="38560576" role="forward"/>
  <member type="way" ref="38560580" role="forward"/>
  <member type="way" ref="46206965" role="forward"/>
  <member type="way" ref="46206964" role="forward"/>
  <member type="way" ref="46206737" role="forward"/>
  <member type="way" ref="46206736" role="forward"/>
  <member type="way" ref="46205686" role="forward"/>
  <member type="way" ref="46205595" role="forward"/>
  <member type="way" ref="46205602" role="forward"/>
  <member type="way" ref="46205604" role="forward"/>
  <member type="way" ref="172090197" role="forward"/>
  <member type="way" ref="172090198" role="forward"/>
  <member type="way" ref="103428643" role="forward"/>
  <member type="way" ref="103428642" role="forward"/>
  <member type="way" ref="172091106" role="forward"/>
  <member type="way" ref="172091099" role="forward"/>
  <member type="way" ref="187152695" role="forward"/>
  <member type="way" ref="997035030" role="forward"/>
  <member type="way" ref="187152698" role="forward"/>
  <member type="way" ref="603162862" role="forward"/>
  <member type="way" ref="437968991" role="forward"/>
  <member type="way" ref="29179048" role="forward"/>
  <member type="way" ref="958239584" role="forward"/>
  <member type="way" ref="172091103" role="forward"/>
  <member type="way" ref="172091104" role="forward"/>
  <member type="way" ref="172091101" role="forward"/>
  <member type="way" ref="172091105" role="forward"/>
  <member type="way" ref="16137613" role="forward"/>
  <member type="way" ref="149430534" role="forward"/>
  <member type="way" ref="992547140" role="forward"/>
  <member type="way" ref="871216178" role="forward"/>
  <member type="way" ref="871216177" role="forward"/>
  <member type="way" ref="784357983" role="forward"/>
  <member type="way" ref="256859701" role="forward"/>
  <member type="way" ref="980647760" role="forward"/>
  <member type="way" ref="256859700" role="forward"/>
  <member type="way" ref="952780249" role="forward"/>
  <member type="way" ref="149430518" role="forward"/>
  <member type="way" ref="33637005" role="forward"/>
  <member type="way" ref="168631825" role="forward"/>
  <member type="way" ref="168631817" role="forward"/>
  <member type="way" ref="44688777" role="forward"/>
  <member type="way" ref="168631811" role="forward"/>
  <member type="way" ref="156662378" role="forward"/>
  <member type="way" ref="168631823" role="forward"/>
  <member type="way" ref="44688825" role="forward"/>
  <member type="way" ref="37312439" role="forward"/>
  <member type="way" ref="1156773285" role="forward"/>
  <member type="way" ref="14770293" role="forward"/>
  <member type="way" ref="149430528" role="forward"/>
  <member type="way" ref="953173230" role="forward"/>
  <member type="way" ref="15092055" role="forward"/>
  <member type="way" ref="785221959" role="forward"/>
  <member type="way" ref="953176913" role="forward"/>
  <member type="way" ref="42167942" role="forward"/>
  <member type="way" ref="307819755" role="forward"/>
  <member type="way" ref="42167941" role="forward"/>
  <member type="way" ref="298138388" role="forward"/>
  <member type="way" ref="797755007" role="forward"/>
  <member type="way" ref="1347372838" role="forward"/>
  <member type="way" ref="1254046990" role="forward"/>
  <member type="way" ref="1347372849" role="forward"/>
  <member type="way" ref="163675241" role="forward"/>
  <member type="way" ref="794590902" role="forward"/>
  <member type="way" ref="294898360" role="forward"/>
  <member type="way" ref="41089576" role="forward"/>
  <member type="way" ref="797721130" role="forward"/>
  <member type="way" ref="41089566" role="forward"/>
  <member type="way" ref="150787865" role="forward"/>
  <member type="way" ref="40167383" role="forward"/>
  <member type="way" ref="209949094" role="forward"/>
  <member type="way" ref="40167382" role="forward"/>
  <member type="way" ref="163675239" role="forward"/>
  <member type="way" ref="1059087289" role="forward"/>
  <member type="way" ref="1347372779" role="forward"/>
  <member type="way" ref="976358113" role="forward"/>
  <member type="way" ref="763001682" role="forward"/>
  <member type="way" ref="734003937" role="forward"/>
  <member type="way" ref="15092006" role="forward"/>
  <member type="way" ref="14825426" role="forward"/>
  <member type="way" ref="163681381" role="forward"/>
  <member type="way" ref="163681377" role="forward"/>
  <member type="way" ref="793134159" role="forward"/>
  <member type="way" ref="734018041" role="forward"/>
  <member type="way" ref="30119358" role="forward"/>
  <member type="way" ref="30119356" role="forward"/>
  <member type="way" ref="1064558960" role="forward"/>
  <member type="way" ref="30119334" role="forward"/>
  <member type="way" ref="793134160" role="forward"/>
  <member type="way" ref="823860503" role="forward"/>
  <member type="way" ref="310823129" role="forward"/>
  <member type="way" ref="310823132" role="forward"/>
  <member type="way" ref="964622401" role="forward"/>
  <member type="way" ref="734009438" role="forward"/>
  <member type="way" ref="30119314" role="forward"/>
  <member type="way" ref="734003936" role="forward"/>
  <member type="way" ref="964051635" role="forward"/>
  <member type="way" ref="14699404" role="forward"/>
  <member type="way" ref="1064558954" role="forward"/>
  <member type="way" ref="1333750033" role="forward"/>
  <member type="way" ref="734011306" role="forward"/>
  <member type="way" ref="111994815" role="forward"/>
  <member type="way" ref="111994824" role="forward"/>
  <member type="way" ref="111994865" role="forward"/>
  <member type="way" ref="111994863" role="forward"/>
  <member type="way" ref="44097527" role="forward"/>
  <member type="way" ref="763000414" role="forward"/>
  <member type="way" ref="44097529" role="forward"/>
  <member type="way" ref="964052800" role="forward"/>
  <member type="way" ref="784369391" role="forward"/>
  <member type="way" ref="860645759" role="forward"/>
  <member type="way" ref="860645760" role="forward"/>
  <member type="way" ref="427316653" role="forward"/>
  <member type="way" ref="427316656" role="forward"/>
  <member type="way" ref="46426106" role="forward"/>
  <member type="way" ref="46426124" role="forward"/>
  <member type="way" ref="957902014" role="forward"/>
  <member type="way" ref="931566534" role="forward"/>
  <member type="way" ref="897659676" role="forward"/>
  <member type="way" ref="267277503" role="forward"/>
  <member type="way" ref="267277500" role="forward"/>
  <member type="way" ref="163680415" role="forward"/>
  <member type="way" ref="163680416" role="forward"/>
  <member type="way" ref="163680425" role="forward"/>
  <member type="way" ref="734011305" role="forward"/>
  <member type="way" ref="163680427" role="forward"/>
  <member type="way" ref="782569008" role="forward"/>
  <member type="way" ref="755560913" role="forward"/>
  <member type="way" ref="45855255" role="forward"/>
  <member type="way" ref="45855256" role="forward"/>
  <member type="way" ref="734022249" role="forward"/>
  <member type="way" ref="45850389" role="forward"/>
  <member type="way" ref="864579200" role="forward"/>
  <member type="way" ref="864579199" role="forward"/>
  <member type="way" ref="727956879" role="forward"/>
  <member type="way" ref="45850390" role="forward"/>
  <member type="way" ref="727956878" role="forward"/>
  <member type="way" ref="74395303" role="forward"/>
  <member type="way" ref="733785713" role="forward"/>
  <member type="way" ref="46341350" role="forward"/>
  <member type="way" ref="733785712" role="forward"/>
  <member type="way" ref="163679871" role="forward"/>
  <member type="way" ref="163679875" role="forward"/>
  <member type="way" ref="163679866" role="forward"/>
  <member type="way" ref="163679860" role="forward"/>
  <member type="way" ref="163679884" role="forward"/>
  <member type="way" ref="163679867" role="forward"/>
  <member type="way" ref="733785686" role="forward"/>
  <member type="way" ref="47952483" role="forward"/>
  <member type="way" ref="47952482" role="forward"/>
  <member type="way" ref="1010275734" role="forward"/>
  <member type="way" ref="47952490" role="forward"/>
  <member type="way" ref="1010275733" role="forward"/>
  <member type="way" ref="47952489" role="forward"/>
  <member type="way" ref="734018051" role="forward"/>
  <member type="way" ref="161689975" role="forward"/>
  <member type="way" ref="161689978" role="forward"/>
  <member type="way" ref="968702788" role="forward"/>
  <member type="way" ref="968702787" role="forward"/>
  <member type="way" ref="163679858" role="forward"/>
  <member type="way" ref="734667436" role="forward"/>
  <member type="way" ref="1010275732" role="forward"/>
  <member type="way" ref="163679863" role="forward"/>
  <member type="way" ref="880999670" role="forward"/>
  <member type="way" ref="734667435" role="forward"/>
  <member type="way" ref="14695051" role="forward"/>
  <member type="way" ref="163679868" role="forward"/>
  <member type="way" ref="727926925" role="forward"/>
  <member type="way" ref="959193187" role="forward"/>
  <member type="way" ref="959193188" role="forward"/>
  <member type="way" ref="727959110" role="forward"/>
  <member type="way" ref="959193186" role="forward"/>
  <member type="way" ref="727959109" role="forward"/>
  <member type="way" ref="733096715" role="forward"/>
  <member type="way" ref="959193185" role="forward"/>
  <member type="way" ref="959193183" role="forward"/>
  <member type="way" ref="959193184" role="forward"/>
  <member type="way" ref="163679879" role="forward"/>
  <member type="way" ref="959193182" role="forward"/>
  <member type="way" ref="1029371214" role="forward"/>
  <member type="way" ref="936394455" role="forward"/>
  <member type="way" ref="1029371213" role="forward"/>
  <member type="way" ref="441952861" role="forward"/>
  <member type="way" ref="727949433" role="forward"/>
  <member type="way" ref="959193181" role="forward"/>
  <member type="way" ref="441952860" role="forward"/>
  <member type="way" ref="1029371215" role="forward"/>
  <member type="way" ref="727949437" role="forward"/>
  <member type="way" ref="727949438" role="forward"/>
  <member type="way" ref="14700328" role="forward"/>
  <member type="way" ref="116701339" role="forward"/>
  <member type="way" ref="116701323" role="forward"/>
  <member type="way" ref="116701336" role="forward"/>
  <member type="way" ref="116701345" role="forward"/>
  <member type="way" ref="171301154" role="forward"/>
  <member type="way" ref="171301127" role="forward"/>
  <member type="way" ref="742057472" role="forward"/>
  <member type="way" ref="116721955" role="forward"/>
  <member type="way" ref="116721977" role="forward"/>
  <member type="way" ref="171301153" role="forward"/>
  <member type="way" ref="654460373" role="forward"/>
  <member type="way" ref="742057480" role="forward"/>
  <member type="way" ref="723582942" role="forward"/>
  <member type="way" ref="171301162" role="forward"/>
  <member type="way" ref="171301161" role="forward"/>
  <member type="way" ref="171301134" role="forward"/>
  <member type="way" ref="734691818" role="forward"/>
  <member type="way" ref="171301160" role="forward"/>
  <member type="way" ref="734691816" role="forward"/>
  <member type="way" ref="960212875" role="forward"/>
  <member type="way" ref="171301136" role="forward"/>
  <member type="way" ref="734691815" role="forward"/>
  <member type="way" ref="734904147" role="forward"/>
  <member type="way" ref="789762353" role="forward"/>
  <member type="way" ref="171301155" role="forward"/>
  <member type="way" ref="128413116" role="forward"/>
  <member type="way" ref="128413136" role="forward"/>
  <member type="way" ref="171301149" role="forward"/>
  <member type="way" ref="1064558269" role="forward"/>
  <member type="way" ref="171301167" role="forward"/>
  <member type="way" ref="30615973" role="forward"/>
  <member type="way" ref="30615971" role="forward"/>
  <member type="way" ref="171301168" role="forward"/>
  <member type="way" ref="171301164" role="forward"/>
  <member type="way" ref="734694930" role="forward"/>
  <member type="way" ref="734697182" role="forward"/>
  <member type="way" ref="171301144" role="forward"/>
  <member type="way" ref="171301131" role="forward"/>
  <member type="way" ref="1136537338" role="forward"/>
  <member type="way" ref="1136537337" role="forward"/>
  <member type="way" ref="734694935" role="forward"/>
  <member type="way" ref="723250489" role="forward"/>
  <member type="way" ref="842259567" role="forward"/>
  <member type="way" ref="1277905484" role="forward"/>
  <member type="way" ref="325074045" role="forward"/>
  <member type="way" ref="1354952968" role="forward"/>
  <member type="way" ref="1277904863" role="forward"/>
  <member type="way" ref="1277904496" role="forward"/>
  <member type="way" ref="820925752" role="forward"/>
  <member type="way" ref="820925753" role="forward"/>
  <member type="way" ref="440644798" role="forward"/>
  <member type="way" ref="1277623020" role="forward"/>
  <member type="way" ref="1277621231" role="forward"/>
  <member type="way" ref="1277621232" role="forward"/>
  <member type="way" ref="480291784" role="forward"/>
  <member type="way" ref="1277620904" role="forward"/>
  <member type="way" ref="166829928" role="forward"/>
  <member type="way" ref="480291787" role="forward"/>
  <member type="way" ref="480285658" role="forward"/>
  <member type="way" ref="1239201498" role="forward"/>
  <member type="way" ref="1277616024" role="forward"/>
  <member type="way" ref="1239201499" role="forward"/>
  <member type="way" ref="552231096" role="forward"/>
  <member type="way" ref="552231097" role="forward"/>
  <member type="way" ref="1276594282" role="forward"/>
  <member type="way" ref="1276589462" role="forward"/>
  <member type="way" ref="1276592583" role="forward"/>
  <member type="way" ref="1276594283" role="forward"/>
  <member type="way" ref="1276589744" role="forward"/>
  <member type="way" ref="166829978" role="forward"/>
  <member type="way" ref="1278594401" role="forward"/>
  <member type="way" ref="1276588330" role="forward"/>
  <member type="way" ref="166829926" role="forward"/>
  <member type="way" ref="1276587488" role="forward"/>
  <member type="way" ref="166829960" role="forward"/>
  <member type="way" ref="1276244954" role="forward"/>
  <member type="way" ref="440644774" role="forward"/>
  <member type="way" ref="440644778" role="forward"/>
  <member type="way" ref="440644779" role="forward"/>
  <member type="way" ref="440644777" role="forward"/>
  <member type="way" ref="166829987" role="forward"/>
  <member type="way" ref="1276239552" role="forward"/>
  <member type="way" ref="1276239551" role="forward"/>
  <member type="way" ref="490238834" role="forward"/>
  <member type="way" ref="480283488" role="forward"/>
  <member type="way" ref="440648877" role="forward"/>
  <member type="way" ref="440648889" role="forward"/>
  <member type="way" ref="1276223993" role="forward"/>
  <member type="way" ref="1276189897" role="forward"/>
  <member type="way" ref="640037068" role="forward"/>
  <member type="way" ref="640037072" role="forward"/>
  <member type="way" ref="640037069" role="forward"/>
  <member type="way" ref="1276230693" role="forward"/>
  <member type="way" ref="480276746" role="forward"/>
  <member type="way" ref="1275869800" role="forward"/>
  <member type="way" ref="1276223994" role="forward"/>
  <member type="way" ref="683618994" role="forward"/>
  <member type="way" ref="640037110" role="forward"/>
  <member type="way" ref="723582944" role="forward"/>
  <member type="way" ref="1275863492" role="forward"/>
  <member type="way" ref="440648885" role="forward"/>
  <member type="way" ref="742681237" role="forward"/>
  <member type="way" ref="742681240" role="forward"/>
  <member type="way" ref="552165733" role="forward"/>
  <member type="way" ref="1275863154" role="forward"/>
  <member type="way" ref="1275863153" role="forward"/>
  <member type="way" ref="440648894" role="forward"/>
  <member type="way" ref="440648882" role="forward"/>
  <member type="way" ref="440648891" role="forward"/>
  <member type="way" ref="440648875" role="forward"/>
  <member type="way" ref="551875365" role="forward"/>
  <member type="way" ref="1275857051" role="forward"/>
  <member type="way" ref="424435161" role="forward"/>
  <member type="way" ref="260442046" role="forward"/>
  <member type="way" ref="30600396" role="forward"/>
  <member type="way" ref="172071253" role="forward"/>
  <member type="way" ref="1275724784" role="forward"/>
  <member type="way" ref="1275754329" role="forward"/>
  <member type="way" ref="172071252" role="forward"/>
  <member type="way" ref="172071254" role="forward"/>
  <member type="way" ref="172075434" role="forward"/>
  <member type="way" ref="1275713175" role="forward"/>
  <member type="way" ref="1275713174" role="forward"/>
  <member type="way" ref="172075428" role="forward"/>
  <member type="way" ref="1275700882" role="forward"/>
  <member type="way" ref="172076869" role="forward"/>
  <member type="way" ref="172076870" role="forward"/>
  <member type="way" ref="1275452998" role="forward"/>
  <member type="way" ref="1281753728" role="forward"/>
  <member type="way" ref="1275452793" role="forward"/>
  <member type="way" ref="1275452795" role="forward"/>
  <member type="way" ref="1275452794" role="forward"/>
  <member type="way" ref="55799186" role="forward"/>
  <member type="way" ref="55799189" role="forward"/>
  <member type="way" ref="172082304" role="forward"/>
  <member type="way" ref="1275450936" role="forward"/>
  <member type="way" ref="172082290" role="forward"/>
  <member type="way" ref="172082296" role="forward"/>
  <member type="way" ref="172082284" role="forward"/>
  <member type="way" ref="1275447847" role="forward"/>
  <member type="way" ref="1275447848" role="forward"/>
  <member type="way" ref="172082278" role="forward"/>
  <member type="way" ref="1275413095" role="forward"/>
  <member type="way" ref="1275413094" role="forward"/>
  <member type="way" ref="172082277" role="forward"/>
  <member type="way" ref="55799168" role="forward"/>
  <member type="way" ref="1275410315" role="forward"/>
  <member type="way" ref="172084092" role="forward"/>
  <member type="way" ref="784539611" role="forward"/>
  <member type="way" ref="172084087" role="forward"/>
  <member type="way" ref="172085816" role="forward"/>
  <member type="way" ref="1232716005" role="forward"/>
  <member type="way" ref="1138417454" role="forward"/>
  <member type="way" ref="1136542680" role="forward"/>
  <member type="way" ref="1136586561" role="forward"/>
  <member type="way" ref="1136542681" role="forward"/>
  <member type="way" ref="172085823" role="forward"/>
  <member type="way" ref="55799173" role="forward"/>
  <member type="way" ref="55799174" role="forward"/>
  <member type="way" ref="172085832" role="forward"/>
  <member type="way" ref="172085829" role="forward"/>
  <member type="way" ref="172085819" role="forward"/>
  <member type="way" ref="172085822" role="forward"/>
  <member type="way" ref="172085826" role="forward"/>
  <member type="way" ref="172085821" role="forward"/>
  <member type="way" ref="954681573" role="forward"/>
  <member type="way" ref="954681574" role="forward"/>
  <member type="way" ref="172085827" role="forward"/>
  <member type="way" ref="1018870159" role="forward"/>
  <member type="way" ref="172085835" role="forward"/>
  <member type="way" ref="1018870158" role="forward"/>
  <member type="way" ref="1018870157" role="forward"/>
  <member type="way" ref="55799166" role="forward"/>
  <member type="way" ref="1275352831" role="forward"/>
  <member type="way" ref="1275352830" role="forward"/>
  <member type="way" ref="55799155" role="forward"/>
  <member type="way" ref="55799158" role="forward"/>
  <member type="way" ref="172087956" role="forward"/>
  <member type="way" ref="784539612" role="forward"/>
  <member type="way" ref="172087954" role="forward"/>
  <member type="way" ref="172088133" role="forward"/>
  <member type="way" ref="784539614" role="forward"/>
  <member type="way" ref="172088131" role="forward"/>
  <member type="way" ref="79734199" role="forward"/>
  <member type="way" ref="1006238411" role="forward"/>
  <member type="way" ref="79734197" role="forward"/>
  <member type="way" ref="1006238409" role="forward"/>
  <member type="way" ref="1006238410" role="forward"/>
  <member type="way" ref="172088410" role="forward"/>
  <member type="way" ref="172088555" role="forward"/>
  <member type="way" ref="172088553" role="forward"/>
  <member type="way" ref="75419615" role="forward"/>
  <member type="way" ref="75419669" role="forward"/>
  <member type="way" ref="79735621" role="forward"/>
  <member type="way" ref="79735619" role="forward"/>
  <member type="way" ref="593533712" role="forward"/>
  <member type="way" ref="593533715" role="forward"/>
  <member type="way" ref="206868474" role="forward"/>
  <member type="way" ref="206868470" role="forward"/>
  <member type="way" ref="593533719" role="forward"/>
  <member type="way" ref="593533720" role="forward"/>
  <member type="way" ref="30600395" role="forward"/>
  <member type="way" ref="33126691" role="forward"/>
  <member type="way" ref="172088879" role="forward"/>
  <member type="way" ref="172088883" role="forward"/>
  <member type="way" ref="172089010" role="forward"/>
  <member type="way" ref="172089006" role="forward"/>
  <member type="way" ref="72007535" role="forward"/>
  <member type="way" ref="72007536" role="forward"/>
  <member type="way" ref="172089945" role="forward"/>
  <member type="way" ref="172089948" role="forward"/>
  <member type="way" ref="38560556" role="forward"/>
  <member type="way" ref="38560555" role="forward"/>
  <member type="way" ref="38560575" role="forward"/>
  <member type="way" ref="38560579" role="forward"/>
  <member type="way" ref="46206971" role="forward"/>
  <member type="way" ref="46206967" role="forward"/>
  <member type="way" ref="46206738" role="forward"/>
  <member type="way" ref="46206739" role="forward"/>
  <member type="way" ref="46205683" role="forward"/>
  <member type="way" ref="46205679" role="forward"/>
  <member type="way" ref="46205544" role="forward"/>
  <member type="way" ref="46205608" role="forward"/>
  <member type="way" ref="172090199" role="forward"/>
  <member type="way" ref="172090200" role="forward"/>
  <member type="way" ref="103428637" role="forward"/>
  <member type="way" ref="103428641" role="forward"/>
  <member type="way" ref="1275057716" role="forward"/>
  <member type="way" ref="172091100" role="forward"/>
  <member type="way" ref="1275057099" role="forward"/>
  <member type="way" ref="172091109" role="forward"/>
  <member type="way" ref="187152697" role="forward"/>
  <member type="way" ref="187152692" role="forward"/>
  <member type="way" ref="997035029" role="forward"/>
  <member type="way" ref="1275049278" role="forward"/>
  <member type="way" ref="603162861" role="forward"/>
  <member type="way" ref="33126690" role="forward"/>
  <member type="way" ref="437968990" role="forward"/>
  <member type="way" ref="316524396" role="forward"/>
  <member type="way" ref="172091102" role="forward"/>
  <member type="way" ref="172091111" role="forward"/>
  <member type="way" ref="980647766" role="forward"/>
  <member type="way" ref="172091110" role="forward"/>
  <member type="way" ref="958244433" role="forward"/>
  <member type="way" ref="958244432" role="forward"/>
  <member type="way" ref="16135695" role="forward"/>
  <member type="way" ref="1063402800" role="forward"/>
  <member type="way" ref="871216180" role="forward"/>
  <member type="way" ref="784357985" role="forward"/>
  <member type="way" ref="871216189" role="forward"/>
  <member type="way" ref="871216190" role="forward"/>
  <member type="way" ref="183173832" role="forward"/>
  <member type="way" ref="149430535" role="forward"/>
  <member type="way" ref="980647763" role="forward"/>
  <member type="way" ref="74379645" role="forward"/>
  <member type="way" ref="949746264" role="forward"/>
  <member type="way" ref="1253561912" role="forward"/>
  <member type="way" ref="593119640" role="forward"/>
  <member type="way" ref="1253561913" role="forward"/>
  <member type="way" ref="949746270" role="forward"/>
  <member type="way" ref="949746272" role="forward"/>
  <member type="way" ref="33637000" role="forward"/>
  <member type="way" ref="168631828" role="forward"/>
  <member type="way" ref="168631809" role="forward"/>
  <member type="way" ref="44688876" role="forward"/>
  <member type="way" ref="44688865" role="forward"/>
  <member type="way" ref="156662385" role="forward"/>
  <member type="way" ref="168631815" role="forward"/>
  <member type="way" ref="156662355" role="forward"/>
  <member type="way" ref="252031742" role="forward"/>
  <member type="way" ref="37312440" role="forward"/>
  <member type="way" ref="5082900" role="forward"/>
  <member type="way" ref="1064954353" role="forward"/>
  <member type="way" ref="1132520299" role="forward"/>
  <member type="way" ref="428599646" role="forward"/>
  <member type="way" ref="149430531" role="forward"/>
  <member type="way" ref="15092056" role="forward"/>
  <member type="way" ref="14770613" role="forward"/>
  <member type="way" ref="734904132" role="forward"/>
  <member type="way" ref="952738156" role="forward"/>
  <member type="way" ref="42167938" role="forward"/>
  <member type="way" ref="797746873" role="forward"/>
  <member type="way" ref="952733486" role="forward"/>
  <member type="way" ref="952733316" role="forward"/>
  <member type="way" ref="136208782" role="forward"/>
  <member type="way" ref="295641975" role="forward"/>
  <member type="way" ref="163675233" role="forward"/>
  <member type="way" ref="952726809" role="forward"/>
  <member type="way" ref="797201062" role="forward"/>
  <member type="way" ref="952726438" role="forward"/>
  <member type="way" ref="952724187" role="forward"/>
  <member type="way" ref="1347372848" role="forward"/>
  <member type="way" ref="952721608" role="forward"/>
  <member type="way" ref="952720908" role="forward"/>
  <member type="way" ref="952720909" role="forward"/>
  <member type="way" ref="952720708" role="forward"/>
  <member type="way" ref="294898361" role="forward"/>
  <member type="way" ref="794590904" role="forward"/>
  <member type="way" ref="41089575" role="forward"/>
  <member type="way" ref="41089574" role="forward"/>
  <member type="way" ref="799195879" role="forward"/>
  <member type="way" ref="150787860" role="forward"/>
  <member type="way" ref="40167346" role="forward"/>
  <member type="way" ref="209949093" role="forward"/>
  <member type="way" ref="40167340" role="forward"/>
  <member type="way" ref="763001680" role="forward"/>
  <member type="way" ref="56235530" role="forward"/>
  <member type="way" ref="1059087290" role="forward"/>
  <member type="way" ref="962664828" role="forward"/>
  <member type="way" ref="1458721691" role="forward"/>
  <member type="way" ref="1458721692" role="forward"/>
  <member type="way" ref="976358114" role="forward"/>
  <member type="way" ref="964096517" role="forward"/>
  <member type="way" ref="734003952" role="forward"/>
  <member type="way" ref="995109535" role="forward"/>
  <member type="way" ref="962664830" role="forward"/>
  <member type="way" ref="14825445" role="forward"/>
  <member type="way" ref="163681378" role="forward"/>
  <member type="way" ref="163681379" role="forward"/>
  <member type="way" ref="163681380" role="forward"/>
  <member type="way" ref="734018050" role="forward"/>
  <member type="way" ref="30119361" role="forward"/>
  <member type="way" ref="30119359" role="forward"/>
  <member type="way" ref="30119350" role="forward"/>
  <member type="way" ref="960203349" role="forward"/>
  <member type="way" ref="30119340" role="forward"/>
  <member type="way" ref="310823130" role="forward"/>
  <member type="way" ref="823860504" role="forward"/>
  <member type="way" ref="310823128" role="forward"/>
  <member type="way" ref="959169839" role="forward"/>
  <member type="way" ref="734006131" role="forward"/>
  <member type="way" ref="30119322" role="forward"/>
  <member type="way" ref="30119319" role="forward"/>
  <member type="way" ref="734003953" role="forward"/>
  <member type="way" ref="734011325" role="forward"/>
  <member type="way" ref="1064558955" role="forward"/>
  <member type="way" ref="918869053" role="forward"/>
  <member type="way" ref="14699432" role="forward"/>
  <member type="way" ref="111994820" role="forward"/>
  <member type="way" ref="111994861" role="forward"/>
  <member type="way" ref="1333763342" role="forward"/>
  <member type="way" ref="111994862" role="forward"/>
  <member type="way" ref="111994864" role="forward"/>
  <member type="way" ref="44097524" role="forward"/>
  <member type="way" ref="763000419" role="forward"/>
  <member type="way" ref="784369390" role="forward"/>
  <member type="way" ref="860645758" role="forward"/>
  <member type="way" ref="860645757" role="forward"/>
  <member type="way" ref="46426135" role="forward"/>
  <member type="way" ref="427316654" role="forward"/>
  <member type="way" ref="427316655" role="forward"/>
  <member type="way" ref="46426133" role="forward"/>
  <member type="way" ref="931566538" role="forward"/>
  <member type="way" ref="897659677" role="forward"/>
  <member type="way" ref="1029330960" role="forward"/>
  <member type="way" ref="163680422" role="forward"/>
  <member type="way" ref="734011326" role="forward"/>
  <member type="way" ref="163680426" role="forward"/>
  <member type="way" ref="163680420" role="forward"/>
  <member type="way" ref="163680417" role="forward"/>
  <member type="way" ref="734011330" role="forward"/>
  <member type="way" ref="45855446" role="forward"/>
  <member type="way" ref="931566533" role="forward"/>
  <member type="way" ref="762702758" role="forward"/>
  <member type="way" ref="755560914" role="forward"/>
  <member type="way" ref="45855462" role="forward"/>
  <member type="way" ref="762702756" role="forward"/>
  <member type="way" ref="45850407" role="forward"/>
  <member type="way" ref="734022250" role="forward"/>
  <member type="way" ref="864579202" role="forward"/>
  <member type="way" ref="45850405" role="forward"/>
  <member type="way" ref="46341199" role="forward"/>
  <member type="way" ref="973697581" role="forward"/>
  <member type="way" ref="727956894" role="forward"/>
  <member type="way" ref="727956895" role="forward"/>
  <member type="way" ref="46341366" role="forward"/>
  <member type="way" ref="733785690" role="forward"/>
  <member type="way" ref="163679862" role="forward"/>
  <member type="way" ref="733785691" role="forward"/>
  <member type="way" ref="163679874" role="forward"/>
  <member type="way" ref="163679865" role="forward"/>
  <member type="way" ref="163679885" role="forward"/>
  <member type="way" ref="163679872" role="forward"/>
  <member type="way" ref="163679883" role="forward"/>
  <member type="way" ref="734640831" role="forward"/>
  <member type="way" ref="734640832" role="forward"/>
  <member type="way" ref="734640827" role="forward"/>
  <member type="way" ref="1066448678" role="forward"/>
  <member type="way" ref="47952494" role="forward"/>
  <member type="way" ref="733785687" role="forward"/>
  <member type="way" ref="47952481" role="forward"/>
  <member type="way" ref="47952500" role="forward"/>
  <member type="way" ref="47952487" role="forward"/>
  <member type="way" ref="161689977" role="forward"/>
  <member type="way" ref="734018052" role="forward"/>
  <member type="way" ref="161689976" role="forward"/>
  <member type="way" ref="734018053" role="forward"/>
  <member type="way" ref="163679886" role="forward"/>
  <member type="way" ref="968702789" role="forward"/>
  <member type="way" ref="968702790" role="forward"/>
  <member type="way" ref="1010275735" role="forward"/>
  <member type="way" ref="163679878" role="forward"/>
  <member type="way" ref="300726827" role="forward"/>
  <member type="way" ref="734667439" role="forward"/>
  <member type="way" ref="14695039" role="forward"/>
  <member type="way" ref="163679877" role="forward"/>
  <member type="way" ref="163679870" role="forward"/>
  <member type="way" ref="727926928" role="forward"/>
  <member type="way" ref="959842731" role="forward"/>
  <member type="way" ref="959842732" role="forward"/>
  <member type="way" ref="727926926" role="forward"/>
  <member type="way" ref="727926927" role="forward"/>
  <member type="way" ref="733096716" role="forward"/>
  <member type="way" ref="734018044" role="forward"/>
  <member type="way" ref="936394456" role="forward"/>
  <member type="way" ref="14633684" role="forward"/>
  <member type="way" ref="1029371212" role="forward"/>
  <member type="way" ref="441952862" role="forward"/>
  <member type="way" ref="727949434" role="forward"/>
  <member type="way" ref="441952859" role="forward"/>
  <member type="way" ref="727926922" role="forward"/>
  <member type="way" ref="727926929" role="forward"/>
  <member type="way" ref="171301135" role="forward"/>
  <member type="way" ref="116702755" role="forward"/>
  <member type="way" ref="116701310" role="forward"/>
  <member type="way" ref="116701330" role="forward"/>
  <member type="way" ref="116701349" role="forward"/>
  <member type="way" ref="116701324" role="forward"/>
  <member type="way" ref="171301129" role="forward"/>
  <member type="way" ref="171301133" role="forward"/>
  <member type="way" ref="742057471" role="forward"/>
  <member type="way" ref="116721989" role="forward"/>
  <member type="way" ref="116721928" role="forward"/>
  <member type="way" ref="171301123" role="forward"/>
  <member type="way" ref="171301163" role="forward"/>
  <member type="way" ref="734950792" role="forward"/>
  <member type="way" ref="723582943" role="forward"/>
  <member type="way" ref="734950788" role="forward"/>
  <member type="way" ref="654460372" role="forward"/>
  <member type="way" ref="171301157" role="forward"/>
  <member type="way" ref="171301146" role="forward"/>
  <member type="way" ref="171301147" role="forward"/>
  <member type="way" ref="734691804" role="forward"/>
  <member type="way" ref="171301159" role="forward"/>
  <member type="way" ref="171301140" role="forward"/>
  <member type="way" ref="960211623" role="forward"/>
  <member type="way" ref="789771643" role="forward"/>
  <member type="way" ref="128413123" role="forward"/>
  <member type="way" ref="128413120" role="forward"/>
  <member type="way" ref="171301151" role="forward"/>
  <member type="way" ref="171301138" role="forward"/>
  <member type="way" ref="1064558270" role="forward"/>
  <member type="way" ref="30615970" role="forward"/>
  <member type="way" ref="30615972" role="forward"/>
  <member type="way" ref="171301132" role="forward"/>
  <member type="way" ref="171301130" role="forward"/>
  <member type="way" ref="734694918" role="forward"/>
  <member type="way" ref="171301141" role="forward"/>
  <member type="way" ref="734694919" role="forward"/>
  <member type="way" ref="171301126" role="forward"/>
  <member type="way" ref="734694929" role="forward"/>
  <member type="way" ref="426754197" role="forward"/>
  <member type="way" ref="734694932" role="forward"/>
  <member type="way" ref="1133346231" role="forward"/>
  <member type="way" ref="1133346232" role="forward"/>
  <member type="way" ref="723250490" role="forward"/>
  <member type="way" ref="315287341" role="forward"/>
  <member type="way" ref="842259562" role="forward"/>
  <member type="way" ref="15111057" role="forward"/>
  <member type="way" ref="171301139" role=""/>
  <member type="way" ref="15111219" role=""/>
  <member type="way" ref="1427230301" role=""/>
  <member type="way" ref="15111226" role=""/>
  <member type="way" ref="171301124" role="forward"/>
  <member type="way" ref="788684362" role="forward"/>
  <member type="way" ref="315287317" role="forward"/>
  <member type="way" ref="315287316" role="forward"/>
  <member type="way" ref="154369450" role="forward"/>
  <member type="way" ref="171301121" role=""/>
  <member type="way" ref="214425291" role=""/>
  <member type="way" ref="214425293" role=""/>
  <member type="way" ref="315287263" role=""/>
  <member type="way" ref="846352922" role=""/>
  <member type="way" ref="315287265" role=""/>
  <member type="way" ref="315287266" role=""/>
  <member type="way" ref="788692635" role=""/>
  <member type="way" ref="426259898" role=""/>
  <member type="way" ref="171301152" role="forward"/>
  <member type="way" ref="314113207" role="forward"/>
  <member type="way" ref="788684395" role="forward"/>
  <member type="way" ref="314111180" role="forward"/>
  <member type="way" ref="314121390" role="forward"/>
  <member type="way" ref="788684386" role="forward"/>
  <member type="way" ref="314113204" role="forward"/>
  <member type="way" ref="314111178" role="forward"/>
  <member type="way" ref="314110590" role="forward"/>
  <member type="way" ref="154369440" role="forward"/>
  <member type="way" ref="154369447" role=""/>
  <member type="way" ref="154369444" role=""/>
  <member type="way" ref="154369441" role=""/>
  <member type="way" ref="15134694" role=""/>
  <member type="way" ref="154369448" role=""/>
  <member type="way" ref="788653927" role="forward"/>
  <member type="way" ref="788653926" role="forward"/>
  <member type="way" ref="30616108" role="forward"/>
  <member type="way" ref="788653924" role="forward"/>
  <member type="way" ref="788653923" role="forward"/>
  <member type="way" ref="30616111" role="forward"/>
  <member type="way" ref="828496283" role="forward"/>
  <member type="way" ref="828120914" role="forward"/>
  <member type="way" ref="788653921" role="forward"/>
  <member type="way" ref="788653922" role="forward"/>
  <member type="way" ref="309634996" role=""/>
  <member type="way" ref="30616085" role=""/>
  <member type="way" ref="828688183" role=""/>
  <member type="way" ref="828688182" role=""/>
  <member type="way" ref="30616087" role=""/>
  <member type="way" ref="154369445" role=""/>
  <member type="way" ref="154369442" role=""/>
  <member type="way" ref="154369446" role=""/>
  <member type="way" ref="154369449" role=""/>
  <member type="way" ref="788694890" role=""/>
  <member type="way" ref="788694888" role=""/>
  <member type="way" ref="154369443" role=""/>
  <member type="way" ref="154369451" role=""/>
  <member type="way" ref="51488745" role=""/>
  <member type="way" ref="364567210" role=""/>
  <member type="way" ref="256185815" role=""/>
  <member type="way" ref="788684390" role=""/>
  <member type="way" ref="788684389" role=""/>
  <member type="way" ref="723250487" role=""/>
  <member type="way" ref="256185814" role=""/>
  <member type="way" ref="645298630" role=""/>
  <member type="way" ref="645298629" role=""/>
  <member type="way" ref="645298618" role=""/>
  <member type="way" ref="645298632" role=""/>
  <member type="way" ref="645298633" role=""/>
  <member type="way" ref="1503648977" role=""/>
  <member type="way" ref="837878153" role=""/>
  <member type="way" ref="837878154" role=""/>
  <member type="way" ref="185830238" role=""/>
  <member type="way" ref="185830304" role=""/>
  <member type="way" ref="57690585" role=""/>
  <member type="way" ref="185830434" role="forward"/>
  <member type="way" ref="437230223" role="forward"/>
  <member type="way" ref="437230218" role="forward"/>
  <member type="way" ref="185830432" role="forward"/>
  <member type="way" ref="837880517" role=""/>
  <member type="way" ref="837880516" role=""/>
  <member type="way" ref="185830343" role=""/>
  <member type="way" ref="649615242" role=""/>
  <member type="way" ref="444837677" role=""/>
  <member type="way" ref="789762352" role="forward"/>
  <member type="way" ref="789762349" role="forward"/>
  <member type="way" ref="57690584" role="forward"/>
  <member type="way" ref="331236395" role="forward"/>
  <member type="way" ref="331236388" role="forward"/>
  <member type="way" ref="789771646" role="forward"/>
  <member type="way" ref="57687959" role="forward"/>
  <member type="way" ref="1147139060" role=""/>
  <member type="way" ref="1083898655" role=""/>
  <member type="way" ref="1147139058" role=""/>
  <member type="way" ref="1147139059" role=""/>
  <member type="way" ref="51488742" role=""/>
  <member type="way" ref="1083898654" role=""/>
  <member type="way" ref="185830397" role="forward"/>
  <member type="way" ref="185830404" role="forward"/>
  <member type="way" ref="185830433" role=""/>
  <member type="way" ref="440532327" role=""/>
  <member type="way" ref="185830294" role=""/>
  <member type="way" ref="185830203" role=""/>
  <member type="way" ref="900462308" role=""/>
  <member type="way" ref="900462306" role=""/>
  <member type="way" ref="900462309" role=""/>
  <member type="way" ref="444493984" role=""/>
  <member type="way" ref="185830426" role="forward"/>
  <member type="way" ref="440691241" role="forward"/>
  <member type="way" ref="440691239" role="forward"/>
  <member type="way" ref="185830416" role="forward"/>
  <member type="way" ref="185830431" role=""/>
  <member type="way" ref="323024687" role=""/>
  <member type="way" ref="51488744" role=""/>
  <member type="way" ref="518029796" role=""/>
  <member type="way" ref="283100853" role=""/>
  <member type="way" ref="283100854" role=""/>
  <member type="way" ref="301025365" role=""/>
  <member type="way" ref="301025364" role=""/>
  <member type="way" ref="323021073" role=""/>
  <member type="way" ref="185830392" role=""/>
  <member type="way" ref="185830395" role=""/>
  <member type="way" ref="323021074" role=""/>
  <member type="way" ref="185830212" role=""/>
  <member type="way" ref="185830293" role=""/>
  <member type="way" ref="185830232" role=""/>
  <member type="way" ref="185830436" role=""/>
  <member type="way" ref="518029797" role=""/>
  <member type="way" ref="518029798" role=""/>
  <member type="way" ref="835883752" role=""/>
  <member type="way" ref="835883751" role=""/>
  <member type="way" ref="835883754" role=""/>
  <member type="way" ref="835883753" role=""/>
  <member type="way" ref="518029799" role=""/>
  <member type="way" ref="518029800" role=""/>
  <member type="way" ref="185830272" role=""/>
  <member type="way" ref="185830391" role=""/>
  <member type="way" ref="518029801" role=""/>
  <member type="way" ref="185830303" role=""/>
  <member type="way" ref="220545035" role=""/>
  <member type="way" ref="287228876" role=""/>
  <member type="way" ref="287228875" role=""/>
  <member type="way" ref="518029802" role=""/>
  <member type="way" ref="797290829" role=""/>
  <member type="way" ref="797290830" role=""/>
  <member type="way" ref="220545056" role="forward"/>
  <member type="way" ref="1147731892" role="forward"/>
  <member type="way" ref="1147731891" role="forward"/>
  <member type="way" ref="220545066" role="forward"/>
  <member type="way" ref="1503339467" role=""/>
  <member type="way" ref="1503339466" role=""/>
  <member type="way" ref="220545040" role=""/>
  <member type="way" ref="185830290" role=""/>
  <member type="way" ref="185830205" role=""/>
  <member type="way" ref="185830398" role="forward"/>
  <member type="way" ref="185830430" role="forward"/>
  <member type="way" ref="1426756905" role=""/>
  <member type="way" ref="185830437" role=""/>
  <member type="way" ref="1306413332" role=""/>
  <member type="way" ref="1306413333" role=""/>
  <member type="way" ref="185660289" role=""/>
  <member type="way" ref="185660288" role=""/>
  <member type="way" ref="51488743" role=""/>
  <member type="way" ref="518029803" role=""/>
  <member type="way" ref="287393614" role=""/>
  <member type="way" ref="834893453" role=""/>
  <member type="way" ref="834893452" role=""/>
  <member type="way" ref="834893449" role=""/>
  <member type="way" ref="834893448" role=""/>
  <member type="way" ref="287393583" role=""/>
  <member type="way" ref="438477026" role=""/>
  <member type="way" ref="518029804" role=""/>
  <member type="way" ref="1306413334" role=""/>
  <member type="way" ref="856494848" role=""/>
  <member type="way" ref="518029805" role=""/>
  <member type="way" ref="856498576" role=""/>
  <member type="way" ref="856498577" role=""/>
  <member type="way" ref="518029806" role=""/>
  <member type="way" ref="1306413335" role=""/>
  <member type="way" ref="1306413336" role=""/>
  <member type="way" ref="840887174" role="forward"/>
  <member type="way" ref="840887173" role="forward"/>
  <member type="way" ref="1218852894" role="forward"/>
  <member type="way" ref="840898595" role="forward"/>
  <member type="way" ref="840898596" role="forward"/>
  <member type="way" ref="300598316" role=""/>
  <member type="way" ref="518029807" role=""/>
  <member type="way" ref="1306377830" role=""/>
  <member type="way" ref="518029809" role=""/>
  <member type="way" ref="185830291" role=""/>
  <member type="way" ref="185830204" role=""/>
  <member type="way" ref="856469520" role=""/>
  <member type="way" ref="857195567" role=""/>
  <member type="way" ref="1372469704" role=""/>
  <member type="way" ref="1086099639" role=""/>
  <member type="way" ref="856469519" role=""/>
  <member type="way" ref="856469518" role=""/>
  <member type="way" ref="856469184" role=""/>
  <member type="way" ref="856469185" role=""/>
  <member type="way" ref="1372469705" role=""/>
  <member type="way" ref="185830213" role=""/>
  <member type="way" ref="185830211" role=""/>
  <member type="way" ref="518029813" role=""/>
  <member type="way" ref="203476756" role="forward"/>
  <member type="way" ref="277839553" role="forward"/>
  <member type="way" ref="203476763" role="forward"/>
  <member type="way" ref="203476769" role="forward"/>
  <member type="way" ref="277839556" role="forward"/>
  <member type="way" ref="203476782" role="forward"/>
  <member type="way" ref="258742509" role=""/>
  <member type="way" ref="1306377831" role=""/>
  <member type="way" ref="518029814" role=""/>
  <member type="way" ref="1306364493" role=""/>
  <member type="way" ref="1306364494" role=""/>
  <member type="way" ref="1306364495" role=""/>
  <member type="way" ref="518034081" role=""/>
  <member type="way" ref="1306364496" role=""/>
  <member type="way" ref="256113314" role=""/>
  <member type="way" ref="256113316" role=""/>
  <member type="way" ref="1306364497" role=""/>
  <member type="way" ref="518034082" role=""/>
  <member type="way" ref="321667189" role=""/>
  <member type="way" ref="1133923787" role=""/>
  <member type="way" ref="518034084" role=""/>
  <member type="way" ref="321667188" role=""/>
  <member type="way" ref="149881573" role=""/>
  <member type="way" ref="518034085" role=""/>
  <member type="way" ref="518034086" role=""/>
  <member type="way" ref="1306359017" role=""/>
  <member type="way" ref="741738947" role=""/>
  <member type="way" ref="741738946" role=""/>
  <member type="way" ref="741738948" role=""/>
  <member type="way" ref="741738949" role=""/>
  <member type="way" ref="741738951" role=""/>
  <member type="way" ref="741738950" role=""/>
  <member type="way" ref="741738953" role=""/>
  <member type="way" ref="741738952" role=""/>
  <member type="way" ref="518034087" role=""/>
  <member type="way" ref="518034088" role=""/>
  <member type="way" ref="518034089" role=""/>
  <member type="way" ref="518034090" role=""/>
  <member type="way" ref="293544720" role=""/>
  <member type="way" ref="293544719" role=""/>
  <member type="way" ref="149881571" role="forward"/>
  <member type="way" ref="493315950" role="forward"/>
  <member type="way" ref="228156042" role="forward"/>
  <member type="way" ref="493315955" role="forward"/>
  <member type="way" ref="149881044" role="forward"/>
  <member type="way" ref="25459496" role="forward"/>
  <member type="way" ref="493315951" role="forward"/>
  <member type="way" ref="228156041" role="forward"/>
  <member type="way" ref="493315952" role="forward"/>
  <member type="way" ref="42744460" role="forward"/>
  <member type="way" ref="149881039" role=""/>
  <member type="way" ref="293544455" role=""/>
  <member type="way" ref="293544457" role=""/>
  <member type="way" ref="321603963" role=""/>
  <member type="way" ref="321603964" role=""/>
  <member type="way" ref="444297197" role=""/>
  <member type="way" ref="676071264" role=""/>
  <member type="way" ref="676071263" role=""/>
  <member type="way" ref="30443655" role=""/>
  <member type="way" ref="662961412" role=""/>
  <member type="way" ref="444298041" role=""/>
  <member type="way" ref="1315826749" role=""/>
  <tag k="name" v="Rodovia Governador Mário Covas"/>
  <tag k="network" v="BR"/>
  <tag k="note" v="BR-101 RJ"/>
  <tag k="ref" v="BR-101"/>
  <tag k="route" v="road"/>
  <tag k="source:name" v="Lei 10.292/01"/>
  <tag k="type" v="route"/>
  <tag k="wikidata" v="Q2877408"/>
  <tag k="wikipedia" v="pt:BR-101"/>
 </relation>
</osm>
